lemma,freq,per_million
ο,913855,137400.96
και,157432,23670.39
σε ο,136878,20580.04
που,123488,18566.81
με,93497,14057.57
για,90554,13615.08
να,85784,12897.89
ή,68316,10271.52
άρθρο,65509,9849.48
από,64178,9649.36
σε,63589,9560.8
στοιχείο,44727,6724.84
οποίος,36495,5487.14
παράγραφος,33405,5022.55
είμαι,33351,5014.43
κανονισμός,30932,4650.72
δεν,28076,4221.31
εε,27279,4101.48
έχω,26975,4055.78
ένας,26850,4036.98
αρχή,25734,3869.19
μου,25731,3868.74
σύμφωνα,25279,3800.78
αυτός,23679,3560.21
αναφέρω,22507,3384.0
κατά,21673,3258.6
πρέπει,20505,3082.99
ως,20494,3081.34
θα,20139,3027.96
πληροφορία,18285,2749.21
οδηγία,18202,2736.73
αξία,17893,2690.27
αγορά,16626,2499.77
αριθ.,16545,2487.59
εν,16129,2425.05
ότι,16060,2414.67
άλλος,15936,2396.03
απαίτηση,15659,2354.38
κράτος,15484,2328.07
μέλος,15313,2302.36
αν,15084,2267.93
μπορώ,15082,2267.63
ευρωπαϊκός,14442,2171.4
πιστωτικός,13790,2073.37
αρμόδιος,13777,2071.42
επιτροπή,13549,2037.13
ποσό,12968,1949.78
περίπτωση,12958,1948.28
σχετικά,12785,1922.26
λαμβάνω,11670,1754.62
αναφορά,11444,1720.64
λόγος,11423,1717.48
κκα,11303,1699.44
προς,11147,1675.99
μην,11046,1660.8
ενεργητικός,11005,1654.64
αφορώ,10910,1640.35
περιλαμβάνω,10785,1621.56
σημείο,10713,1610.73
μέσο,10570,1589.23
κάθε,10364,1558.26
όπως,10350,1556.15
συμβούλιο,10350,1556.15
οντότητα,10337,1554.2
επιχείρηση,10319,1551.49
χρηματοοικονομικός,10286,1546.53
όλος,10247,1540.67
όταν,9975,1499.77
παράρτημα,9951,1496.16
αξιολόγηση,9892,1487.29
μέρος,9759,1467.3
κινδύνου,9758,1467.15
χρηματοπιστωτικός,9705,1459.18
θέση,9553,1436.32
ορίζω,9406,1414.22
λόγω,9329,1402.64
εφαρμογή,8785,1320.85
παρέχω,8755,1316.34
ιδρύμα,8695,1307.32
διαδικασία,8576,1289.43
ημερομηνία,8526,1281.91
κατηγορία,8379,1259.81
εκ,8373,1258.91
σχετικός,8305,1248.68
παρόν,8229,1237.26
ίδρυμα,8222,1236.2
βάσει,8211,1234.55
κεντρικός,8211,1234.55
όσο,8194,1231.99
εφαρμόζω,8073,1213.8
οργανισμός,8072,1213.65
συναλλαγή,7939,1193.65
ακόλουθος,7763,1167.19
κίνδυνος,7704,1158.32
υποχρέωση,7675,1153.96
μέτρο,7641,1148.85
κοινοβούλιο,7616,1145.09
χρησιμοποιώ,7589,1141.03
απόφαση,7552,1135.47
τεχνικός,7487,1125.69
σκοπός,7425,1116.37
οικονομικός,7248,1089.76
διαπραγμάτευση,7169,1077.88
υπόψη,7011,1054.13
βάση,6973,1048.41
δραστηριότητα,6969,1047.81
[,6874,1033.53
τιμή,6869,1032.78
ίδιος,6863,1031.87
προϊόν,6835,1027.66
μεταξύ,6817,1024.96
υπηρεσία,6704,1007.97
παράγραφο,6611,993.98
ώς,6565,987.07
επενδύσεων,6527,981.35
λειτουργία,6521,980.45
εκτός,6520,980.3
εταιρεία,6514,979.4
σύστημα,6488,975.49
προβλέπω,6408,963.46
κεφάλαιο,6344,953.84
τίτλος,6334,952.34
συμφωνία,6291,945.87
υποβάλλω,6270,942.71
ένωση,6177,928.73
υπό,6013,904.07
συμμόρφωση,5933,892.05
διάταξη,5914,889.19
περίοδος,5829,876.41
ζημία,5806,872.95
μόνο,5712,858.82
λογιστικός,5697,856.56
τύπος,5697,856.56
εθνικός,5674,853.1
σ.,5668,852.2
ανοίγμα,5644,848.59
],5563,836.41
παρών,5548,834.16
συνολικός,5498,826.64
γραμμή,5411,813.56
περιουσιακός,5396,811.31
συγκεκριμένος,5392,810.7
χώρα,5349,804.24
εξουσιοδότηση,5338,802.58
εντός,5263,791.31
καθορίζω,5262,791.16
α,5253,789.8
χρήση,5245,788.6
διαχείριση,5166,776.72
καθώς,5142,773.12
τομέας,5106,767.7
εφόσον,4987,749.81
προϋπόθεση,4978,748.46
πλαίσιο,4921,739.89
δεδομένο,4917,739.29
ασφάλεια,4917,739.29
β,4897,736.28
επί,4867,731.77
δικαίωμα,4864,731.32
παροχή,4826,725.6
κεφαλαίου,4802,722.0
συναλλαγών,4786,719.59
εποπτεία,4781,718.84
προκειμένου,4741,712.82
σύμβαση,4652,699.44
σημαντικός,4631,696.29
ισχύω,4536,682.0
ανοιγμάτων,4524,680.2
επίσης,4523,680.05
έτος,4445,668.32
δπχα,4423,665.01
ανοίγματος,4418,664.26
επίπεδο,4330,651.03
θεωρώ,4320,649.53
απαιτώ,4242,637.8
σχέση,4238,637.2
εκδότης,4222,634.79
αντισυμβαλλόμενος,4218,634.19
τμήμα,4214,633.59
υπολογισμός,4180,628.48
μέσω,4138,622.16
μετά,4123,619.91
διασφαλίζω,4119,619.3
κανόνας,4112,618.25
δείκτης,4060,610.43
όρος,4058,610.13
συμπεριλαμβανόμενος,3945,593.14
έγκριση,3883,583.82
ώστε,3882,583.67
τιτλοποίηση,3877,582.92
αριθμός,3819,574.2
προστασία,3797,570.89
αποτέλεσμα,3749,563.67
λογαριασμός,3737,561.87
ειδικός,3724,559.92
κατ’,3714,558.41
τροποποίηση,3684,553.9
εσωτερικός,3684,553.9
κωδικός,3652,549.09
βασικός,3623,544.73
στήλη,3622,544.58
έκθεση,3606,542.17
v.μέρος,3601,541.42
κατασκευαστής,3583,538.72
όριο,3580,538.26
πράξη,3579,538.11
πελάτης,3579,538.11
πρόσωπο,3562,535.56
όπου,3531,530.9
τρόπος,3525,529.99
ιδίος,3494,525.33
πρότυπο,3483,523.68
διάρκεια,3475,522.48
έναντι,3472,522.03
επιτρέπω,3465,520.97
εύλογος,3450,518.72
αποτελώ,3447,518.27
χωρίς,3447,518.27
νομικός,3438,516.91
παραρτήμα,3416,513.61
πιστοληπτικός,3406,512.1
υπάρχω,3384,508.79
διοικητικός,3377,507.74
κεφαλαίο,3372,506.99
πριν,3354,504.28
πεδίο,3348,503.38
εποπτικός,3335,501.43
μέλους,3314,498.27
ομάδα,3314,498.27
υποβολή,3310,497.67
εξασφαλίζω,3308,497.37
εκτελεστικός,3290,494.66
δάνειο,3285,493.91
εξυγίανση,3274,492.26
διακανονισμός,3269,491.5
τουλάχιστο,3249,488.5
είδος,3245,487.9
κριτήριο,3243,487.6
είτε,3240,487.14
ικανότητα,3216,483.54
εδάφιο,3201,481.28
παρούσας,3168,476.32
άδεια,3165,475.87
γ,3136,471.51
ημέρα,3094,465.19
μέσος,3091,464.74
ισολογισμός,3084,463.69
ομίλου,3062,460.38
τόπος,3058,459.78
προσδιορίζω,3057,459.63
ρύθμιση,3052,458.88
αθέτηση,3051,458.73
ανά,2990,449.56
υπόδειγμα,2980,448.05
εγώ,2970,446.55
καλύπτω,2953,443.99
συντελεστής,2947,443.09
σχέδιο,2942,442.34
εξής,2932,440.84
πραγματοποιώ,2932,440.84
αρχικός,2930,440.53
εκτίμηση,2921,439.18
υπόκεινται,2921,439.18
μετοχή,2918,438.73
ανταλλαγή,2906,436.93
χρηματοδότηση,2903,436.48
παραγράφου,2897,435.57
ποιότητα,2879,432.87
μετοχών,2878,432.72
ορισμένος,2874,432.11
προκύπτω,2854,429.11
αντιστάθμιση,2852,428.81
προσέγγιση,2849,428.36
υπολογίζω,2844,427.6
συνθήκη,2838,426.7
ρευστότητα,2838,426.7
συστήματος,2833,425.95
υποκείμενος,2832,425.8
στοιχείου,2816,423.39
νέος,2799,420.84
ιδρύματος,2797,420.54
έγγραφο,2795,420.24
δυνάμει,2790,419.49
προσαρμογή,2787,419.03
έλεγχος,2764,415.58
κοινός,2754,414.07
διαθέσιμος,2742,412.27
κινητός,2737,411.52
γενικός,2737,411.52
δλπ,2731,410.61
φορέας,2721,409.11
αίτηση,2707,407.01
ιδίως,2705,406.71
εμπορικός,2705,406.71
επενδυτικός,2681,403.1
κατάλληλος,2667,400.99
κατ',2667,400.99
τυχόν,2666,400.84
δημόσιος,2663,400.39
μήνας,2651,398.59
συμμετοχή,2642,397.23
δοκιμή,2641,397.08
έκδοση,2620,393.93
αναγκαίος,2611,392.57
μορφή,2607,391.97
εκδίδω,2601,391.07
προτύπων,2583,388.36
ευρώ,2553,383.85
τράπεζα,2550,383.4
πρόσβαση,2525,379.64
επιχειρηματικός,2520,378.89
μέσα,2497,375.43
σχετίζω,2476,372.27
τίτλων,2468,371.07
πληρώ,2457,369.42
μεταβολή,2456,369.27
ορισμός,2426,364.76
αναγνώριση,2415,363.1
τροποποιώ,2409,362.2
εξασφάλιση,2405,361.6
ιδρυμάτων,2401,361.0
κοινοποίηση,2401,361.0
δυνατός,2375,357.09
θυγατρικός,2371,356.49
ενημερωτικός,2367,355.89
αποτίμηση,2349,353.18
αρνητικός,2345,352.58
αντισυμβαλλομένου,2325,349.57
ποσοστό,2316,348.22
αντίστοιχος,2314,347.92
διαθέτω,2311,347.47
επενδυτής,2276,342.2
εκτέλεση,2271,341.45
κεφαλαιακός,2265,340.55
παράγωγα,2246,337.69
οεε,2246,337.69
κατάσταση,2241,336.94
κόστος,2225,334.54
πρόγραμμα,2218,333.48
χρεωστικός,2217,333.33
παραγώγων,2185,328.52
πίνακας,2185,328.52
πληροί,2184,328.37
υποχρεώσεων,2179,327.62
κινδύνων,2168,325.97
ρυθμιστικός,2166,325.66
κείμενο,2156,324.16
αναγνωρίζω,2147,322.81
εοχ,2140,321.76
χαρτοφυλακίου,2108,316.94
δυνατότητα,2100,315.74
εκκαθάριση,2094,314.84
χρονικός,2082,313.04
λειτουργικός,2078,312.43
πολύς,2076,312.13
ενημερώνω,2068,310.93
δεκεμβρίου,2058,309.43
στ,2058,309.43
μείωση,2049,308.07
άνοιγμα,2049,308.07
μητρικός,2046,307.62
ονομαστικός,2030,305.22
βασίζω,2026,304.62
ελέγχου,2024,304.31
προσδιορισμός,2018,303.41
αλλά,2014,302.81
όχημα,2013,302.66
μεγάλος,1997,300.26
χρηματοδοτικός,1995,299.95
σύνολο,1991,299.35
τραπεζικός,1974,296.8
πολιτική,1940,291.69
περιγραφή,1932,290.48
νομοθεσία,1923,289.13
μέθοδος,1915,287.93
υπερβαίνω,1905,286.42
μονάδα,1905,286.42
στάθμιση,1904,286.27
εκείνος,1892,284.47
διαχειριστής,1887,283.72
αντικαθίσταται,1863,280.11
κατ,1861,279.81
τρίτος,1860,279.66
στόχος,1858,279.36
κοινοποιημένος,1849,278.0
1.,1848,277.85
πώληση,1847,277.7
νόμισμα,1844,277.25
φορολογικός,1839,276.5
άσκηση,1835,275.9
εκτ,1832,275.45
συνδέω,1831,275.3
διαφορετικός,1829,275.0
συμμορφώνω,1822,273.94
επιπέδου,1805,271.39
δ,1805,271.39
πληρωμή,1802,270.94
οσεκα,1791,269.28
τεχνολογικός,1791,269.28
γίνομαι,1776,267.03
αντισυμβαλλομένος,1774,266.73
ταμειακός,1770,266.13
βαθμός,1768,265.82
έναρξη,1759,264.47
2015/61,1757,264.17
μηχανισμός,1752,263.42
παράγωγο,1745,262.37
γεγονός,1743,262.07
λήξη,1740,261.61
ετήσιος,1740,261.61
ζητώ,1738,261.31
τέλος,1737,261.16
παρουσιάζω,1731,260.26
αποτελεσματικός,1728,259.81
περιέχω,1725,259.36
διάθεση,1716,258.01
οποιοσδήποτε,1706,256.5
οντοτήτος,1706,256.5
βλέπε,1704,256.2
τέτοιος,1703,256.05
προηγούμενος,1695,254.85
διαφορά,1691,254.25
συμβατικός,1680,252.59
μεταφορά,1674,251.69
ανοίγματα,1674,251.69
εντολή,1669,250.94
κανονιστικός,1663,250.04
σταθμισμένος,1662,249.89
επηρεάζω,1656,248.98
υποδείγμα,1652,248.38
εθνκτ,1649,247.93
δημοσίευση,1645,247.33
1),1642,246.88
c,1634,245.68
πραγματικός,1621,243.72
θεσπίζω,1620,243.57
αποτελεσμάτων,1618,243.27
αντιμετωπίζω,1612,242.37
καθαρός,1594,239.66
ασφαλιστικός,1592,239.36
πρόσθετος,1591,239.21
σύσταση,1582,237.86
δήλωση,1581,237.71
επένδυση,1579,237.41
αρχείο,1578,237.26
εακαα,1578,237.26
ενέργεια,1573,236.51
βαθμίδα,1570,236.05
καταθέσεις,1563,235.0
αλλαγή,1561,234.7
χρόνος,1559,234.4
ασκώ,1556,233.95
οχήμα,1554,233.65
απαραίτητος,1552,233.35
επίσημος,1549,232.9
όχι,1542,231.84
εκτ/,1540,231.54
προσφορά,1536,230.94
φυσικός,1526,229.44
τόκος,1526,229.44
αντιστοιχώ,1521,228.69
μεταβατικός,1521,228.69
συνεργασία,1514,227.63
άμεσα,1510,227.03
εξουσία,1504,226.13
καταγωγή,1504,226.13
δημοσιεύω,1498,225.23
παρακολούθηση,1493,224.48
εντολών,1490,224.03
μελλοντικός,1479,222.37
εξέταση,1477,222.07
παραγράφος,1475,221.77
κατάλογος,1471,221.17
καταρτίζω,1466,220.42
αρχίζω,1464,220.12
όργανο,1453,218.46
πρόκειται,1443,216.96
κάλυψη,1439,216.36
άμεσος,1437,216.06
%,1434,215.61
άθροισμα,1433,215.46
κατανομή,1432,215.31
τούτος,1431,215.16
τελευταίος,1431,215.16
/,1431,215.16
νομοθετικός,1429,214.85
ωστόσο,1427,214.55
απομείωση,1426,214.4
αντικείμενο,1424,214.1
εξοπλισμός,1424,214.1
ισοδύναμος,1413,212.45
καθορισμός,1412,212.3
δελτίο,1410,212.0
εξαίρεση,1407,211.55
κύριος,1405,211.25
καθεστώς,1398,210.19
επιφύλαξη,1397,210.04
αναγνωριστικός,1393,209.44
έννοια,1383,207.94
ανάλογα,1380,207.49
κατόπιν,1374,206.59
περιορισμός,1369,205.83
φύση,1367,205.53
ανάλυση,1366,205.38
κέρδη,1364,205.08
έρευνα,1363,204.93
δηλαδή,1357,204.03
πληρούνται,1357,204.03
εατ,1357,204.03
irb,1349,202.83
επιπλέον,1348,202.68
καταστάση,1348,202.68
κινδύνους,1347,202.53
απαιτούνται,1346,202.38
περί,1344,202.07
αποδεκτός,1343,201.92
ιουνίου,1339,201.32
οικείος,1338,201.17
μόχλευση,1332,200.27
συμμετοχών,1324,199.07
νοείται,1319,198.32
μη,1315,197.71
επιτοκίου,1313,197.41
σειρά,1308,196.66
εμπίπτω,1305,196.21
ενδέχεται,1295,194.71
ισχύος,1288,193.65
εγγύηση,1286,193.35
ανάπτυξη,1282,192.75
πλήρως,1281,192.6
εισαγωγή,1267,190.5
λήψη,1266,190.35
επαρκής,1264,190.05
πέδηση,1262,189.75
κατέχω,1259,189.29
συμψηφισμός,1258,189.14
επιβάλλω,1257,188.99
ηλεκτρονικός,1256,188.84
μετοχικός,1253,188.39
λοιπός,1252,188.24
ενοποιημένος,1251,188.09
προσωπικός,1247,187.49
έως,1245,187.19
αξιολογώ,1241,186.59
αντιμετώπιση,1241,186.59
κύρωση,1225,184.18
ήδη,1224,184.03
υπόκειται,1223,183.88
επίπτωση,1221,183.58
ανάγκη,1221,183.58
ευθύνη,1221,183.58
καθηκόντων,1215,182.68
μετατροπή,1214,182.53
περιγράφω,1214,182.53
επιλογή,1212,182.23
τελικός,1212,182.23
κατασκευαστικός,1212,182.23
χαρτοφυλάκιο,1210,181.93
προθεσμία,1210,181.93
εξασφαλισμένος,1209,181.78
επομένως,1207,181.48
πιστοποιητικό,1206,181.33
κρατικός,1201,180.57
εφαρμόζεται,1201,180.57
ιανουάριος,1196,179.82
πράξεων,1183,177.87
συνέπεια,1178,177.12
παράγραφοι,1178,177.12
της,1177,176.97
δίκαιο,1172,176.21
υπόλοιπος,1171,176.06
ούτε,1171,176.06
διάστημα,1170,175.91
θέτω,1166,175.31
στιγμή,1165,175.16
αναλαμβάνω,1165,175.16
πράξεις,1162,174.71
διατηρώ,1155,173.66
γνώμη,1154,173.51
δομή,1149,172.76
οφείλω,1146,172.3
διεθνής,1145,172.15
θετικός,1145,172.15
επενδύσεις,1144,172.0
ιουλίου,1142,171.7
ρυθμιζόμενη,1141,171.55
προβαίνω,1140,171.4
καθήκον,1137,170.95
πίεση,1133,170.35
διενεργώ,1129,169.75
π.χ.,1127,169.45
επαγγελματικός,1125,169.15
προληπτικός,1124,169.0
ζώνη,1120,168.4
εξωτερικός,1119,168.25
έσοδο,1115,167.64
συμπληρώνω,1111,167.04
ακόμα,1110,166.89
ενιαίος,1104,165.99
ποσών,1099,165.24
υπεύθυνος,1094,164.49
προαίρεση,1091,164.04
εργασία,1089,163.73
συνεπώς,1086,163.28
χαρακτήρας,1080,162.38
τηρώ,1080,162.38
καταγραφή,1076,161.78
ληκτότητα,1076,161.78
περαιτέρω,1075,161.63
εύλογης,1074,161.48
εκτελώ,1071,161.03
νοεμβρίου,1067,160.43
γνωστοποίηση,1060,159.37
ε,1060,159.37
προβλεπόμενος,1055,158.62
προσώπων,1051,158.02
εξετάζω,1050,157.87
πλήρης,1050,157.87
συλλογικός,1048,157.57
εισροή,1043,156.82
μέτρηση,1042,156.67
εξασφαλίσεις,1035,155.62
δελτίου,1033,155.31
συνδεδεμένος,1032,155.16
ομόλογα,1031,155.01
συμφερόντων,1029,154.71
επιτόκιο,1029,154.71
ανήκω,1028,154.56
κυβέρνηση,1028,154.56
μέγιστος,1025,154.11
περιθώριο,1025,154.11
ενότητα,1024,153.96
ελάχιστος,1021,153.51
κοινοποιώ,1021,153.51
διαβάθμιση,1019,153.21
όνομα,1018,153.06
χορήγηση,1018,153.06
δυνητικός,1017,152.91
συμπληρωματικός,1015,152.61
ευρωσυστήματος,1015,152.61
πόσον,1012,152.16
κατάργηση,1006,151.26
υποδείγματα,1006,151.26
κατευθυντήριος,1005,151.1
κεφαλαίων,1002,150.65
συμμετέχω,1001,150.5
μεμονωμένος,995,149.6
αμέσως,992,149.15
συμμετέχων,992,149.15
αποφασίζω,987,148.4
στήλα,981,147.5
…,981,147.5
όγκος,981,147.5
καλυμμένος,981,147.5
των,979,147.2
βρίσκω,979,147.2
τόσο,978,147.05
οχημάτων,977,146.9
επενδυτών,973,146.29
συνταξιοδοτικός,973,146.29
εφημερίδα,972,146.14
εγκρίνω,972,146.14
2.,971,145.99
διασφάλιση,970,145.84
δεσμευτικός,967,145.39
οφειλέτη,965,145.09
του,964,144.94
σώμα,958,144.04
διαφάνεια,957,143.89
μμε,956,143.74
εγγυήσεις,953,143.29
συνδυασμός,951,142.99
υποδοχή,950,142.84
πλην,950,142.84
απόκτηση,949,142.69
εξασφαλίσεων,943,141.78
τον,939,141.18
φορά,937,140.88
εξωχρηματιστηριακός,936,140.73
διάφορος,935,140.58
αμοιβαίος,932,140.13
χαρακτηριστικό,930,139.83
προσωρινός,927,139.38
τίτλου,926,139.23
εμπορευμάτων,924,138.93
γνωστοποιώ,924,138.93
iii,921,138.48
κανένας,919,138.17
ενωσιακός,919,138.17
απόδοση,917,137.87
επαναγορά,916,137.72
παραγωγή,913,137.27
κοινό,912,137.12
ύψος,912,137.12
παρόμοιος,911,136.97
στατιστικός,907,136.37
αναμενόμενος,905,136.07
πλέον,904,135.92
πλαισίου,904,135.92
επικοινωνία,904,135.92
διαβούλευση,904,135.92
ενεργώ,903,135.77
επιλέξιμος,902,135.62
περιορίζω,901,135.47
καταθέσεων,901,135.47
εκπομπή,901,135.47
πρόεδρος,900,135.32
συμφέρον,900,135.32
επιβολή,899,135.17
ζημιών,896,134.72
παράδειγμα,895,134.57
τραπεζών,895,134.57
εγκατεστημένος,895,134.57
δηλώνω,894,134.42
εργάσιμος,890,133.81
διεύθυνση,887,133.36
έξοδο,884,132.91
θεματοφύλακας,884,132.91
παράδοση,883,132.76
σημασία,883,132.76
μεθοδολογία,881,132.46
ουσία,881,132.46
κεφαλαιο,880,132.31
επιμέρος,878,132.01
συνιστώ,878,132.01
πρακτικός,875,131.56
κλίμακα,875,131.56
πάροχος,875,131.56
=,874,131.41
χωριστά,873,131.26
συμπεριλαμβάνω,872,131.11
ενίσχυση,871,130.96
εκπλήρωση,870,130.81
συμβόλαιο,867,130.36
παρόντα,866,130.21
δεσμεύσεις,858,129.0
καθυστέρηση,854,128.4
άρθρος,853,128.25
προορίζω,853,128.25
λεπτομέρεια,852,128.1
διενέργεια,848,127.5
οποιοδήποτε,847,127.35
προβλέψεις,846,127.2
δανειακός,845,127.05
θέμα,843,126.75
ελεγκτής,836,125.7
σύγκρουση,834,125.39
ρυθμιζόμενος,833,125.24
πληροφόρηση,829,124.64
ιι,827,124.34
καταχώριση,827,124.34
παρέκκλιση,827,124.34
εξυπηρετούμενος,826,124.19
μεταβίβαση,823,123.74
απριλίου,822,123.59
δύναμαι,822,123.59
μέχρι,821,123.44
σχεδιασμός,821,123.44
πιθανός,819,123.14
εκτιμώντας,818,122.99
απαιτήσεις,815,122.54
απαιτούμενος,814,122.39
νομισματικός,813,122.24
πολύ,812,122.09
δικαίου,812,122.09
λεπτομερής,809,121.64
υποχρεωτικός,808,121.49
χρηματικός,808,121.49
κοινωνικός,806,121.18
χορηγώ,805,121.03
προτεραιότητα,802,120.58
cet1,802,120.58
πιστοποιητικός,799,120.13
εγκατάσταση,799,120.13
πελατών,796,119.68
ανεξάρτητος,795,119.53
λιανικός,795,119.53
εκκαθαριστικός,793,119.23
όμιλος,792,119.08
ισχύς,791,118.93
προθεσμιακός,791,118.93
μαρτίου,790,118.78
ληκτότητας,790,118.78
ανωτέρω,789,118.63
παρόντας,787,118.33
χρέος,787,118.33
δημιουργώ,786,118.18
μειώνω,786,118.18
δράση,784,117.88
διαβιβάζω,784,117.88
ταμείο,784,117.88
σταθερός,780,117.28
κατατάσσω,776,116.67
φράση,774,116.37
μέγεθος,772,116.07
ενοποίηση,771,115.92
εταιρικός,769,115.62
κατωτέρω,769,115.62
πιο,768,115.47
ροών,768,115.47
συναλλαγματικός,767,115.32
ισχύων,764,114.87
ασφάλιση,764,114.87
επιτυγχάνω,763,114.72
κυκλοφορία,762,114.57
σήμανση,761,114.42
αύξηση,758,113.97
τεκμηρίωση,758,113.97
ατομικός,756,113.67
ι,756,113.67
εξέλιξη,754,113.37
διέπω,753,113.22
τήρηση,752,113.07
ένδειξη,752,113.07
ταξινόμηση,752,113.07
επανεξέταση,751,112.92
δημοσιοποίηση,749,112.61
διατήρηση,749,112.61
ρευστός,747,112.31
φάκελος,747,112.31
τακτικός,746,112.16
το,744,111.86
σταθερότητα,744,111.86
ελέγχω,741,111.41
εναλλακτικός,741,111.41
οδηγώ,739,111.11
χρήστης,738,110.96
μικρός,737,110.81
λειτουργώ,734,110.36
κατάρτιση,733,110.21
πόρος,733,110.21
συχνότητα,731,109.91
παράγοντας,731,109.91
τοπικός,731,109.91
γλώσσα,730,109.76
υποδομή,730,109.76
τυποποιημένος,728,109.46
θέσπιση,727,109.31
περιουσία,727,109.31
αποθέματος,727,109.31
εξακολουθώ,726,109.16
ειδικά,725,109.01
ανεξάρτητα,723,108.71
πρόταση,722,108.55
διευκόλυνση,722,108.55
κατάλληλη,721,108.4
αποκλειστικά,721,108.4
πιθανότητα,720,108.25
καθαρά,719,108.1
ελεγκτικός,719,108.1
ονομασία,717,107.8
χρηματοοικονομικά,715,107.5
καταβάλλω,714,107.35
ροά,714,107.35
καθορισμένος,711,106.9
τράπεζας,710,106.75
αντασφαλιστικός,706,106.15
περιθωρίου,705,106.0
3.,704,105.85
πελατής,704,105.85
καθίσταμαι,703,105.7
χρειάζομαι,703,105.7
συνεχής,703,105.7
απαλλαγή,702,105.55
εξόφληση,702,105.55
υφιστάμενος,701,105.4
κατασκευή,701,105.4
ηλεκτρικός,697,104.8
υψηλής,697,104.8
υγεία,696,104.65
χωριστός,695,104.5
αφαίρεση,695,104.5
μαΐου,691,103.89
πηγή,690,103.74
συμπλήρωση,688,103.44
μεταχείριση,686,103.14
παθητικός,685,102.99
στρατηγική,684,102.84
εγγραφή,684,102.84
οκτώβριος,682,102.54
ενώ,682,102.54
διαχειρίζω,682,102.54
χαρακτηριστικός,682,102.54
ημερών,681,102.39
λογιστική,680,102.24
δημιουργία,679,102.09
γραφείο,677,101.79
κείμενος,676,101.64
περιόδους,676,101.64
νόμιμος,675,101.49
τιτλοποιήσεις,673,101.19
εφαρμοστέος,672,101.04
διεξάγω,671,100.89
σαφής,670,100.74
οργάνος,669,100.59
αίτημα,669,100.59
στάδιο,666,100.14
καταβολή,665,99.98
ρευστής,664,99.83
αργότερο,663,99.68
νόμος,662,99.53
συναλλάγματος,662,99.53
κινητών,660,99.23
συμφωνώ,659,99.08
δανεισμός,659,99.08
ανάκαμψη,659,99.08
ενοποιημένη,658,98.93
δαπάνη,656,98.63
κατοικία,654,98.33
ζ,654,98.33
αντίκτυπος,654,98.33
χειρισμός,653,98.18
συντονισμός,652,98.03
διαβίβαση,651,97.88
ακίνητο,651,97.88
αξιών,650,97.73
κερδών,648,97.43
κοινότητα,644,96.83
ημερολογιακός,644,96.83
βρυξέλλες,642,96.53
φερεγγυότητα,642,96.53
μηχανικός,642,96.53
την,641,96.38
κάποιος,639,96.08
αναστολή,638,95.93
ανώτατο,636,95.62
bad,636,95.62
χαμηλός,635,95.47
άνω,635,95.47
ανάληψη,632,95.02
μέγιστη,632,95.02
προνομιακός,632,95.02
ανάθεση,631,94.87
ταξινομούνται,631,94.87
ενδιαφέρον,630,94.72
ανοχή,630,94.72
συγκέντρωση,628,94.42
σεπτεμβρίου,627,94.27
ποσότητα,627,94.27
επιμετρώνται,623,93.67
παρακολουθώ,622,93.52
μεταβλητότητα,619,93.07
στήριξη,618,92.92
κέρδος,617,92.77
άποψη,616,92.62
τιτλοποιημένος,616,92.62
δικαιώματος,615,92.47
διευκολύνσεις,615,92.47
αξιογράφων,614,92.32
εκφράζω,613,92.17
άρθρα,612,92.02
επωνυμία,611,91.87
συνεισφορά,609,91.57
επιτοκίων,609,91.57
εκροή,609,91.57
προμήθεια,607,91.26
ενδεχόμενος,607,91.26
σχτ,607,91.26
δανείου,606,91.11
εναρμονισμένος,606,91.11
κλινικός,605,90.96
απαιτήσεων,604,90.81
αγοραστής,604,90.81
παραπομπή,603,90.66
υποχρεώσεις,603,90.66
καταστατικός,602,90.51
μεταβιβάζων,602,90.51
μοντέλο,601,90.36
eur,600,90.21
συναφής,599,90.06
δέσμευση,599,90.06
εναπομένων,598,89.91
αποθεματικός,598,89.91
συνοδεύω,596,89.61
συμπεριλαμβανομένου,595,89.46
συστημικός,595,89.46
αφού,593,89.16
ακίνητος,593,89.16
παρόχος,592,89.01
συνέχεια,591,88.86
επεξεργασία,590,88.71
διορθωτικός,589,88.56
ακαθάριστος,589,88.56
απαριθμούνται,588,88.41
ενδιαφερόμενος,586,88.11
πρώτος,585,87.96
δικαιοδοσία,583,87.66
ανταλλάσσω,582,87.51
επιμέτρηση,582,87.51
εναρμόνιση,581,87.36
προκαταβολή,581,87.36
ακεραιότητα,580,87.2
ουσιώδεις,580,87.2
προσάρτημα,580,87.2
υποδείγματος,579,87.05
αποτελεσματικότητα,578,86.9
περιπτώση,578,86.9
2009/65/εκ,577,86.75
αναμένω,575,86.45
ποιος,574,86.3
αποδίδω,574,86.3
σκόπιμος,573,86.15
περιφερειακός,573,86.15
συσκευή,573,86.15
επαρκώς,571,85.85
παραμένω,571,85.85
προδιαγραφή,571,85.85
δύνανται,571,85.85
ιστορικός,570,85.7
lgd,570,85.7
συνάπτω,565,84.95
δικός,565,84.95
επάρκεια,565,84.95
περιεχόμενο,563,84.65
εκθέσεων,563,84.65
καταλληλότητα,563,84.65
παράβαση,562,84.5
διανομή,561,84.35
αγορών,561,84.35
φόρος,560,84.2
αρμοδιότητα,560,84.2
προστίθω,559,84.05
σοβαρός,559,84.05
ολόκληρος,558,83.9
ουσιαστικός,558,83.9
οσε,558,83.9
μοναδικός,557,83.75
εζες,555,83.45
προσφέρω,554,83.3
σωρευτικός,554,83.3
απορρέω,552,82.99
εγκεκριμένος,552,82.99
υποδειγμάτων,552,82.99
προώθηση,551,82.84
ορίων,550,82.69
εκπληρώνω,549,82.54
ανάκληση,548,82.39
ii,547,82.24
κάτω,546,82.09
επίτευξη,546,82.09
κατώτατος,546,82.09
τιτλοποιήσεων,544,81.79
επόμενος,542,81.49
ζωή,542,81.49
εισαγωγέας,542,81.49
τρέχων,541,81.34
παράγω,541,81.34
ώρα,541,81.34
αναλογικός,539,81.04
δανείων,539,81.04
αδυναμία,538,80.89
εισηγμένος,538,80.89
αντικατοπτρίζω,537,80.74
μετρητών,537,80.74
εδώ,536,80.59
αγοραία,535,80.44
περιοδικός,535,80.44
προκαλώ,534,80.29
συγκεκριμένης,534,80.29
ισούται,532,79.99
προέλευση,532,79.99
περιοχή,529,79.54
νχι,529,79.54
εκείνων,528,79.39
ccp,528,79.39
συνόλος,527,79.24
αντιπροσωπεύω,526,79.09
εξαγορά,525,78.94
κρίσιμος,523,78.63
παροχών,519,78.03
δικτυακός,518,77.88
χρηματιστήριο,518,77.88
διασυνοριακός,515,77.43
επενδύω,514,77.28
ρόλος,514,77.28
εξουσιοδοτημένος,514,77.28
δημοσιοποιώ,512,76.98
παρατίθενται,512,76.98
κινητήρας,512,76.98
αποδοχή,511,76.83
4.,510,76.68
ταυτοποίηση,510,76.68
όσος,509,76.53
απευθείας,508,76.38
εσόδων,508,76.38
εκροές,508,76.38
εισάγω,507,76.23
κανονικός,505,75.93
απευθύνω,504,75.78
σημαντικά,504,75.78
διακριτικός,502,75.48
ψήφος,502,75.48
εισφορά,501,75.33
εμπιστευτικός,500,75.18
κατάχρηση,500,75.18
2),500,75.18
πέραν,499,75.03
δεόντως,498,74.88
προσώπος,497,74.73
δίνω,496,74.58
ακραίος,493,74.12
εξαιρούνται,493,74.12
κελί,493,74.12
καθαρής,490,73.67
συνολικά,489,73.52
νομίσματα,489,73.52
διατίθενται,488,73.37
διεθνός,487,73.22
ια,487,73.22
ισοδυναμία,484,72.77
αναλόγως,484,72.77
≤,484,72.77
αποτελείται,483,72.62
ευχέρεια,481,72.32
εδαφίου,481,72.32
έτσι,481,72.32
παύση,481,72.32
συμμετεχόντων,480,72.17
πρόβλεψη,480,72.17
δολάριο,480,72.17
παραγράφων,479,72.02
αναπροσαρμογή,478,71.87
πάσας,478,71.87
μεθόδους,477,71.72
προφίλ,476,71.57
συνεχίζω,476,71.57
ενημέρωση,475,71.42
vii,475,71.42
όρων,474,71.27
επαλήθευση,474,71.27
v,473,71.12
ταυτότητα,473,71.12
επιχειρησιακός,473,71.12
οποιασδήποτε,472,70.97
άνευ,472,70.97
εφαρμοστέο,471,70.82
ισοτιμία,471,70.82
ναι,470,70.67
ελεύθερος,469,70.52
παράγωγος,468,70.37
επειδή,468,70.37
έδρα,468,70.37
αριθμητικός,467,70.21
κανονισμο,467,70.21
λήγω,467,70.21
γραπτός,466,70.06
κατανέμω,466,70.06
διοίκηση,465,69.91
συγκεκριμένα,464,69.76
σημαίνω,464,69.76
αμοιβές,461,69.31
τόπο,460,69.16
εσόδα,460,69.16
οφειλόμενος,460,69.16
υπάγω,459,69.01
εμποδίζω,459,69.01
ταχύτητα,459,69.01
κατάταξη,459,69.01
οργανωτικός,459,69.01
επιδόσεων,458,68.86
αναφερόμενος,458,68.86
δύναται,457,68.71
ανεξαρτήτως,457,68.71
ταυτόχρονα,457,68.71
κινητής,456,68.56
τελώ,456,68.56
σημείου,455,68.41
πλήρους,455,68.41
συμμετοχικός,454,68.26
μεθόδου,453,68.11
επιδόσεις,453,68.11
υλικό,453,68.11
σύγκριση,452,67.96
παραδοχή,452,67.96
διευκρινίζω,451,67.81
δε,450,67.66
επιθεώρηση,450,67.66
συμπέρασμα,450,67.66
παρουσίαση,449,67.51
πολιτικός,449,67.51
κοινοτικός,448,67.36
αναγνωρισμένος,447,67.21
δεδομένα,446,67.06
ακολουθώ,445,66.91
ενδεχομένως,445,66.91
καταχωρίζω,444,66.76
αγοράζω,442,66.46
αρμοδιοτήτων,442,66.46
τροποποιήσεις,442,66.46
ιδίων,441,66.31
διαφόρων,440,66.16
εκατ.,440,66.16
ce,440,66.16
υφίσταμαι,439,66.01
εντοπίζω,439,66.01
γεγονότων,437,65.7
συντελεστός,437,65.7
λοιπών,436,65.55
προσωπικό,436,65.55
εργαλείο,436,65.55
ενεργοποίηση,435,65.4
οχήματος,435,65.4
εφεξής,434,65.25
συστηματικός,434,65.25
εγγράφου,434,65.25
παύω,433,65.1
εξαιροόμενυς,433,65.1
επιχειρηματικότητα,433,65.1
τότε,432,64.95
ζήτημα,432,64.95
αυξάνω,431,64.8
νοούνται,431,64.8
μάζα,431,64.8
πολυπλοκότητα,430,64.65
δεδομένου,430,64.65
χρηματοδοτούμενος,430,64.65
εκμετάλλευση,429,64.5
διαχειριστή,429,64.5
ύπαρξη,428,64.35
κατάθεση,428,64.35
περικοπή,428,64.35
ομολογία,427,64.2
lng,427,64.2
συνήθως,426,64.05
διαφορετικά,426,64.05
επιλέξιμα,425,63.9
διαπίστευση,425,63.9
ευρωπαϊκη,425,63.9
μεριδίων,424,63.75
χρεόγραφο,422,63.45
κρίνομαι,422,63.45
χαρτοφυλάκι,420,63.15
μαπ,420,63.15
σαφώς,419,63.0
πίστωση,419,63.0
ιδιαίτερα,418,62.85
οποιουδήποτε,418,62.85
ενσωματώνω,418,62.85
αποθήκευση,418,62.85
περιπτώσεις,417,62.7
πληρωμά,416,62.55
επιλέγω,415,62.4
ιδιώτης,415,62.4
εκτιμώ,415,62.4
μερικός,415,62.4
κινδυνος,415,62.4
χαρακτηρίζω,414,62.25
συγκεντρωτικός,414,62.25
ληφθούν,413,62.1
ρυμουλκούμενος,413,62.1
λίγο,412,61.95
εμφανίζω,412,61.95
θεσμικός,412,61.95
σύνδεση,412,61.95
1606/2002,411,61.8
υποκείμενο,411,61.8
διεξαγωγή,411,61.8
ποσοτικός,411,61.8
εξεδωσε,411,61.8
παροντα,411,61.8
καλυμμένων,411,61.8
αφαιρούνται,410,61.64
συνεπής,409,61.49
συστατικός,409,61.49
εφαρμοστεί,409,61.49
πωλητής,409,61.49
νομίσματος,409,61.49
ηνωμένος,409,61.49
συνεπάγομαι,408,61.34
υποψήφιος,407,61.19
σύνθετος,406,61.04
εμεκ,406,61.04
ήτοι,405,60.89
μετρήσεων,405,60.89
διαχειρίζομαι,404,60.74
έκτακτος,404,60.74
1095/2010,404,60.74
αντισταθμισμένος,403,60.59
φέρω,402,60.44
επανεξετάζω,402,60.44
απο,402,60.44
διαθεσιμότητα,402,60.44
ταμείου,402,60.44
υποκατηγορία,402,60.44
αναθέτω,401,60.29
σχεδιάζω,401,60.29
πληρωμός,400,60.14
ειδικότερα,400,60.14
τηρεί,400,60.14
καταγράφω,399,59.99
απόθεμα,398,59.84
μέρους,398,59.84
2006/48/εκ,397,59.69
υποκαταστήμα,397,59.69
μαζί,396,59.54
3),395,59.39
υποκατάσταση,395,59.39
μετάδοση,395,59.39
παραλαβή,395,59.39
αντίγραφο,395,59.39
άξονας,395,59.39
πρακτική,394,59.24
προβλέψεων,394,59.24
αποδεικνύω,393,59.09
δημοκρατία,392,58.94
σύντομος,391,58.79
εισοδήματος,391,58.79
σκοπού,391,58.79
παρεχόμενος,390,58.64
5.,390,58.64
δικαιούχος,390,58.64
κοινοπραξία,390,58.64
μονάδων,390,58.64
κεφαλαιαγορά,390,58.64
αναληφθείσες,390,58.64
εντολές,389,58.49
συμβάλλω,388,58.34
στενός,388,58.34
αποκλειστικός,387,58.19
διαγραφή,386,58.04
διαπιστώνω,386,58.04
προέρχω,386,58.04
ανάκτηση,386,58.04
συγκεντρώνω,385,57.89
επικινδυνότητα,385,57.89
ενσωματωθεί,384,57.74
αγοραίος,384,57.74
εγκριθεί,384,57.74
διαχειριστικός,383,57.59
πρόσθετων,383,57.59
ιδιότητα,383,57.59
εικοστός,383,57.59
συσταθεί,382,57.43
ανταγωνισμός,382,57.43
υποθήκη,382,57.43
t2,382,57.43
μακροπρόθεσμος,381,57.28
διαθεσίμων,381,57.28
αναλυτικός,381,57.28
εξοφλητικός,381,57.28
περιβάλλον,380,57.13
βελτίωση,380,57.13
διενεργείται,380,57.13
ελκυστήρας,380,57.13
γενικά,379,56.98
ημερήσιος,379,56.98
κίνηση,379,56.98
οφειλέτης,379,56.98
πορεία,379,56.98
παρά,378,56.83
παραγώγος,377,56.68
λουξεμβούργο,376,56.53
χαρτοφυλακίο,376,56.53
σημείωμα,376,56.53
κατόχος,375,56.38
χρηματαγορά,375,56.38
δαπανών,375,56.38
πωλήσεις,374,56.23
δεικτής,374,56.23
διακυβέρνηση,374,56.23
τραπεζή,374,56.23
ημερή,374,56.23
προσδιορίζονται,373,56.08
ομολόγο,373,56.08
μεικτής,371,55.78
χωριστής,371,55.78
παραρτημα,370,55.63
αντιπρόσωπος,369,55.48
έμμεσα,368,55.33
έμμεσος,368,55.33
βεβαρημένος,368,55.33
προειδοποίηση,367,55.18
κρίση,367,55.18
κατοχή,366,55.03
γνώση,366,55.03
ξένος,366,55.03
εβδομάδα,365,54.88
vi,365,54.88
εντοπισμός,365,54.88
καταγγελία,365,54.88
εξασφαλισμένες,365,54.88
πρόληψη,364,54.73
γεωργικός,364,54.73
συνδεόμενος,363,54.58
τεχνολογία,363,54.58
σύμφωνος,363,54.58
επιβάρυνση,363,54.58
αιτήματος,363,54.58
κατασκευάζω,363,54.58
καθιστώ,361,54.28
αποτελεσματικά,361,54.28
εμπορεύμα,361,54.28
επέκταση,360,54.13
καταναλωτών,360,54.13
υπέρ,359,53.98
15.12.2010,359,53.98
άρτιος,358,53.83
κρίνω,357,53.68
συντήρηση,357,53.68
συλλογή,357,53.68
010,357,53.68
επίσημης,356,53.53
διαφορών,356,53.53
συμβουλή,355,53.38
προσδιορίσει,355,53.38
τροφοδοτικός,355,53.38
εφημερίδας,354,53.23
προτεινόμενος,354,53.23
συγγενής,354,53.23
επαφή,353,53.07
τι,352,52.92
πιστώσεων,352,52.92
οηε,352,52.92
2017/2402,352,52.92
έγκαιρος,351,52.77
ανοικτές,351,52.77
δάνεια,350,52.62
λαμβανομένων,350,52.62
σκέλος,349,52.47
εσωτερικό,348,52.32
μερίδιο,348,52.32
ελήφθησαν,348,52.32
μικρότερη,347,52.17
μεταβολών,347,52.17
λύση,347,52.17
εκροών,347,52.17
λιανική,347,52.17
συνήθης,346,52.02
αδικαιολόγητος,346,52.02
συντάσσω,345,51.87
οργάνωση,345,51.87
συμβαλλόμενος,344,51.72
αντίστοιχα,344,51.72
οντοτήτων,344,51.72
υποχρεούται,342,51.42
ενδιάμεσος,342,51.42
πείρα,342,51.42
υψηλότερο,342,51.42
ορθή,342,51.42
εκρηκτικός,342,51.42
μέρει,341,51.27
καταναλωτής,341,51.27
πμδ,341,51.27
αναφερθεί,340,51.12
αναφορικά,340,51.12
κύκλος,340,51.12
ανακοίνωση,338,50.82
ραδιοεξοπλισμός,338,50.82
ακόλουθων,337,50.67
εξαιρετικά,337,50.67
πρόσφατος,336,50.52
αιτήμα,336,50.52
εγγυήσεων,334,50.22
τυποποιώ,334,50.22
στρατηγικός,334,50.22
ποινικός,334,50.22
αμοιβή,333,50.07
παραβάσεις,333,50.07
προηγουμένως,333,50.07
ιούλιος,332,49.92
αφερεγγυότητα,332,49.92
ιβ,332,49.92
προσεγγίσεις,331,49.77
συνδρομή,331,49.77
φύλαξη,331,49.77
δομημένος,331,49.77
εσσκ,331,49.77
διαφέρω,330,49.62
αντικατάσταση,330,49.62
αποζημίωση,329,49.47
διαβαθμίσεων,329,49.47
έργο,329,49.47
χώρος,328,49.32
συναφή,327,49.17
διακοπή,327,49.17
ava,327,49.17
προσαρμόζω,326,49.02
συνεργάζω,326,49.02
μεταβιβάζω,325,48.86
εμπιστευτικότητα,325,48.86
κυβερνήσεων,325,48.86
ενοποιημένες,324,48.71
φεβρουάριος,324,48.71
επιβεβαιώνω,324,48.71
συμπλήρωμα,323,48.56
τη,323,48.56
παραπέμπω,322,48.41
εξαιρέσεις,322,48.41
μητρώο,322,48.41
αγαθό,322,48.41
αποταμιευτής,322,48.41
ροή,321,48.26
θ,321,48.26
τοποθέτηση,321,48.26
προτύπου,321,48.26
προτείνω,320,48.11
υποχρεούμαι,320,48.11
διενεργούνται,320,48.11
διάρθρωση,319,47.96
οποιεσδήποτε,319,47.96
αναλογία,319,47.96
εμφάνιση,319,47.96
εξαρτάται,318,47.81
μετρητό,317,47.66
πτυχή,317,47.66
συνάδω,317,47.66
συνετός,317,47.66
διευκολύνω,316,47.51
μετόχος,316,47.51
μεγέθος,316,47.51
προστίθενται,316,47.51
κινδυνο,316,47.51
εοπα,316,47.51
προωθώ,315,47.36
εκδώσει,315,47.36
επιστροφή,315,47.36
εξόδων,314,47.21
κάτοχος,314,47.21
χρησιμοποιηθούν,313,47.06
απόλυτος,313,47.06
δικτύου,312,46.91
παράταση,312,46.91
επίδραση,311,46.76
στελέχη,310,46.61
εμπορεύματος,310,46.61
2β,310,46.61
ακινήτων,309,46.46
μεταβλητή,309,46.46
σύνθεση,308,46.31
απώλεια,308,46.31
διακρατούνται,308,46.31
ομολόγος,308,46.31
οριζόμενος,307,46.16
αποπληρωμή,307,46.16
περισσότερων,307,46.16
ιδιοκτησία,306,46.01
isin,306,46.01
θέσεις,306,46.01
απλός,305,45.86
επικύρωση,305,45.86
ανακοινώνω,305,45.86
σχεδίων,305,45.86
ευρωσύστημα,305,45.86
αυστηρός,304,45.71
δέσμη,304,45.71
περιστάσεις,304,45.71
ανεξαρτησία,304,45.71
ενέχω,304,45.71
ιανουαρίου,303,45.56
δημοσίου,303,45.56
βλάβη,303,45.56
πρωτοβουλία,302,45.41
συνιστώσα,302,45.41
αρχικά,302,45.41
συμπεριφορά,302,45.41
σενάριο,302,45.41
εξαιρετικός,302,45.41
αντιστοίχιση,302,45.41
iso,302,45.41
θίγω,301,45.26
κανονισμου,301,45.26
αντί,300,45.11
αναβαλλόμενος,300,45.11
εποπτικής,300,45.11
κάνω,299,44.96
μερίδια,299,44.96
διαφανής,299,44.96
ανάλογος,299,44.96
άρθρου,299,44.96
επαληθεύω,299,44.96
030,299,44.96
δικαστικός,297,44.65
ότου,297,44.65
παράνομος,297,44.65
διευθυντικός,296,44.5
περιορισμένος,296,44.5
αντισταθμίσεις,296,44.5
μεταβολές,296,44.5
χρεογράφων,296,44.5
εισροές,296,44.5
διανομέας,296,44.5
δανείο,295,44.35
ελάχιστη,295,44.35
εισπρακτέος,295,44.35
σκέψη,294,44.2
id,294,44.2
γνωρίζω,293,44.05
παραγόντων,293,44.05
εισαχθεί,293,44.05
υπόθεση,293,44.05
σήμα,293,44.05
2003/71/εκ,292,43.9
ενδείκνυται,292,43.9
επιλέξιμων,292,43.9
εκδοθεί,292,43.9
εύρυθμος,292,43.9
ουσιώδη,292,43.9
γνωστός,292,43.9
αποσβεσμένο,292,43.9
αποκτώ,291,43.75
απαγορεύω,291,43.75
συμβουλευτικός,291,43.75
επιτόπιος,291,43.75
δύναμη,291,43.75
αντικυκλικός,291,43.75
χειραγώγηση,290,43.6
αποσκοπώ,290,43.6
κοινοποιούνται,290,43.6
εκδόθηκε,290,43.6
νομισμάτων,290,43.6
τίθεται,289,43.45
προϋποθέσεων,289,43.45
σελίδα,289,43.45
επιβεβαίωση,289,43.45
εγκρίνων,289,43.45
ανατεθεί,288,43.3
εισόδημα,288,43.3
δανειοδοσία,288,43.3
παραρτημάτων,288,43.3
επικράτεια,287,43.15
διαγράφω,287,43.15
αντασφάλιση,287,43.15
ζήτηση,287,43.15
επαναπώληση,287,43.15
χρονοδιάγραμμα,285,42.85
υποστήριξη,285,42.85
υπεραξία,285,42.85
περιλαμβανομένων,284,42.7
νομικά,284,42.7
ρυθμίσεις,284,42.7
συμφεροντούχων,284,42.7
κλάδος,283,42.55
καταλήγω,282,42.4
βραχυπρόθεσμος,282,42.4
εξαρτώνται,282,42.4
διατηρούνται,282,42.4
αποφυγή,282,42.4
είσπραξη,281,42.25
οικονομία,281,42.25
επικουρικός,281,42.25
):,281,42.25
διατίθω,280,42.1
2α,280,42.1
άτομο,280,42.1
αιτούντος,280,42.1
δοθεί,279,41.95
εσκτ,279,41.95
ομαλός,279,41.95
αντιστοίχως,279,41.95
εσωτερικοποιημένο,279,41.95
αναλύω,278,41.8
καθίστανται,278,41.8
ποιοτικός,278,41.8
γεωγραφικός,277,41.65
ηπα,277,41.65
μίσθωση,277,41.65
2002/87/εκ,277,41.65
765/2008,277,41.65
δανειοληψία,276,41.5
ακρίβεια,276,41.5
υψηλό,276,41.5
επιλέξει,276,41.5
δπχπ,276,41.5
αριθ.ς,276,41.5
σημειώνω,275,41.35
χορηγούνται,275,41.35
τίθενται,275,41.35
υλοποίηση,275,41.35
ανανέωση,275,41.35
διερμηνεία,275,41.35
παρατηρήσεις,275,41.35
αδειοδότηση,275,41.35
εξασφαλίση,275,41.35
αντικειμενικός,274,41.2
όμως,274,41.2
πλευρά,274,41.2
εκκαθαρίζω,274,41.2
ενεργητικου,274,41.2
διακανονίστηκαν,274,41.2
εποπτεύουσα,273,41.05
μόλις,273,41.05
υποκατάστημα,273,41.05
διότι,272,40.9
κανονισμού·,272,40.9
κερδοφορία,272,40.9
παρατίθω,272,40.9
ίση,271,40.75
ημερός,271,40.75
εναλλακτικών,271,40.75
διαχρονικός,271,40.75
6.,270,40.6
ασφαλεία,270,40.6
κατανάλωση,270,40.6
αποφεύγω,269,40.44
χονδρικός,269,40.44
συνάλλαγμα,269,40.44
αφετέρου,269,40.44
μεικτός,269,40.44
συν,268,40.29
ιγ,268,40.29
ρήτρα,268,40.29
προσαρμογές,268,40.29
οφέλη,268,40.29
αναχρηματοδότηση,268,40.29
διακρατούμενα,268,40.29
ανάδοχος,268,40.29
ούτως,267,40.14
τεκμηριώνω,267,40.14
επιθυμώ,267,40.14
παρεπόμενος,267,40.14
περιλαμβανόμενος,266,39.99
εκδόθηκαν,266,39.99
ακαθάριστη,265,39.84
εύρος,265,39.84
απειλή,265,39.84
αφενός,265,39.84
παρεμβάλλεται,264,39.69
εμπιστοσύνη,264,39.69
ολοκληρώνω,264,39.69
αντισταθμίζω,264,39.69
ετερογενής,264,39.69
κυρίως,263,39.54
τα,263,39.54
εφικτός,263,39.54
μειοψηφία,263,39.54
πιστοδοτήσεις,263,39.54
at1,263,39.54
έδαφος,262,39.39
ελεγχόμενος,262,39.39
χρηματιστηριακός,262,39.39
προσωρινά,262,39.39
rapex,262,39.39
εναλλακτικά,261,39.24
2016/101,261,39.24
διακανονίζω,260,39.09
επιμέλεια,260,39.09
αποτιμώνται,260,39.09
χορηγεί,259,38.94
τομεακός,259,38.94
προτού,259,38.94
άλλα,259,38.94
παρεμβάλλω,258,38.79
χρησιμοποίηση,258,38.79
ονομαστική,258,38.79
κυριότητα,258,38.79
εύκολα,257,38.64
ανατίθενται,257,38.64
εκδόσεις,257,38.64
διαχωρισμός,257,38.64
τοις,257,38.64
θερμοκρασία,257,38.64
i.,257,38.64
αφαιρέσεις,257,38.64
εγγυητής,256,38.49
όφελος,256,38.49
μερών,256,38.49
μηδενικός,256,38.49
αποκατάσταση,256,38.49
ανοιγματων,256,38.49
φεβρουαρίου,255,38.34
συνοχή,255,38.34
km,255,38.34
αντικαθίστανται,254,38.19
συνεδρίαση,254,38.19
αιτών,254,38.19
εποπτεύω,254,38.19
πιστοποίηση,254,38.19
κορόνα,254,38.19
ολοκλήρωση,253,38.04
ιδιωτικός,253,38.04
αυτόματος,253,38.04
συσχετίσεων,253,38.04
ηε,253,38.04
έκταση,252,37.89
αρμοδίος,252,37.89
υπομνηματικός,252,37.89
συνεπάγω,251,37.74
αβεβαιότητα,251,37.74
αποδέκτης,251,37.74
αποσύρω,251,37.74
συσχέτιση,251,37.74
παρακάτω,251,37.74
εργαζόμενος,251,37.74
απαγόρευση,251,37.74
συμμετέχοντα,251,37.74
ιδιαίτερος,250,37.59
πάγιος,250,37.59
μεταφέρω,250,37.59
γραμμός,250,37.59
στεγαστικός,250,37.59
φάση,249,37.44
έλλειψη,249,37.44
συντρέχω,249,37.44
πόσο,249,37.44
περιπτώσεων,249,37.44
παραβίαση,249,37.44
περιληπτικός,249,37.44
συμβολαίου,249,37.44
μειωμένος,249,37.44
ό,249,37.44
σκόπιμο,249,37.44
κατευθυντήρια,249,37.44
δημοπρασία,249,37.44
μορφότυπο,249,37.44
μόνιμος,248,37.29
οποιονδήποτε,248,37.29
προσφυγή,248,37.29
βαρών,248,37.29
εκφρασμένος,248,37.29
",",248,37.29
διά,248,37.29
εμπειρία,247,37.14
καθημερινός,247,37.14
δοχείο,247,37.14
οριστικός,246,36.99
ληφθείσες,246,36.99
έντυπο,245,36.84
εμπειρογνωμόνων,245,36.84
έμμεση,245,36.84
δασικός,245,36.84
προσώπου,244,36.69
αφαιρείται,244,36.69
διάκριση,243,36.54
παγκόσμιος,243,36.54
αποστολή,243,36.54
εξυγίανσης,243,36.54
μεθόδα,242,36.39
όλες,242,36.39
εξακρίβωση,242,36.39
φάσμα,241,36.24
ρευστοποίηση,241,36.24
σύγκλιση,241,36.24
ανοιχτός,241,36.24
δεσμεύσεων,241,36.24
εις,241,36.24
επιστολή,240,36.08
ακύρωση,240,36.08
επικαιροποίηση,240,36.08
αναβαλλόμενες,240,36.08
236/2012,240,36.08
εξυπηρετούμενων,240,36.08
παράλληλα,239,35.93
μάρτιος,239,35.93
εγκατεστημένοι,239,35.93
κάτοικος,239,35.93
πάνω,239,35.93
εγκατεστημένη,239,35.93
αναγράφω,239,35.93
τμημα,239,35.93
αιτώ,239,35.93
αξιόπιστος,238,35.78
εμπειρογνώμονας,238,35.78
στο,238,35.78
μείον,238,35.78
πραγματοποίηση,237,35.63
παραρτήματα,237,35.63
αιτιολογώ,237,35.63
προκαθορισμένος,237,35.63
σφάλμα,237,35.63
αποδεκτά,237,35.63
δεδομένος,236,35.48
υψηλός,236,35.48
μεταβάλλω,236,35.48
ρητά,236,35.48
υλικός,236,35.48
εισροών,236,35.48
συνοπτικός,235,35.33
κλεισίματος,235,35.33
τροποποιημένος,235,35.33
εκάστοτε,234,35.18
άλλονς,234,35.18
εκδοτών,234,35.18
αποστέλλω,234,35.18
λοιπά,234,35.18
τροποποιήσεων,233,35.03
εκτιμώμενος,233,35.03
αποτυπώνω,233,35.03
ζεύξη,233,35.03
σαφήνεια,232,34.88
ουσιαστικά,232,34.88
τις,232,34.88
χωριστών,232,34.88
ανοίγματο,232,34.88
τρόπου,231,34.73
ταμείος,231,34.73
κοινοποιών,231,34.73
συμψηφιστικός,230,34.58
αποθεματικά,230,34.58
φυτό,230,34.58
οεστ,230,34.58
εικόνα,229,34.43
διατυπώνω,229,34.43
διαπραγματεύσιμα,229,34.43
βάρος,228,34.28
συμβαίνω,228,34.28
συγκρίσιμος,227,34.13
δικαστήριο,227,34.13
αιτιολόγηση,227,34.13
αναπτύσσω,225,33.83
αποφευχθεί,225,33.83
διαφοροποίηση,225,33.83
καλός,225,33.83
εμπλέκω,225,33.83
νοικοκυριά,225,33.83
επιβαρύνσεις,224,33.68
περιβαλλοντικός,224,33.68
τάση,224,33.68
συντάξεων,224,33.68
ταξινομηθεί,224,33.68
12.6.2014,224,33.68
μοδ,224,33.68
καλά,223,33.53
διαπραγματευτής,223,33.53
περιόδων,223,33.53
υπέρβαση,223,33.53
τμημάτων,223,33.53
μεγαλύτερος,223,33.53
σύναψη,223,33.53
αναδιάρθρωση,223,33.53
mm,223,33.53
μεικτή,222,33.38
δεύτερος,222,33.38
ενδεδειγμένος,222,33.38
αλυσίδα,222,33.38
κατευθυντήριο,222,33.38
εκδότρια,222,33.38
περιφέρεια,222,33.38
συμβουλιο,221,33.23
εμπορίου,221,33.23
κατοίκων,221,33.23
πώς,221,33.23
συσκευασία,221,33.23
ίδρυση,220,33.08
δίκτυο,220,33.08
αναντιστοιχία,220,33.08
επισήμανση,220,33.08
εκτιμητής,220,33.08
μικρότερος,219,32.93
προοπτική,219,32.93
άρνηση,219,32.93
επιφάνεια,219,32.93
2004/39/εκ,218,32.78
συγχώνευση,218,32.78
πρόσθετες,218,32.78
ευρωπαϊκης,217,32.63
αναλογικότητα,217,32.63
διεθνών,217,32.63
προτίθω,217,32.63
υποστηρίζω,217,32.63
διορθώσεις,217,32.63
ανθρώπινος,217,32.63
ιατροτεχνολογικός,217,32.63
μεταγενέσς,216,32.48
εγκαίρως,216,32.48
διορισμός,216,32.48
ιδ,216,32.48
πληρούται,216,32.48
καθορισμένη,216,32.48
εμπορία,215,32.33
ακόλουθοι,215,32.33
v.,215,32.33
πολυμερής,215,32.33
ανταποκρίνω,214,32.18
παράσχει,214,32.18
παραρτήματο,214,32.18
μετάβαση,214,32.18
επισημαίνω,214,32.18
δ.λ.π,214,32.18
κυβερνήσεα,214,32.18
κατανομη,214,32.18
εταε,214,32.18
καθιερώνω,213,32.03
ειδών,213,32.03
λεπτομερώς,213,32.03
αποδείξει,213,32.03
πιστωτικος,213,32.03
τρέχονς,212,31.87
δέουσα,212,31.87
ενεργειακός,212,31.87
επεξηγηματικός,211,31.72
έπειτα,211,31.72
επιτρεπόμενος,211,31.72
πυλώνας,211,31.72
ατ1,211,31.72
μεριμνώ,210,31.57
μειώσεις,210,31.57
πεδ,210,31.57
καταστατικό,209,31.42
κυμαινόμενου,209,31.42
επιτήρηση,209,31.42
διαμεσολαβητής,209,31.42
μετριασμός,209,31.42
ομολόγων,209,31.42
συνίσταται,208,31.27
διαμόρφωση,208,31.27
διαστήματος,208,31.27
αναγράψτε,208,31.27
επικεφαλής,208,31.27
σωλήνωση,208,31.27
επιμετρούμενα,208,31.27
προσπάθεια,207,31.12
κλάση,207,31.12
διεθνές,207,31.12
όψη,207,31.12
συλλέγω,207,31.12
πληροφοριακός,206,30.97
οφέλος,206,30.97
μετοχές,206,30.97
πωλώ,206,30.97
δεδουλευμένος,206,30.97
ανοικτός,206,30.97
προβλεφθεί,206,30.97
ευρώπη,206,30.97
εο,206,30.97
επίδοση,205,30.82
υιοθετώ,205,30.82
ακολούθως,205,30.82
αποδεικτικός,205,30.82
εισφορή,205,30.82
χρηστής,205,30.82
εισόδου,204,30.67
ενδεχόμενο,204,30.67
ταμιακός,204,30.67
επιλεξιμότητα,204,30.67
κατανόηση,203,30.52
αναθεώρηση,203,30.52
τελευταία,203,30.52
ζημιογόνος,203,30.52
εγκαταστάση,203,30.52
ρυθμίζω,202,30.37
εμπορεύσιμος,202,30.37
εαα,202,30.37
επιδιώκω,201,30.22
τους,201,30.22
μεριδιούχος,201,30.22
usd,201,30.22
βελτιώνω,200,30.07
κινδυνου,200,30.07
κίνητρο,200,30.07
αλγοριθμικός,200,30.07
πρωταρχικός,199,29.92
δείχνω,199,29.92
εποπτευόμενος,199,29.92
ανελκυστήρης,199,29.92
mkr,199,29.92
απόσυρση,198,29.77
ετησίως,198,29.77
φακέλου,198,29.77
οδηγός,198,29.77
απαλλάσσω,197,29.62
μητρώου,197,29.62
τυποποιημένη,197,29.62
υιοθέτηση,196,29.47
καλυπτόμενος,196,29.47
αναδοχή,196,29.47
περιλαμβανομένης,196,29.47
συνδυασμένος,196,29.47
οριακός,195,29.32
ελλείψει,195,29.32
πρόθεση,195,29.32
αμφότερος,195,29.32
αποφαση,195,29.32
οργανωμένος,195,29.32
δοκιμών,195,29.32
ορίζοντας,194,29.17
ανάμεσα,194,29.17
παρέμβαση,194,29.17
τους·,194,29.17
γνωστοποιήσεις,194,29.17
προβασικός,194,29.17
οικονομικό,193,29.02
ελεγμένος,193,29.02
εκτιμήσεων,193,29.02
δεσμός,193,29.02
επιστημονικός,193,29.02
αξιοπιστία,193,29.02
ελήφθη,193,29.02
πιστώσεις,193,29.02
συνεκτικός,193,29.02
χρες,193,29.02
δ.π.χ.α,193,29.02
συμφέροντος,192,28.87
αποτρέπω,192,28.87
προαιρετικός,192,28.87
αντάλλαγμα,192,28.87
ασφαλίσεων,192,28.87
1126/2008,192,28.87
εεα,192,28.87
ιεσπ,192,28.87
rwa,192,28.87
κοινοπόιηση,191,28.72
σταθεροποίηση,191,28.72
μερίδι,191,28.72
ουσιωδών,191,28.72
αμελλητί,191,28.72
4),191,28.72
αυγούστου,191,28.72
μακρά,191,28.72
χώρο,190,28.57
μοντέλος,190,28.57
χαρακτηρισμός,190,28.57
ενσωμάτωση,190,28.57
υστέρων,190,28.57
άμεσης,190,28.57
απόσβεση,190,28.57
διαδοχικός,190,28.57
εισπράττω,189,28.42
συγκατάθεση,189,28.42
υπερβολικός,189,28.42
πτώχευση,189,28.42
9.,189,28.42
γνωμοδότηση,189,28.42
ηλεκτρολογικός,189,28.42
περιστάση,188,28.27
γνωστοποιούνται,188,28.27
συμμετοχέ,188,28.27
εντούτοις,188,28.27
εργαζομένους,188,28.27
μερίσματα,188,28.27
ομίλων,188,28.27
εφεδρικός,188,28.27
κοινοποιημένο,188,28.27
ενδοομιλικός,188,28.27
εισαγωγικός,187,28.12
επιμετράται,187,28.12
αντανακλά,187,28.12
τεχνική,187,28.12
υψηλότερη,187,28.12
επιπροσθέτως,186,27.97
ελάχιστα,186,27.97
επαγγελματίας,186,27.97
αερίου,186,27.97
πίνακες,186,27.97
προσεγγίσεων,185,27.82
παρουσία,185,27.82
εγγράφω,185,27.82
ανατίθεται,185,27.82
ακριβής,184,27.66
παραπλανητικός,184,27.66
τιμολόγηση,184,27.66
συμβουλών,184,27.66
εσωτερικοποιητή,184,27.66
φορτίο,184,27.66
του·,183,27.51
ζητείται,183,27.51
δικαιώματα,183,27.51
τεκμηριωμένος,183,27.51
κεφαλαιοποίηση,183,27.51
θεωρηθούν,183,27.51
χορηγηθεί,183,27.51
επομένη,183,27.51
εααες,183,27.51
ουσιώδης,182,27.36
2002,182,27.36
σκοπεύω,182,27.36
εγκρίσεις,182,27.36
τάξη,182,27.36
προτύπος,182,27.36
πρόοδος,182,27.36
άμεσες,182,27.36
βέλτιστος,181,27.21
επαρκώ,181,27.21
στηρίζω,181,27.21
οικονομικής,181,27.21
καθιέρωση,181,27.21
ποικιλία,181,27.21
αντικειμένο,181,27.21
σύνταξη,181,27.21
διατεθεί,181,27.21
πιστωτής,181,27.21
οργανωμένη,181,27.21
κώδικας,181,27.21
διόρθωση,181,27.21
διαδρομή,181,27.21
2019,181,27.21
ιούνιος,180,27.06
δείγμα,180,27.06
απορρόφηση,180,27.06
άλλες,180,27.06
εξαρτήμα,180,27.06
ανελκυστήρας,180,27.06
διαπραγματεύσιμος,179,26.91
προετοιμασία,179,26.91
απόσταση,179,26.91
αποτελούνται,179,26.91
βασίλειο,179,26.91
575/2013·,179,26.91
ύστερα,178,26.76
ανταποκρίνομαι,178,26.76
εγγυημένος,178,26.76
καθεμία,178,26.76
δανειστής,178,26.76
πολλαπλασιάζω,178,26.76
λέξη,177,26.61
θεσπίσει,177,26.61
τρίμηνος,177,26.61
γαλα,177,26.61
τριμηνιαία,177,26.61
ειδοποίηση,177,26.61
μεσαίος,177,26.61
ελαστικός,177,26.61
eeb,177,26.61
διευκολυνθεί,176,26.46
κύκλου,176,26.46
οποιωνδήποτε,176,26.46
εμπόρευμα,176,26.46
υλικού,176,26.46
διάδοση,175,26.31
ευρύς,175,26.31
προσόν,175,26.31
συντελεστή,175,26.31
όποιος,175,26.31
αξιολογούμενος,175,26.31
συσκευών,175,26.31
εφαρμόζομαι,174,26.16
δημοσιοποιούνται,174,26.16
συμβάν,174,26.16
ενδιάμεση,173,26.01
ιστ,173,26.01
αναστέλλω,173,26.01
ανώτατος,173,26.01
παραμέτρων,173,26.01
στενά,173,26.01
υψηλού,173,26.01
τόπου,173,26.01
μετασυναλλακτικός,173,26.01
συχνά,172,25.86
μέτοχος,172,25.86
επιρροή,172,25.86
αιτιολογημένος,172,25.86
στελεχών,172,25.86
συγκριτικός,172,25.86
επιτόκια,172,25.86
εμπόδιο,172,25.86
ιαπωνία,172,25.86
συντονίζω,172,25.86
αέριο,172,25.86
συμμόρφωσή,172,25.86
εμπορικά,172,25.86
βασιλεία,171,25.71
προσοχή,171,25.71
ιε,171,25.71
ευλόγως,171,25.71
διαχωρίζω,171,25.71
αναπαραγωγή,171,25.71
καθ',171,25.71
ανακαλώ,171,25.71
lir,171,25.71
προσαρμοσμένη,170,25.56
ενεργός,170,25.56
άυλα,170,25.56
ολοκληρωμένος,170,25.56
γνώσεις,170,25.56
επόμενων,170,25.56
υπολοίπων,169,25.41
κοινοποιείται,169,25.41
προ,169,25.41
δανειολήπτης,169,25.41
πωλήσεων,168,25.26
τέταρτος,168,25.26
προσαρμογών,168,25.26
συναίνεση,168,25.26
βεβαίωση,168,25.26
πληθωρισμός,168,25.26
εξελίξεων,168,25.26
επίβλεψη,168,25.26
εκεί,168,25.26
πληρότητα,168,25.26
i,168,25.26
παρτίδα,168,25.26
αποθετήριο,168,25.26
διαγνωστικός,168,25.26
cds,168,25.26
ανάδοχη,168,25.26
καε,167,25.11
υφίστανται,167,25.11
ασκούνται,167,25.11
γραπτώς,167,25.11
ονόματός,167,25.11
παραβιάζω,167,25.11
ενεργειών,167,25.11
συνεχιζόμενος,167,25.11
έγκυρος,167,25.11
επεξήγηση,167,25.11
ανεξόφλητος,167,25.11
έμμεσες,167,25.11
αντισυμβαλλομένων,166,24.96
υδραυλικός,166,24.96
μετρητά,165,24.81
φορολογία,165,24.81
εξαιρέσεων,165,24.81
καθένας,165,24.81
χρησιμοποιώντας,165,24.81
τηρείται,165,24.81
αιτούσα,165,24.81
πραγματοποιηθέντα,165,24.81
προβλέψιμος,165,24.81
εξασφαλιώνσ,165,24.81
κατεύθυνση,164,24.66
χορήγησε,164,24.66
προτέρων,164,24.66
παρασχεθεί,164,24.66
υπέχω,164,24.66
ιδιοκτήτης,164,24.66
κυμαινόμενος,164,24.66
παρατηρητής,164,24.66
διορίζω,164,24.66
δειγματοληψία,164,24.66
χρήσεως,163,24.51
διακρίσεις,163,24.51
αξιας,163,24.51
καθ’,163,24.51
επιδείνωση,163,24.51
τακτικά,163,24.51
παραρτήματος,163,24.51
υψηλότερος,163,24.51
ασφαλής,163,24.51
αμοιβών,162,24.36
συναφθεί,162,24.36
οιαδήποτε,162,24.36
απορρήτου,162,24.36
εξουσιοδοτείται,162,24.36
εξυπηρέτηση,162,24.36
δημοσιονομικός,162,24.36
συσσωρευμένος,162,24.36
πιστεύω,162,24.36
080,162,24.36
κκα·,162,24.36
αναφέρονται,161,24.21
δέχομαι,161,24.21
υψηλή,161,24.21
ευελιξία,161,24.21
πρόωρης,161,24.21
κλειστός,161,24.21
καταστάσεων,161,24.21
δικαιολογημένος,161,24.21
δυσμενής,161,24.21
αντανακλώ,161,24.21
συναλλακτικός,161,24.21
αποδειχθεί,161,24.21
παρεκκλίσεις,161,24.21
ανώτερα,161,24.21
αναφέρων,161,24.21
αλφαριθμητικός,161,24.21
βαθμονόμηση,161,24.21
ctp,161,24.21
απομειωμένης,161,24.21
οπτικός,160,24.06
αναφερόμενα,160,24.06
διανέμω,160,24.06
εγγεγραμμένος,160,24.06
καταστάσεις,160,24.06
συμπερίληψη,160,24.06
δεδομένης,160,24.06
δεσμευμένος,160,24.06
τραυματισμός,160,24.06
απεικονίζω,159,23.91
ενσωματωμένος,159,23.91
προμηθευτής,159,23.91
στοιχεια,159,23.91
εξυπηρετώ,159,23.91
8.,159,23.91
κυκλοφορούντα,159,23.91
αιτιολογικός,159,23.91
εγκατεστημένο,159,23.91
αλλάζω,159,23.91
προσομοίωση,159,23.91
τεχνητός,159,23.91
διακρατήσεις,159,23.91
νιοστού,159,23.91
ερμηνεία,158,23.76
χρήσιμος,158,23.76
απουσία,158,23.76
ικανοποιώ,158,23.76
τοκομερίδιο,158,23.76
χρέωση,158,23.76
διαθέσει,158,23.76
εφαρμοστέα,158,23.76
h,158,23.76
ακινήτο,158,23.76
ακριβή,157,23.61
προσθήκη,157,23.61
επικαιροποιώ,157,23.61
κατέχομαι,157,23.61
εκδόσεων,157,23.61
εξαγωγή,157,23.61
τραπεζογραμματίων,157,23.61
χημικός,157,23.61
2009/77/εκ,157,23.61
ηλεκτρομαγνητικός,157,23.61
διατύπωση,156,23.46
προσαρμοσμένο,156,23.46
εκδοθέντων,156,23.46
τρέχοντος,156,23.46
απάντηση,156,23.46
τροποποιούνται,156,23.46
λογιστικά,156,23.46
προκαταβολών,156,23.46
διαβαθμισμένος,156,23.46
συμμορφωθεί,155,23.3
υπολειπόμενος,155,23.3
ζητούνται,155,23.3
νομιμοποίηση,155,23.3
g,155,23.3
ανεξόφλητο,155,23.3
λογω,155,23.3
απασχόληση,154,23.15
ποσοστών,154,23.15
απλά,154,23.15
αναγνωρίζομαι,154,23.15
απόδειξη,154,23.15
εφοδιασμός,154,23.15
μηνιαίος,154,23.15
εκπρόσωπος,154,23.15
νορβηγικός,153,23.0
ρητώς,153,23.0
μηνός,153,23.0
μεριμνά,153,23.0
οπότε,153,23.0
επαρκέςς,153,23.0
αναβολή,153,23.0
νότιος,153,23.0
επιθεωρήσεις,152,22.85
τρέχουσος,152,22.85
αρχική,152,22.85
ρευστά,152,22.85
σταθμισμένη,152,22.85
ιιι,152,22.85
βοηθητικός,152,22.85
περιθωρίων,151,22.7
μέλλον,151,22.7
έδαφός,151,22.7
δευτερογενής,151,22.7
υβριδικός,151,22.7
εξέδωσε,151,22.7
ίσος,151,22.7
ίνα,151,22.7
806/2014,151,22.7
τεθούν,150,22.55
χρήμα,150,22.55
ιταλία,150,22.55
αμφιβολία,150,22.55
παρατήρηση,150,22.55
προσαύξηση,150,22.55
οχήματα,150,22.55
ενδεχόμενων,149,22.4
σχετιζόμενος,149,22.4
προϋπολογισμός,149,22.4
ενσωματωμένο,149,22.4
επιχειρήσεις,149,22.4
δεσμεύω,149,22.4
κατώτατα,149,22.4
καταναλωτικός,149,22.4
δοθείσες,149,22.4
2017/1129,149,22.4
κατανοητός,148,22.25
συνθετικός,148,22.25
δανειοδότηση,148,22.25
πρόωρος,148,22.25
ccr,148,22.25
εγγράφως,148,22.25
συμβατότητα,148,22.25
μεγαλύτερων,148,22.25
ύλη,148,22.25
πλεονέκτημα,147,22.1
οργάνο,147,22.1
ορίσει,147,22.1
εξηγώ,147,22.1
χαμηλότερη,147,22.1
καναδάς,147,22.1
υλικά,147,22.1
8),147,22.1
χαρακτήρων,147,22.1
ομοτίμος,147,22.1
πραγματικά,146,21.95
αθροίζω,146,21.95
εκπροσωπώ,146,21.95
αστικός,146,21.95
o,146,21.95
αποδοτικός,146,21.95
κ.λπ.,146,21.95
αμφότερα,146,21.95
παρατείνω,146,21.95
φερεγγυότητας,146,21.95
σταθμισμένο,146,21.95
αέρας,146,21.95
ππα,146,21.95
αγοραίας,145,21.8
επιτευχθούν,145,21.8
δυσανάλογος,145,21.8
εκδοθέντα,145,21.8
διακύμανση,145,21.8
καθεστώτων,145,21.8
πέρας,145,21.8
ομίλος,145,21.8
αναφέρετε,145,21.8
ενισχύω,144,21.65
αναμενόμενων,144,21.65
μήκος,144,21.65
επισκόπηση,144,21.65
απαιτησεις,144,21.65
αθροιστικός,144,21.65
ακραίων,144,21.65
δίδω,143,21.5
έξοδος,143,21.5
ενωσης,143,21.5
υπεύθυνα,143,21.5
προσφέρων,143,21.5
σταθερής,143,21.5
δεοντολογία,143,21.5
λογίζω,143,21.5
μειωμένης,143,21.5
οικογένεια,143,21.5
κοινοποιημένου,143,21.5
αιτούντας,143,21.5
αποδοχών,143,21.5
αυτοκινήτου,143,21.5
αποθετηρίου,143,21.5
θσπ,143,21.5
προστατεύω,142,21.35
συνάρτηση,142,21.35
παραδείγματα,142,21.35
αντιπροσωπευτικός,142,21.35
6),142,21.35
αναλυτής,142,21.35
στηλών,142,21.35
γεωγραφική,142,21.35
αυστραλία,142,21.35
πάντοτε,141,21.2
περιεχομένου,141,21.2
δραστηριοποιώ,141,21.2
πράγματι,141,21.2
διαρκής,141,21.2
δελτίος,141,21.2
ενυπόθηκα,141,21.2
στατικός,141,21.2
μακροπροληπτικός,141,21.2
τιτλοπόιηση,141,21.2
ορθός,140,21.05
ισοδυναμώ,140,21.05
εταίρος,140,21.05
ρυθμιζόμενης,140,21.05
ηλεκτρονικών,140,21.05
καθοδήγηση,140,21.05
συνεταιριστικός,140,21.05
χρηστών,140,21.05
·,140,21.05
εξελιγμένος,140,21.05
t2s,140,21.05
1.1-1.31,140,21.05
ρητός,139,20.9
xii,139,20.9
βεβαιώνω,139,20.9
εκχώρηση,139,20.9
επίμαχος,139,20.9
διμερής,139,20.9
2006,139,20.9
ανοιγματα,139,20.9
πρωτεύουσα,139,20.9
ανα,139,20.9
t,138,20.75
λαμβανομένης,138,20.75
5.1,138,20.75
όποτε,138,20.75
άμεση,138,20.75
υπολογιζόμενος,137,20.6
εξουσιοδοτώ,137,20.6
ελάχιστων,137,20.6
ομόλογο,137,20.6
αναφοράς·,137,20.6
αξιολογείται,137,20.6
διαρθρωτικός,137,20.6
πελατός,137,20.6
πολυμερών,137,20.6
πιθανόν,137,20.6
παραλλαγή,137,20.6
αποκτών,137,20.6
μικρότερο,136,20.45
ενδεικτικός,136,20.45
ίσο,136,20.45
παραδείγματος,136,20.45
φόρο,136,20.45
πάντα,136,20.45
ομοιόμορφος,136,20.45
εξαγωγικός,136,20.45
δεσμευμένες,136,20.45
τ2ς,136,20.45
αυθεντικός,135,20.3
εφαρμοζόμενος,135,20.3
προστατεύονται,135,20.3
ξεχωριστά,135,20.3
στενή,135,20.3
διαφημιστικός,135,20.3
οργάνας,135,20.3
δεδουλευμένων,135,20.3
11.,135,20.3
μηνιαία,135,20.3
λίρα,135,20.3
καύση,135,20.3
υποκείμενων,134,20.15
δέλτα,134,20.15
βοήθεια,134,20.15
μόνος,134,20.15
μορφότυπος,134,20.15
ανώτερος,134,20.15
πιστοποιώ,134,20.15
απόκλιση,134,20.15
διατηρείται,134,20.15
’,134,20.15
συνίστανται,134,20.15
επίλυση,134,20.15
μεταρρύθμιση,134,20.15
ταχυδρομικός,134,20.15
ανακτήσεις,134,20.15
προκαθορισμένων,134,20.15
ομοιόμορφη,133,20.0
επαγγελματικού,133,20.0
παραδοσιακός,133,20.0
συμβολαίων,133,20.0
αυξήσεις,133,20.0
κέντρο,133,20.0
διαδραματίζω,133,20.0
βαση,133,20.0
ξεχωριστός,132,19.85
εισαώνχ,132,19.85
συντονιστής,132,19.85
δημιουργούνται,132,19.85
δωρεάν,132,19.85
εξάλειψη,132,19.85
αθροίσματος,132,19.85
ψηφία,132,19.85
υπεργολάβος,132,19.85
cva,132,19.85
τρέχουσα,131,19.7
μετατρέπω,131,19.7
αναφερόμενες,131,19.7
πολλαπλός,131,19.7
μεταβλητής,131,19.7
μερικώς,131,19.7
αποκλείω,131,19.7
νομίσμα,131,19.7
χρησιμοποιούμενος,131,19.7
αρνητικά,131,19.7
ευνοϊκός,131,19.7
απορρίπτω,131,19.7
σκοπούμενος,131,19.7
ταξινομείται,131,19.7
δισεκατ,131,19.7
τυποποιώνη,131,19.7
εξόδα,130,19.55
μνεία,130,19.55
εμπειρογνωμοσύνη,130,19.55
υποθετικός,130,19.55
ανησυχία,130,19.55
τοκομεριδίου,130,19.55
αναφέρουσα,130,19.55
προέρχομαι,130,19.55
+,130,19.55
λοιποί,130,19.55
τελών,130,19.55
υπογραφή,130,19.55
εξακριβώνω,130,19.55
τρομοκρατία,130,19.55
κενό,130,19.55
ιδρύματα,130,19.55
εγκαταστάτης,130,19.55
364,130,19.55
429α,130,19.55
συνταγματικός,129,19.4
2000,129,19.4
σχήμα,129,19.4
τριμηνιαίος,129,19.4
1998,129,19.4
εκδιδόμενου,129,19.4
συνοψίζω,129,19.4
επιφέρω,129,19.4
οε,129,19.4
οικείων,129,19.4
υποχρεωτικά,129,19.4
εξαιρουμένος,129,19.4
φορτίου,129,19.4
προστατευτικός,129,19.4
πιστωτικά,129,19.4
αντιλογισμός,129,19.4
βππ1,129,19.4
καταστούν,128,19.25
κεφαλαια,128,19.25
αποθέμα,128,19.25
μετρητοίς,128,19.25
ομοίως,128,19.25
ιζ,128,19.25
κινδύνος,128,19.25
τοποθεσία,128,19.25
αποτροπή,128,19.25
m,128,19.25
συνεπεία,128,19.25
τριμήνος,128,19.25
βιωσιμότητα,128,19.25
τοποθετήση,128,19.25
δεκαδικός,128,19.25
συσσώρευση,128,19.25
πέσο,128,19.25
έλαβαν,127,19.09
ανταγωνιστικός,127,19.09
συνοδευτικός,127,19.09
διακράτηση,127,19.09
φορολόγηση,127,19.09
παραβάσεων,127,19.09
συμψηφίζω,126,18.94
βεβαιότητα,126,18.94
ενδεχόμενα,126,18.94
νέονς,126,18.94
εμπορεύσιμων,126,18.94
έκτακτης,126,18.94
416,126,18.94
προσυναλλακτικός,126,18.94
πρώτα,125,18.79
καθιστούν,125,18.79
κοινοποιήσεων,125,18.79
αποτελέσματα,125,18.79
μέρη,125,18.79
συμβατός,125,18.79
ένταξη,125,18.79
επιστρέφω,125,18.79
υπολειμματικός,125,18.79
λογιστικών,125,18.79
πίσω,125,18.79
προσβάσιμος,125,18.79
διαστάση,125,18.79
διευκολύνσεων,125,18.79
κατάτμηση,125,18.79
μεξικό,125,18.79
πανδημία,125,18.79
συνεχώς,124,18.64
συμπίεση,124,18.64
αρχείου,124,18.64
θεμάτων,124,18.64
αναγνωρίζεται,124,18.64
πολλαπλά,124,18.64
διαβουλεύω,124,18.64
χρηματιστηρίος,124,18.64
πινακίδα,124,18.64
2012/24,124,18.64
2003/6/εκ,123,18.49
καινοτομία,123,18.49
παρασχεθούν,123,18.49
προσδιοριστούν,123,18.49
πιθανές,123,18.49
μεμονωμένα,123,18.49
χορηγήθηκε,123,18.49
τρεχουσών,123,18.49
αντιρρήσεις,123,18.49
αδεία,123,18.49
ακαθάριστης,123,18.49
υπολοίπος,123,18.49
ενεργοποιώ,123,18.49
πιστωτικου,123,18.49
επιτραπεί,122,18.34
εφαρμοστούν,122,18.34
βιομηχανικός,122,18.34
διασφαλισθεί,122,18.34
παραβαίνω,122,18.34
παράσχω,122,18.34
επιλεγμένος,122,18.34
μετρήσεις,122,18.34
συνένωση,122,18.34
ανακύπτω,122,18.34
αφαιρώ,122,18.34
εοκ,122,18.34
σημειώνεται,122,18.34
σοβαρότητα,122,18.34
2002/92/εκ,122,18.34
δίκαιος,122,18.34
κοινοποιημένοι,122,18.34
κορέα,122,18.34
469,122,18.34
αντιστοιχία,121,18.19
παρεμφερής,121,18.19
ελεύθερα,121,18.19
ισότιμος,121,18.19
παρατυπία,121,18.19
παραγώγου,121,18.19
έσοδα,121,18.19
γραμμά,121,18.19
χρυσού,121,18.19
διακανονισθείσες,121,18.19
ημερά,121,18.19
εμμ,121,18.19
υποδεικνύω,120,18.04
οοσα,120,18.04
απαρτίζω,120,18.04
διαταραχή,120,18.04
πραγματοποιηθείσες,120,18.04
εύρους,120,18.04
2006/49/εκ,120,18.04
φήμη,120,18.04
αρίθμηση,120,18.04
υπόλοιπο,120,18.04
εσλ,120,18.04
διεξήγαγε,120,18.04
πεδών,120,18.04
εγγυητή,119,17.89
δικαιούχο,119,17.89
αντικαθιστώ,119,17.89
συνδέσεις,119,17.89
εξασφαλισθεί,119,17.89
συνόλου,119,17.89
ανατίθω,119,17.89
προτέρος,119,17.89
επαναχρησιμοποίηση,119,17.89
εποπτής,119,17.89
ηηε,119,17.89
συνιστάται,118,17.74
μειωθεί,118,17.74
αντίστοιχης,118,17.74
παραπάνω,118,17.74
περιστάσεων,118,17.74
αναθεωρημένος,118,17.74
άλλως,118,17.74
αργά,118,17.74
συνδεδεμένη,118,17.74
συστάνω,118,17.74
εκτελείται,118,17.74
οργανώνω,118,17.74
μηδέν,118,17.74
δεδομένη,118,17.74
χρησιμοποιούνται,118,17.74
παραχώρηση,118,17.74
υπολοίπου,118,17.74
επιτόπια,118,17.74
στάθμευση,118,17.74
ανάφλεξη,118,17.74
τροποποιείται,117,17.59
καταπολέμηση,117,17.59
συστάθηκε,117,17.59
δυνητικά,117,17.59
εγγενής,117,17.59
καλύπτονται,117,17.59
σχεδιασμένος,117,17.59
δοεε,117,17.59
ποινές,117,17.59
ελβετία,117,17.59
εκτίθενται,116,17.44
υποστεί,116,17.44
γνωστοποιείται,116,17.44
ωφέλεια,116,17.44
προσαρμοσμένος,116,17.44
περίληψη,116,17.44
πότε,116,17.44
εγχώριος,116,17.44
σταθμίζω,116,17.44
μεγαλύτερα,116,17.44
ελευθερία,116,17.44
εσωτερικοποιητός,116,17.44
χρηματοοικονομικής,116,17.44
εφαρμοζόταν,116,17.44
επισκευής,116,17.44
αντοχή,116,17.44
αναμονή,115,17.29
εξάρτηση,115,17.29
ξεκινώ,115,17.29
προβλεπόμενης,115,17.29
προγενέσς,115,17.29
προπληρωμή,115,17.29
διακρατούμενες,115,17.29
προσδοκώμενος,115,17.29
καταργώ,115,17.29
επισκευή,115,17.29
ατελεις,115,17.29
πρόσημο,115,17.29
φυτά,115,17.29
παρ,115,17.29
κατ-πάροχος,115,17.29
παράγωγων,114,17.14
κοινοποιήσεις,114,17.14
ενεργά,114,17.14
τερματισμός,114,17.14
περιοριστικός,114,17.14
ανακαλέσει,114,17.14
κολομβία,114,17.14
πεδίου,114,17.14
συζήτηση,114,17.14
ενισχυθεί,114,17.14
ζητούμενος,114,17.14
διαμεσολάβηση,114,17.14
βιώσιμος,114,17.14
τύπων,114,17.14
διαφωνία,114,17.14
χορηγός,114,17.14
κατηγορίας,114,17.14
καυσίμου,114,17.14
συρματόσχοινα,114,17.14
2014/65/εε·,114,17.14
070,114,17.14
680/2014,114,17.14
θεμιτός,113,16.99
επιμερισμός,113,16.99
δυναμικός,113,16.99
αναδιατύπωση,113,16.99
συμπληρωθεί,113,16.99
επιβάλλομαι,113,16.99
προερχόμενος,113,16.99
αιτήσεως,113,16.99
κλιμάκιο,113,16.99
επέλευση,113,16.99
σωστός,113,16.99
συσκευά,113,16.99
μηχανοκίνητων,113,16.99
φωτισμός,113,16.99
πιστωτικης,113,16.99
εξόδου,112,16.84
εξήγηση,112,16.84
δεκτός,112,16.84
επικαιροποιημένος,112,16.84
οφειλή,112,16.84
επέλθει,112,16.84
συμβολαίο,112,16.84
προσδιοριζόμενος,112,16.84
απομειωμένα,112,16.84
βέλτιστης,112,16.84
πωλούνται,112,16.84
διπλός,112,16.84
χάριν,112,16.84
σεναρίο,112,16.84
εξωτερικά,112,16.84
χαρακτήρες,112,16.84
σωρευτική,112,16.84
ασθενής,112,16.84
αυτά,111,16.69
μερισμάτων,111,16.69
προκαθορισμένη,111,16.69
συγκρίνω,111,16.69
καταδεικνύω,111,16.69
86/635/εοκ,111,16.69
θεσπιστεί,111,16.69
θεωρητικός,111,16.69
υποκαταστημάτων,111,16.69
απόρριψη,111,16.69
μεταβιβάζον,111,16.69
2011/14,111,16.69
τοποθετήσεις,111,16.69
αλλα,111,16.69
ισλανδικός,110,16.54
3.1,110,16.54
πτώση,110,16.54
ενώπιον,110,16.54
αρκετός,110,16.54
κινώ,110,16.54
παραγωγός,110,16.54
ουσιωδώς,110,16.54
ενισχύσεων,110,16.54
2·,110,16.54
διάσωση,110,16.54
ζωνών,110,16.54
ατελής,110,16.54
πρόστιμο,110,16.54
πνευματικός,110,16.54
27.7.2012,110,16.54
τροχός,110,16.54
°,110,16.54
1.7,110,16.54
συνδυάζω,109,16.39
έξοδα,109,16.39
ευρέως,109,16.39
πλήρεις,109,16.39
φυσικά,109,16.39
δραστηριοποιούνται,109,16.39
παρόμοιων,109,16.39
κάτωθι,109,16.39
λογισμικός,109,16.39
τριμήνου,109,16.39
αφαιρεθούν,109,16.39
ασφαλειών,109,16.39
κατανοώ,108,16.24
παρεμποδίζω,108,16.24
αξιόπιστα,108,16.24
αναγκαστικός,108,16.24
υποδηλώνω,108,16.24
πρόβλημα,108,16.24
κύριας,108,16.24
εναρμονισμένων,108,16.24
αρθρο,108,16.24
εποπτών,108,16.24
απομειωμένων,108,16.24
ενθαρρύνω,107,16.09
διευκρίνιση,107,16.09
ειδικοί,107,16.09
αποκαλύπτω,107,16.09
οικονομικά,107,16.09
επίσημα,107,16.09
έντυπη,107,16.09
ευκαιρία,107,16.09
οικείου,107,16.09
ευαισθησία,107,16.09
αρκετά,107,16.09
λογισμικό,107,16.09
εσωτερικοποιητής,107,16.09
<,107,16.09
έθνος,107,16.09
εδδπχα,107,16.09
πολλαπλασιασμός,107,16.09
42α,107,16.09
τεχνικά,106,15.94
αποδόσεις,106,15.94
εξωτερικό,106,15.94
εκπονώ,106,15.94
πρόσφατα,106,15.94
διενήργησε,106,15.94
ασφαλιστήριο,106,15.94
ακυρώνω,106,15.94
αντιστοιχίζω,106,15.94
μελλοντικά,106,15.94
διακοπείσες,106,15.94
ανώτατα,106,15.94
προκειμένω,106,15.94
αυστηρά,106,15.94
πληρωτέα,106,15.94
εμπορεύσιμοι,106,15.94
ελβετικός,106,15.94
τοποθετείται,106,15.94
παρόχων,106,15.94
οκα,106,15.94
2009/78/εκ,106,15.94
ικανοποιητικός,105,15.79
διαπιστωθεί,105,15.79
διάγραμμα,105,15.79
διεκπεραίωση,105,15.79
ευρωπαϊκο,105,15.79
επιπρόσθετος,105,15.79
καρτών,105,15.79
πολλαπλασιαστής,105,15.79
υποτομέας,105,15.79
ανεξόφλητου,105,15.79
τεκμήριο,105,15.79
απλής,105,15.79
βεβαρημένων,105,15.79
προϋφιστάμενος,105,15.79
sts,105,15.79
σύνθετων,104,15.64
σημαντικότητα,104,15.64
ενεργητικό,104,15.64
υλοποιώ,104,15.64
μεταγενέστερα,104,15.64
παράμετρος,104,15.64
δικαιολογείται,104,15.64
ευρωπαϊκών,104,15.64
εφαρμοστέου,104,15.64
υποενοποιημένη,104,15.64
χρηματοπιστωτικό,104,15.64
διασφαλιστούν,104,15.64
εκπόνηση,104,15.64
συμβάντο,104,15.64
ζύγιση,104,15.64
διαχειριστός,103,15.49
809/2004,103,15.49
αρμόδιας,103,15.49
εκδοθέντες,103,15.49
μολονότι,103,15.49
απαλείφω,103,15.49
ισούνται,103,15.49
εισαγωγών,103,15.49
διαμορφώνω,103,15.49
45/2001,103,15.49
αναφέρατε,103,15.49
κερδοσκοπικός,103,15.49
εφαρμόστηκαν,103,15.49
εντεταλμένος,103,15.49
δυσλειτουργία,103,15.49
επείγων,103,15.49
μεγέθη,103,15.49
εγχώρια,103,15.49
οδικός,103,15.49
αναφορών,103,15.49
οδήγηση,103,15.49
λεωφορείο,103,15.49
εμδ,103,15.49
πρωτόκολλο,102,15.34
3·,102,15.34
κανονικά,102,15.34
εξεδωσαν,102,15.34
ταχεία,102,15.34
πολλαπλών,102,15.34
χώρου,102,15.34
σκέλους,102,15.34
εκφρασμένη,102,15.34
σύμβολο,102,15.34
εμπλεκόμενος,102,15.34
δανειοδότης,102,15.34
υποσύστημα,102,15.34
υφάσματα,102,15.34
νανομορφή,102,15.34
εξαιτίας,101,15.19
οποιαδήποτε,101,15.19
πρόσθετη,101,15.19
αποκτά,101,15.19
χρήσεις,101,15.19
ανεπαρκής,101,15.19
ποσάς,101,15.19
πολιτεία,101,15.19
τοποθετώ,101,15.19
χρησιμοποιήθηκαν,101,15.19
χωρητικότητα,101,15.19
τελωνειακός,101,15.19
ύλα,101,15.19
έλξη,101,15.19
πιστούχος,101,15.19
ετικέτα,101,15.19
σωστά,100,15.04
αναλύσεις,100,15.04
πηγές,100,15.04
ενσώματο,100,15.04
εμπόριο,100,15.04
μεταβλητός,100,15.04
αντισταθμίσεων,100,15.04
μικρής,100,15.04
θυγατρική,100,15.04
αναμενόμενες,100,15.04
ισχύοντος,100,15.04
γερμανία,100,15.04
ερευνή,100,15.04
εκπαίδευση,100,15.04
προηγώ,100,15.04
τρόπον,100,15.04
σχεδιαστικός,100,15.04
διευκολύνουν,100,15.04
δέσμα,100,15.04
εκδοθέντης,100,15.04
αναπτυξιακός,100,15.04
ινδία,100,15.04
εκτελεστική,100,15.04
δανειολήπτη,100,15.04
συσχετιζόμενων,100,15.04
cef,100,15.04
βοηθώ,99,14.88
επεκτείνω,99,14.88
τυπικός,99,14.88
θεματοφυλακός,99,14.88
μεταβιβασθέν,99,14.88
εξασφαλισμένου,99,14.88
αμερική,99,14.88
7.,99,14.88
εισέρχω,99,14.88
χρεώσεις,99,14.88
εε.,99,14.88
3α,99,14.88
διανομείς,99,14.88
2020,99,14.88
συμβολή,98,14.73
καταβάλλλω,98,14.73
επωφελούμαι,98,14.73
σημειώσεις,98,14.73
1·,98,14.73
ανανεώνω,98,14.73
ισχύο,98,14.73
προσδιορισμένος,98,14.73
της·,98,14.73
πλατφόρμα,98,14.73
μισθώσεις,98,14.73
δημιουργείται,98,14.73
χρήματος,98,14.73
επικεφαλίδα,98,14.73
συνδεδεμένων,98,14.73
δικαιολογώ,98,14.73
τυχό,98,14.73
συνταξιοδότηση,98,14.73
διεργασία,98,14.73
λεπτομερειών,98,14.73
αθετησης,98,14.73
166,98,14.73
ισχύοντα,97,14.58
πάντως,97,14.58
αποτελέσμα,97,14.58
αποφασίζο,97,14.58
επισυνάπτω,97,14.58
υπαλλήλων,97,14.58
διαγραφεί,97,14.58
προγραμματισμένος,97,14.58
χρεώνω,97,14.58
προκύψουν,97,14.58
διακρίνω,97,14.58
αριθ,97,14.58
μείγμα,97,14.58
υποβάλω,97,14.58
χορηγήθηκαν,97,14.58
αντικειμενικότητα,97,14.58
αντισταθμισμένα,97,14.58
βιβλίο,97,14.58
αποφευχθούν,97,14.58
ομιλου,97,14.58
βήμα,96,14.43
απορρέει,96,14.43
απεικόνιση,96,14.43
ασκηθεί,96,14.43
γενική,96,14.43
κλείσιμο,96,14.43
έκπτωση,96,14.43
δυσχέρεια,96,14.43
χρυσός,96,14.43
ακολουθείται,96,14.43
φόρου,96,14.43
διαπίστωση,96,14.43
αποδεκτής,96,14.43
κατώτερη,96,14.43
μοντέλου,96,14.43
υποσύνολο,96,14.43
παράλειψη,96,14.43
ζώο,96,14.43
αποδοχός,96,14.43
αντιεμπλοκός,96,14.43
ζημιες,96,14.43
αναφέροντος,96,14.43
σινγκαπούρης,96,14.43
καταλόγος,95,14.28
απάτη,95,14.28
αναμενόμενης,95,14.28
πρίσμα,95,14.28
διεθνώς,95,14.28
αναθεωρώ,95,14.28
αυξημένος,95,14.28
μέχρις,95,14.28
συνεισφέρω,95,14.28
χρηματοοικονομικοί,95,14.28
διαπραγμάτευσης·,95,14.28
αλγόριθμος,95,14.28
διεπαφή,95,14.28
τ2,95,14.28
ζηλανδία,95,14.28
85/611/εοκ,94,14.13
αποδέκτες,94,14.13
περισσοτέρων,94,14.13
παρακράτηση,94,14.13
ταυτόχρονη,94,14.13
υπάλληλος,94,14.13
ομίλου·,94,14.13
αντιστρεπτέες,94,14.13
5α,94,14.13
κατανέμονται,94,14.13
εγκρίσεων,94,14.13
φωτογραφία,94,14.13
κινητήρος,94,14.13
ειδικής(-ών,94,14.13
αποκλεισμός,93,13.98
εξαιρώ,93,13.98
παρελθόν,93,13.98
εξίσου,93,13.98
μεταγενέστερη,93,13.98
ισοδύναμα,93,13.98
ζημιογόνα,93,13.98
αναγνωρίσιμος,93,13.98
μεταβιβασθέντος,93,13.98
καταπιστευματικός,93,13.98
τυποποίηση,93,13.98
αξόνων,93,13.98
αντιπροσώπος,93,13.98
αυτομάτως,93,13.98
χρηματικά,93,13.98
ποινή,93,13.98
2013/33,93,13.98
μετρητής,93,13.98
1725/2003,92,13.83
μερίδιος,92,13.83
καθαρές,92,13.83
εκδότη·,92,13.83
ανακοινώσεις,92,13.83
σημειώματος,92,13.83
λόγων,92,13.83
μισθώση,92,13.83
αντισταθμιστικός,92,13.83
τροποποιώνη,92,13.83
διακρατούμενων,92,13.83
αναδιοργάνωση,92,13.83
μαθηματικός,92,13.83
επιφορτισμένος,92,13.83
επανακαθορισμός,92,13.83
παραμέτρος,92,13.83
iv,92,13.83
όλω,92,13.83
αντιθέτως,92,13.83
προειδοποιητικός,92,13.83
υπερβάλλον,92,13.83
πιστούχου,92,13.83
συμβάντος,92,13.83
ενεχυριαστεί,92,13.83
4ος,92,13.83
μεταγενέστερος,91,13.68
αναφερθούν,91,13.68
αποτελεσματων,91,13.68
καταβληθεί,91,13.68
δημοσιευμένος,91,13.68
κατηγοριοποίηση,91,13.68
επιδράσεις,91,13.68
εκπροσώπους,91,13.68
διεθνούς,91,13.68
τόνος,91,13.68
ενεργοποιείται,91,13.68
διάλογος,91,13.68
εξασφαλισμένη,91,13.68
κεντρικης,91,13.68
σταδιακός,91,13.68
σύνδεσμος,91,13.68
κλωστοϋφαντουργικός,91,13.68
καλυμμένα,91,13.68
διακυμάνσεων,90,13.53
επικουρώ,90,13.53
30.4.2004,90,13.53
πραγματικότητα,90,13.53
διευθυντής,90,13.53
πωλήσει,90,13.53
συνοδευόμενος,90,13.53
υποχρεώσεών,90,13.53
καθορισμένες,90,13.53
υποβάθμιση,90,13.53
μικτός,90,13.53
διορθώθηκε,90,13.53
εκκρεμών,90,13.53
αντιμετωπίζονται,90,13.53
εξειδικευμένος,90,13.53
κριθεί,90,13.53
υπαγωγή,90,13.53
εξουσιών,90,13.53
ικανός,90,13.53
διαφοροποιημένος,90,13.53
εξακριβωθεί,90,13.53
εκτος,90,13.53
καθαρή,90,13.53
αλιευτικός,90,13.53
ιατρικός,90,13.53
υπουργείο,90,13.53
εεμ,90,13.53
παραμέτρους,89,13.38
ρευστοποιήσιμος,89,13.38
σπουδαιότητα,89,13.38
προαναφερθείσες,89,13.38
μεμονωμένη,89,13.38
αποτρεπτικός,89,13.38
απόρρητος,89,13.38
ενυπόθηκου,89,13.38
μειώζω,89,13.38
31η,89,13.38
μελέτη,89,13.38
αρκώ,89,13.38
εφαρμογης,89,13.38
διευθύνω,89,13.38
εκκρεμής,89,13.38
συμμορφούμενος,89,13.38
γράμμα,89,13.38
περιστατικός,89,13.38
υποσυστήματα,89,13.38
μετρολογικός,89,13.38
ίδια,89,13.38
πρόσκληση,88,13.23
πιστοδοτικός,88,13.23
υποβάλλομαι,88,13.23
καταχρηστικός,88,13.23
εντάσσω,88,13.23
βραχυπρόθεσμων,88,13.23
προκαταρκτικός,88,13.23
επενδύσεων·,88,13.23
εξωχρηματιστηριακά,88,13.23
διοικητικο,88,13.23
ιεραρχία,88,13.23
υποβλήθηκε,88,13.23
γερμανικός,88,13.23
τοποθετήσεων,88,13.23
δομημένων,88,13.23
t2ς,88,13.23
ταξινομηθούν,88,13.23
2.294-295,88,13.23
συστάσεων,87,13.08
επιβαρύνσεων,87,13.08
επαρκός,87,13.08
σχεδόν,87,13.08
αναδόχος,87,13.08
επιτελώ,87,13.08
μετατρέψιμα,87,13.08
κονδύλιο,87,13.08
αναπροσαρμόζω,87,13.08
βραζιλία,87,13.08
προσεγγιστικός,87,13.08
κόσμος,87,13.08
παρεχόμενες,87,13.08
κεφαλαιουχικός,87,13.08
αλιεία,87,13.08
2008,87,13.08
ενδιάμεσα,87,13.08
ρουμανικός,87,13.08
δυναμικότητα,87,13.08
επιθεωρήσεων,87,13.08
συμμετέχοντος,87,13.08
υπολογαριασμός,87,13.08
χειριστής,87,13.08
στροφή,87,13.08
θυρίδας(-ων,87,13.08
δκρ,87,13.08
δεικτών,86,12.93
κοινωνικής,86,12.93
οσάκις,86,12.93
δημοσιοποιείται,86,12.93
εκδώνο,86,12.93
αρνηθεί,86,12.93
θεματοφυλακή,86,12.93
φυλάσσω,86,12.93
δυσκολία,86,12.93
αλληλεπίδραση,86,12.93
αμεροληψία,86,12.93
προσθέτω,86,12.93
έκβαση,86,12.93
ισολογισμου,86,12.93
παραλαβής,86,12.93
καθιερωμένος,86,12.93
καταχωρισμένο,86,12.93
οιονεί,86,12.93
εξελιγμένη,86,12.93
δανικός,86,12.93
εντεταλμένης,86,12.93
κεντρικώς,86,12.93
2018/858,86,12.93
ηλεκτρονικά,85,12.78
προϋποθέτω,85,12.78
όμοιος,85,12.78
αποδείξεις,85,12.78
παραπομπές,85,12.78
απορριφθεί,85,12.78
πηγών,85,12.78
διερεύνηση,85,12.78
ανοίγω,85,12.78
τοποθετηθεί,85,12.78
αφότου,85,12.78
εισπρακτέα,85,12.78
αποχώρηση,85,12.78
ιστός,85,12.78
πακέτου,85,12.78
κατ.,85,12.78
καύσιμο,85,12.78
χαμηλού,85,12.78
φανός,85,12.78
3].,84,12.63
εκτιμάται,84,12.63
αυτόματα,84,12.63
ισοδύναμων,84,12.63
στοχεύω,84,12.63
πλειοψηφία,84,12.63
προσφέροντας,84,12.63
γι’,84,12.63
αντισταθμιζόμενο,84,12.63
εγγυάται,84,12.63
λογιστικό,84,12.63
διάσταση,84,12.63
ολικός,84,12.63
δημοσιεώνυ,84,12.63
αναγγέλλω,84,12.63
τσεχικός,84,12.63
2008/32,84,12.63
προγραμματισμένη,84,12.63
ιστότοπός,84,12.63
τροφοδοσία,84,12.63
κατ·ς,84,12.63
ενιαίου,84,12.63
ευπ,84,12.63
2017/392,84,12.63
0030,84,12.63
διασπορά,83,12.48
σωρευτικά,83,12.48
σχεδίου,83,12.48
κυριότερος,83,12.48
λήφθηκαν,83,12.48
αποκτώμενος,83,12.48
άυλος,83,12.48
τραπεζική,83,12.48
χρησιμεύω,83,12.48
συγκεντρωμένος,83,12.48
λογαριασμοί,83,12.48
υπερεθνικός,83,12.48
συμβατής,83,12.48
σοβαρών,83,12.48
εραακα,83,12.48
αρχής,83,12.48
ρύπων,83,12.48
2021,83,12.48
αφαιρέσεων,83,12.48
394,83,12.48
kka,83,12.48
2.μέρος,83,12.48
συγκροτήματα,83,12.48
αηπ,83,12.48
εκτίθεται,82,12.33
διευκρινίσεις,82,12.33
αποσαφηνίζω,82,12.33
ισχύουσα,82,12.33
ορθά,82,12.33
προαναφερόμενος,82,12.33
δημοσίευσε,82,12.33
συνέχιση,82,12.33
διαφορικός,82,12.33
παραλήπτης,82,12.33
αφαιρώνε,82,12.33
αρχών,82,12.33
ανέρχομαι,82,12.33
ασχολούμαι,82,12.33
αντίθετος,82,12.33
πάροδος,82,12.33
κινδύνου·,82,12.33
ομολόγου,82,12.33
ομαλής,82,12.33
διακόπτω,82,12.33
επιβλαβών,82,12.33
κάθετη,82,12.33
17.11.2009,82,12.33
2009/138/εκ,82,12.33
όριπεριθω,82,12.33
απαλλασσόμενος,82,12.33
429β,82,12.33
διακυμάνσεις,81,12.18
δικαιούται,81,12.18
μηχανισμών,81,12.18
εργάζομαι,81,12.18
συνοπτική,81,12.18
διαθέσιμα,81,12.18
εξαιρείται,81,12.18
λιχτενστάιν,81,12.18
ευρωστία,81,12.18
χρηματοδοτώ,81,12.18
επαγγελματία,81,12.18
ενοποιημένης,81,12.18
υποκατάστατα,81,12.18
ασκώνη,81,12.18
ν,81,12.18
νομισμάτο,81,12.18
ισπανία,81,12.18
εξουσιοδοτημένου,81,12.18
εκπομπές,81,12.18
2015/35,81,12.18
συγκρισιμότητα,80,12.03
άρση,80,12.03
λαμβανόμενος,80,12.03
τηλεφώνου,80,12.03
μετατρέψιμος,80,12.03
περιλαμβανομένος,80,12.03
προσδοκία,80,12.03
εμπεριέχω,80,12.03
ανοικτής,80,12.03
διατάραξη,80,12.03
ιη,80,12.03
πίστη,80,12.03
γαλλία,80,12.03
target2,80,12.03
διαθέσιμοι,80,12.03
προσθηκός,80,12.03
αιτήματός,80,12.03
ακτινοβολία,80,12.03
μεγαλύτερη,80,12.03
δεεα,80,12.03
7.20(α)(iς,80,12.03
δηλούν,80,12.03
μαθητής,80,12.03
δυνατού,79,11.88
αρμόζω,79,11.88
τυγχάνω,79,11.88
στρασβούργο,79,11.88
σημείωση,79,11.88
προσκομίζω,79,11.88
λαμβανομένου,79,11.88
προγενέστερος,79,11.88
γεγονότος,79,11.88
αντικειμενικά,79,11.88
νομίμως,79,11.88
καμπύλη,79,11.88
ιδρύω,79,11.88
συγκεντρώνομαι,79,11.88
εγγυώμαι,79,11.88
φόρτος,79,11.88
συναχθεί,79,11.88
λήγει,79,11.88
ιρλανδία,79,11.88
συναρμολόγηση,79,11.88
νερό,79,11.88
αγορας,79,11.88
ιστότοπος,79,11.88
αιτιολογημένου,79,11.88
97/68/εκ,79,11.88
επεκτάσεις,79,11.88
απόκριση,79,11.88
βασιζόμενος,78,11.73
επιτοκίο,78,11.73
τηρουμένος,78,11.73
προβλεφθούν,78,11.73
διαχωρισμένος,78,11.73
πετρελαίου,78,11.73
μετρη,78,11.73
παρατηρώ,78,11.73
ενδεδειγμένο,78,11.73
ισορροπία,78,11.73
μετόχων,78,11.73
10.,78,11.73
ταχυδρομείο,78,11.73
συμμετέχον,78,11.73
πληροφορικός,78,11.73
παρούσος,78,11.73
x,78,11.73
ανακατάταξη,78,11.73
έντυπα,78,11.73
επανατιτλοποιήσεων,78,11.73
opr,78,11.73
σύνθετες,78,11.73
συντελεστης,78,11.73
επενδύσει,77,11.58
εξαμηνιαία,77,11.58
ενέκρινε,77,11.58
όρα,77,11.58
ρυθμιζόμενων,77,11.58
αναβάλλω,77,11.58
πλεόνασμα,77,11.58
ενόψει,77,11.58
μεταβιβάσεις,77,11.58
πραγματοποιηθούν,77,11.58
παραγγελία,77,11.58
επιλεκτικός,77,11.58
φαίνομαι,77,11.58
ευαίσθητος,77,11.58
αποθηκεύω,77,11.58
εγκατεστημένης,77,11.58
τακτός,77,11.58
ομοιογενής,77,11.58
πληθυσμός,77,11.58
κοινοποιούσες,77,11.58
επικίνδυνος,77,11.58
προστίμων,77,11.58
κινητήρες,77,11.58
αναληφθέν,77,11.58
gb,77,11.58
κονγκ,77,11.58
αλφαριθμητικοί,77,11.58
εξασφαλίσουν,76,11.43
83/349/εοκ,76,11.43
εύκολος,76,11.43
11.9.2002,76,11.43
εκκρεμώ,76,11.43
εναπομένουσας,76,11.43
σταθερά,76,11.43
κόστη,76,11.43
εκδοχέας,76,11.43
επιμερίζω,76,11.43
ενόσω,76,11.43
ένα,76,11.43
αρχικό,76,11.43
κάτι,76,11.43
δραστηριοτήτων,76,11.43
δοκιμαστικός,76,11.43
αποτιμήσεις,76,11.43
προβάλλω,76,11.43
δανειοδοτικός,76,11.43
στοιχείων·,76,11.43
περίπτωση·,76,11.43
σφάλματος,76,11.43
σειρών,76,11.43
εξαρτημάτων,76,11.43
εκκίνηση,76,11.43
σωμάτων,76,11.43
αδιάλειπτος,76,11.43
ανέλυσε,76,11.43
επιβατών,76,11.43
πλάτος,76,11.43
εκμεταλλεύσεως,76,11.43
χαρτογράφηση,76,11.43
μετατροπης,76,11.43
596/2014,76,11.43
βαμβάκι,76,11.43
engie,76,11.43
καταλλήλως,75,11.28
μετράται,75,11.28
στοιχεία·,75,11.28
αναζήτηση,75,11.28
έδρας,75,11.28
ζητήζω,75,11.28
αναλογώ,75,11.28
αναποτελεσματικότητα,75,11.28
καλώ,75,11.28
εκτελεστής,75,11.28
ζητημάτων,75,11.28
υποβλώ,75,11.28
αποτελέσματος,75,11.28
περιστατικά,75,11.28
διαχείρισή,75,11.28
χαρτοφυλάκια,75,11.28
κατασκευαστός,75,11.28
οργανισμού,75,11.28
άλλο,75,11.28
πολυμερείς,75,11.28
477,75,11.28
finrep,75,11.28
υποσυστήμα,75,11.28
δημοσιεύσει,74,11.13
υποχρεώνω,74,11.13
άθροιση,74,11.13
συμπεριλαμβάνεται,74,11.13
δραστηριότητές,74,11.13
εκθέτω,74,11.13
προγραμματισμός,74,11.13
προστίθεται,74,11.13
2004/25/εκ,74,11.13
χάρη,74,11.13
έμμεσων,74,11.13
υψηλότερα,74,11.13
υπερβολικά,74,11.13
αποδείξουν,74,11.13
κανόνες,74,11.13
συναλλαγές,74,11.13
ζεύγη,74,11.13
μηχανή,74,11.13
δείγματος,74,11.13
ακέραιος,74,11.13
ιεράρχηση,74,11.13
κάθισμα,74,11.13
αναληφθείσος,74,11.13
νήμα,74,11.13
συγκροτώ,73,10.98
συστηματικά,73,10.98
διαρκός,73,10.98
θεσπίσουν,73,10.98
επικουρικότητα,73,10.98
συμμετοχές,73,10.98
τριετία,73,10.98
υψηλότερης,73,10.98
απομένω,73,10.98
αντίθετη,73,10.98
διακρατούμενος,73,10.98
απαιτείται,73,10.98
βέλγιο,73,10.98
δικαιούχους,73,10.98
βάσιμος,73,10.98
καταχωρίσεις,73,10.98
τρίτης,73,10.98
συναλλαγών·,73,10.98
αναγωγή,73,10.98
συνιστωσών,73,10.98
υποβληθεί,73,10.98
εβδομαδιαίος,73,10.98
μάιος,73,10.98
υπόνοια,73,10.98
ελάχιστον,73,10.98
ίδρυμα·,73,10.98
ζωτικός,73,10.98
συστημικώς,73,10.98
κοινοβούλια,73,10.98
πρόωση,73,10.98
2002/47/εκ,73,10.98
εκκαθαριζόμενος,73,10.98
σχεδιαστεί,72,10.83
προτίθενται,72,10.83
ιδιαιτερότητα,72,10.83
αθετήσεις,72,10.83
συνεργάζομαι,72,10.83
εκατομμύριο,72,10.83
εκτελέζω,72,10.83
υπολογιστής,72,10.83
σταθερή,72,10.83
1198/2006,72,10.83
αξιολογεί,72,10.83
οιασδήποτε,72,10.83
εδάφους,72,10.83
αντιπροσώπων,72,10.83
σύμβαση-πλαίσιο,72,10.83
στις,72,10.83
οεε·,72,10.83
διαρθρώσεις,72,10.83
γιουάν,72,10.83
κούνα,72,10.83
πλεκτά,72,10.83
τεχνολογικά,72,10.83
εναρμονίζω,71,10.68
3.3,71,10.68
διαδικαστικός,71,10.68
78/660/εοκ,71,10.68
έστω,71,10.68
εισηγμένων,71,10.68
βραχυπρόθεσμα,71,10.68
μετοχικό,71,10.68
πληρωμής,71,10.68
ομόλογος,71,10.68
νωρίς,71,10.68
ανακλώνη,71,10.68
υποομάδα,71,10.68
ιταλικός,71,10.68
πινακας,71,10.68
καλύτερο,71,10.68
αντιπρόσωπό,71,10.68
κλείδα,71,10.68
μεριδίου,71,10.68
τόπους,71,10.68
εγχειρίδιο,71,10.68
διατραπεζικός,71,10.68
συνολικές,71,10.68
εκμεταλλεύσεις,71,10.68
πρωτοκόλλου,71,10.68
κοινοποιούσας,71,10.68
αναστείλει,71,10.68
λύσεων,71,10.68
βασιλείου,71,10.68
ελάχιστου,71,10.68
2003/41/εκ,71,10.68
εργαλείος,71,10.68
αδειοδοτημένος,71,10.68
τηλ.,71,10.68
τροχών,71,10.68
πιστοδοτήσεων,71,10.68
εξυπηρετούμενου,71,10.68
συα,71,10.68
2019/980,71,10.68
συμβουλεύω,70,10.52
κατανοητής,70,10.52
φθάνω,70,10.52
μακροπρόθεσμα,70,10.52
διακρατώ,70,10.52
αναθεωρήσεις,70,10.52
διασύνδεση,70,10.52
ευθυγράμμιση,70,10.52
συμβόλαια,70,10.52
διαμονή,70,10.52
σ’,70,10.52
αναγνωρισμένα,70,10.52
κοντά,70,10.52
ουσιώδος,70,10.52
προσθήκα,70,10.52
τοποθετεί,70,10.52
ελλείψεις,70,10.52
ελληνικός,70,10.52
οργανισμό,70,10.52
υλών,70,10.52
θεσπίστηκε,70,10.52
πακέτο,70,10.52
καθίσματος,70,10.52
223,70,10.52
εκκαθαριζόμενες,70,10.52
υποδειγματα,70,10.52
020,70,10.52
επαυξήσεις,70,10.52
συστήματα,69,10.37
στα,69,10.37
προτίθεμαι,69,10.37
λογικός,69,10.37
μορφών,69,10.37
διαρθρωμένος,69,10.37
διαφήμιση,69,10.37
xvii,69,10.37
προτιμησιακός,69,10.37
διευκρινίσει,69,10.37
καλάθι,69,10.37
ολόκληρου,69,10.37
πρώην,69,10.37
αθέμιτος,69,10.37
σκοπιμότητα,69,10.37
αντιστρόφως,69,10.37
εισφορός,69,10.37
προπαρασκευαστικός,69,10.37
καταθέτης,69,10.37
διατυπωθεί,69,10.37
οριζόντιος,69,10.37
ηνωμένου,69,10.37
ειδοποιώ,69,10.37
θέρμανση,69,10.37
πρόσθετα,69,10.37
124,69,10.37
ρυμουλκουμένος,69,10.37
παρονομαστής,69,10.37
θύρα,69,10.37
επιβαρυνση,69,10.37
λέου,69,10.37
υπερήμερο,69,10.37
αποκλίνω,68,10.22
μέσης,68,10.22
οιουδήποτε,68,10.22
xiii,68,10.22
οφειλών,68,10.22
υπερημερία,68,10.22
οι,68,10.22
περίπου,68,10.22
αντιπροσώπου,68,10.22
χρεώνονται,68,10.22
98/78/εκ,68,10.22
σήμερα,68,10.22
υποβαλλόμενος,68,10.22
πρόσθετης,68,10.22
εξετάσεις,68,10.22
απειλώ,68,10.22
εγκατεστημένου,68,10.22
καταλογίζω,68,10.22
τηλεφωνικός,68,10.22
διορθώσεων,68,10.22
διαβατήριο,68,10.22
ανακατανομή,68,10.22
οδός,68,10.22
ιχνηλασιμότητα,68,10.22
17.12.2009,68,10.22
εκχωρείται,68,10.22
ανακυκλούμενος,68,10.22
δραστηριότητες,68,10.22
1.7.2011,68,10.22
δεξαμενή,68,10.22
δόση,68,10.22
παραγώγο,68,10.22
ελκυστήρων,68,10.22
κατηγορια,68,10.22
βασει,68,10.22
αε,68,10.22
υφαντικός,68,10.22
επιμετρούμενες,68,10.22
δέων,67,10.07
πολύπλοκος,67,10.07
υφιστάμενου,67,10.07
4].,67,10.07
ίσης,67,10.07
xvi,67,10.07
εφαρμόσουν,67,10.07
αναπόσπαστος,67,10.07
εξαιρούμενος,67,10.07
αποκλείει,67,10.07
καταστροφή,67,10.07
94/19/εκ,67,10.07
ποτέ,67,10.07
παρόλο,67,10.07
παρεκκλίνω,67,10.07
επιχειρησεις,67,10.07
συμπληρωματικά,67,10.07
φόρτιση,67,10.07
χειρίζω,67,10.07
φροντίζω,67,10.07
πιστοποιημένος,67,10.07
ερευνητικός,67,10.07
άρα,67,10.07
εξαρτημάτο,67,10.07
επιβλαβής,67,10.07
χρεωγράφος,67,10.07
ναρκωτικός,67,10.07
γωνία,67,10.07
επανατιτλοποιήσεις,67,10.07
2.4,67,10.07
udi,67,10.07
οκτωβρίου,66,9.92
τροποποιήθηκε,66,9.92
απλοποιημένος,66,9.92
καθοριστικός,66,9.92
προϋποθέση,66,9.92
αναληφθούν,66,9.92
μεταβιβάσιμος,66,9.92
απασχολώ,66,9.92
εναπομένο,66,9.92
συνταχθεί,66,9.92
μέρισμα,66,9.92
αδυνατώ,66,9.92
εταιρία,66,9.92
προεξοφλητικός,66,9.92
επιμετράς,66,9.92
τμήματος,66,9.92
παρότι,66,9.92
παραθέτω,66,9.92
αποφασίσουν,66,9.92
υπογράφω,66,9.92
νοώ,66,9.92
επικοινωνώ,66,9.92
δηλ.,66,9.92
προερχόμενων,66,9.92
συμμετέχοντας,66,9.92
φαξ,66,9.92
σύνοψη,66,9.92
έλλειμμα,66,9.92
ανταλλακτικός,66,9.92
τπ,66,9.92
ανώτατων,66,9.92
μόλυβδος,66,9.92
απόπειρα,66,9.92
καταχωριστεί,66,9.92
ροπή,66,9.92
φερεγγυοτητα,66,9.92
κατηγοριας,66,9.92
υπομνηματικό,66,9.92
ευλογη,66,9.92
σημαντικοί,65,9.77
παρεμβαίνω,65,9.77
επιλέξουν,65,9.77
οφελών,65,9.77
πληροφοριες,65,9.77
διακριτός,65,9.77
καταταχθεί,65,9.77
εδδπχπ,65,9.77
εκτελεστεί,65,9.77
αντιστρέφω,65,9.77
απλουστευμένη,65,9.77
αποτέλεσαν,65,9.77
προορισμός,65,9.77
συνεδριάσεων,65,9.77
συνδυασμένη,65,9.77
εξαιρουμένου,65,9.77
δέκατος,65,9.77
δεξιότητα,65,9.77
κατοχύρωση,65,9.77
υποενότητα,65,9.77
αντιμετωπιστούν,65,9.77
πλευρικός,65,9.77
kg,65,9.77
εργαλείου,65,9.77
2022,65,9.77
mic,65,9.77
ασφαλειας,65,9.77
δοχείου,65,9.77
επειγόντως,65,9.77
ps,65,9.77
795/2014,65,9.77
2014/28,65,9.77
ε.μη.δη.συ,65,9.77
1].,64,9.62
3.2,64,9.62
διασφαλίσεις,64,9.62
επιπέδα,64,9.62
καθενός,64,9.62
μεσω,64,9.62
δημοσιευτεί,64,9.62
διαδίδω,64,9.62
θητεία,64,9.62
πληρωτέος,64,9.62
όρο,64,9.62
αντίθεση,64,9.62
πού,64,9.62
δηλωμένη,64,9.62
διερμηνειών,64,9.62
73/239/εοκ,64,9.62
μεσαίας,64,9.62
τελευταίους,64,9.62
ελαχιστοποίηση,64,9.62
χαρτοφυλακιο,64,9.62
ενσώματα,64,9.62
αντιστοιχισμένη,64,9.62
αντιστοιχισμένος,64,9.62
ορθότητα,64,9.62
ικανοποίηση,64,9.62
υπονομεύω,64,9.62
εδρεύω,64,9.62
γινόμενο,64,9.62
υπάρχων,64,9.62
εσφαλμένος,64,9.62
σύμβολα,64,9.62
αποδοτικότητα,64,9.62
προβολή,64,9.62
οικολογικός,64,9.62
μεθόδων,64,9.62
τ,64,9.62
αρνείται,64,9.62
5.2,64,9.62
σουηδικός,64,9.62
απορροφώντος,64,9.62
παραταθεί,64,9.62
αντικτύπου,64,9.62
βάθος,64,9.62
διάγνωση,64,9.62
αξιολογούμενης,64,9.62
καθαρων,64,9.62
πωληθείσα,64,9.62
ενοτητα,64,9.62
αποτιμώμενα,64,9.62
απόλυτα,63,9.47
εναλλαγή,63,9.47
συνυπολογίζω,63,9.47
αμετάκλητος,63,9.47
επανάληψη,63,9.47
ισχυρός,63,9.47
σχεδιαζόμενος,63,9.47
ανώτερων,63,9.47
πληρώνω,63,9.47
προέκυπτε,63,9.47
πετρέλαιο,63,9.47
εναπομένουσα,63,9.47
χαμηλότερος,63,9.47
υφιστάμενους,63,9.47
προειδοποιήσεις,63,9.47
δντ,63,9.47
μακροπρόθεσμης,63,9.47
ωρών,63,9.47
επιτακτικός,63,9.47
παρασκευή,63,9.47
κάρτη,63,9.47
αναφερόμενων,63,9.47
xi,63,9.47
1.2,63,9.47
επαληθεύσει,63,9.47
ασφαλίσεις,63,9.47
μηχάνημα,63,9.47
μπανάνα,63,9.47
υπεραξια,63,9.47
484,63,9.47
πλεκτός,63,9.47
δέρμα,63,9.47
εκροες,63,9.47
αναταξινόμηση,63,9.47
προβασικά,63,9.47
δερματοστιξία,63,9.47
gstm,63,9.47
έγκαιρα,62,9.32
επακόλουθος,62,9.32
συνέλευση,62,9.32
έκαστος,62,9.32
ενδιάμεσοι,62,9.32
σαν,62,9.32
εξασφαλισμένων,62,9.32
αποκλίσεις,62,9.32
ταχύς,62,9.32
υπολογίσει,62,9.32
εικονικός,62,9.32
αυστρία,62,9.32
ήσσονος,62,9.32
αποκτηθείσες,62,9.32
προϋποθέσεις,62,9.32
αντιλογίζονται,62,9.32
τίτλοι,62,9.32
τροφοδότηση,62,9.32
διάσπαση,62,9.32
υπ’,62,9.32
νοικοκυριών,62,9.32
υπαλλήλος,62,9.32
συντηρητικός,62,9.32
συμμορφούμενα,62,9.32
καταχωρισμένος,62,9.32
δανία,62,9.32
φόρουμ,62,9.32
χαρακτηριστούν,62,9.32
αποθεμάτο,62,9.32
ρυμουλκούμενα,62,9.32
μεταβιβάζουσας,62,9.32
ειδος,62,9.32
κινδυνους,62,9.32
twd,62,9.32
μαλλί,62,9.32
παρέχονται,61,9.17
λεπτομερός,61,9.17
μητρώα,61,9.17
περιττός,61,9.17
2004/39/eκ,61,9.17
οδηγίας·,61,9.17
εντελώς,61,9.17
μισθώματα,61,9.17
παροχές,61,9.17
εκδοχέα,61,9.17
αναδρομικά,61,9.17
αργός,61,9.17
αιτία,61,9.17
βλ,61,9.17
μιας,61,9.17
κίνα,61,9.17
ακριβώς,61,9.17
γνώμονα,61,9.17
προσωπικότητα,61,9.17
πράγμα,61,9.17
εγγραφεί,61,9.17
πληροφοριών·,61,9.17
έννομος,61,9.17
διακανονισμου,61,9.17
μεταβιβάζοντος,61,9.17
κέρματα,61,9.17
ευχερώς,61,9.17
βιβλίου,61,9.17
σειρές,61,9.17
διαγραφών,61,9.17
κλειδών,61,9.17
μηνυμάτων,61,9.17
εργαστήριο,61,9.17
προκαλείται,61,9.17
κατάσχεση,61,9.17
θερμότητα,61,9.17
ευάλωτος,61,9.17
eusef,61,9.17
ζημιογόνων,61,9.17
φάρμακο,61,9.17
δευτερόλεπτο,61,9.17
διακανονισθεισών,61,9.17
κροατικός,61,9.17
πέδης,61,9.17
2014/60,61,9.17
αλλες,61,9.17
2001/34/εκ,60,9.02
ευρωπαϊκων,60,9.02
κοινοτητων,60,9.02
ανώτατου,60,9.02
επιβαρύνω,60,9.02
ενημερώσουν,60,9.02
υποκείμενου,60,9.02
εκδοτής,60,9.02
υποχρεωσεις,60,9.02
ιστοσελίδα,60,9.02
μεταβιβασθέντα,60,9.02
ρυθμός,60,9.02
συμπίπτω,60,9.02
επεκταθεί,60,9.02
πρόκληση,60,9.02
εξάγω,60,9.02
χώρα·,60,9.02
12.,60,9.02
φακέλος,60,9.02
χάρτη,60,9.02
ανάμειξη,60,9.02
ανώνυμος,60,9.02
τραπεζογραμμάτιο,60,9.02
ανεπάρκεια,60,9.02
διαπραγματεύσιμες,60,9.02
μακροοικονομικός,60,9.02
μαζικός,60,9.02
ρεύματος,60,9.02
αφρική,60,9.02
ανακεφαλαιοποίηση,60,9.02
ένωση·,60,9.02
1907/2006,60,9.02
υποβλώνη,60,9.02
μεταφέρνω,60,9.02
εξάτμιση,60,9.02
δηνάριο,60,9.02
kid,60,9.02
πολωνία,59,8.87
αναπτυχθεί,59,8.87
οργανισμοί,59,8.87
κεφαλαιαγορών,59,8.87
μικρομεσαίος,59,8.87
θεμελιώδη,59,8.87
ανασταλώ,59,8.87
προθεσμιών,59,8.87
εύλογων,59,8.87
σφαλμάτων,59,8.87
εμφαίνω,59,8.87
πελάτη·,59,8.87
αντιμετωπίζομαι,59,8.87
ομαδοποιώ,59,8.87
λογιστικοποιούνται,59,8.87
ταχείας,59,8.87
β.,59,8.87
utc,59,8.87
βεβαιώνεται,59,8.87
κεντρικά,59,8.87
σταδιακά,59,8.87
λογιστικοποιήθηκαν,59,8.87
διευθέτηση,59,8.87
εμπορικης,59,8.87
μετριάζω,59,8.87
ανώς,59,8.87
μέγιστο,59,8.87
θετικες,59,8.87
τοξικότητα,59,8.87
74.00,59,8.87
υπερβεί,58,8.72
μετοχικοί,58,8.72
ανθρώπινη,58,8.72
παραλείψεις,58,8.72
ληξιπρόθεσμα,58,8.72
αναδρομικός,58,8.72
άνθρωπος,58,8.72
απρίλιος,58,8.72
13.,58,8.72
απαιτητής,58,8.72
προφορικός,58,8.72
αντιπροσώπο,58,8.72
νομισμάτος,58,8.72
γραμμικός,58,8.72
τεκμαίρεται,58,8.72
επισήμως,58,8.72
πλήρωση,58,8.72
ανάρτηση,58,8.72
διακίνηση,58,8.72
ένσταση,58,8.72
ερευνώ,58,8.72
γνωμών,58,8.72
δέουσας,58,8.72
κεφαλή,58,8.72
244,58,8.72
υποτμήμα,58,8.72
σώματος,58,8.72
ασφαλός,58,8.72
χρονοσφραγίδα,58,8.72
χωρίζω,58,8.72
κλάσεις,58,8.72
ποσά,58,8.72
πτα,58,8.72
mas,58,8.72
2015/510,58,8.72
2015/2205,58,8.72
ιχ,57,8.57
γνωστοποιηθεί,57,8.57
εξαντλητικός,57,8.57
ιδιωτικού,57,8.57
συντονισμένος,57,8.57
οντότητα·,57,8.57
ψήφου,57,8.57
ενημερωθεί,57,8.57
ανέρχω,57,8.57
πληροφορίες·,57,8.57
επιφυλάξεις,57,8.57
ανταλλάξιμος,57,8.57
ρητρών,57,8.57
καθορισμένου,57,8.57
θεμελιώδης,57,8.57
τελικά,57,8.57
δύσκολος,57,8.57
εκφραζόμενος,57,8.57
σχετιζόμενες,57,8.57
επάγγελμα,57,8.57
επιβλέπω,57,8.57
αναγράφεται,57,8.57
κινείται,57,8.57
συναλλαγματος,57,8.57
βάση·,57,8.57
εγκαταστάσεων,57,8.57
διενεργούμενος,57,8.57
εξομάλυνση,57,8.57
επικαιροποιούνται,57,8.57
καταρχήν,57,8.57
εφάπαξ,57,8.57
επεξεργάζω,57,8.57
βιολογικός,57,8.57
εγκεκριμένη,57,8.57
4.3,57,8.57
καθεστώτο,57,8.57
28.2.2011,57,8.57
αθετήσεων,57,8.57
συνάντηση,57,8.57
βασικό,57,8.57
εξάρτημα,57,8.57
καυσίμων,57,8.57
hkd,57,8.57
cny,57,8.57
αντισταθμισμένων,57,8.57
ευλογης,57,8.57
sfo,57,8.57
2016/1011,57,8.57
τσεχική,56,8.42
ουγγαρία,56,8.42
4.2,56,8.42
ενδείξεων,56,8.42
ελλιπής,56,8.42
επέρχω,56,8.42
ψηφιακός,56,8.42
προοριζόμενος,56,8.42
μεταγενέστερης,56,8.42
οφειλετός,56,8.42
αξιόγραφο,56,8.42
έπεται,56,8.42
αντάλλαγμας,56,8.42
αφαιρώντας,56,8.42
μετέπειτα,56,8.42
ποια,56,8.42
λήσσω,56,8.42
31.12.2004,56,8.42
λέξεις,56,8.42
καταβάλλονται,56,8.42
ενδιαφερομένων,56,8.42
αποθεμάτων,56,8.42
επιχείρημα,56,8.42
νομολογία,56,8.42
φπα,56,8.42
περιέρχω,56,8.42
ήμισυ,56,8.42
εκτελέστηκαν,56,8.42
αναβαλλόμενων,56,8.42
τρέχον,56,8.42
μετάθεση,56,8.42
μεσολάβηση,56,8.42
ψηφίο,56,8.42
συστημικά,56,8.42
εστιάζω,56,8.42
βουλγαρικός,56,8.42
συγκρότημα,56,8.42
ακινήτου,56,8.42
επιβλήθηκαν,56,8.42
οχήματος·,56,8.42
δανειοδότη,56,8.42
κεφαλαιακά,56,8.42
σεναρίου,56,8.42
ακριβεία,56,8.42
περιλαμβανονται,56,8.42
βαθμιδα,56,8.42
χτμ,56,8.42
var,55,8.27
εξαμηνιαίος,55,8.27
αντίρρηση,55,8.27
ευθυγραμμίζω,55,8.27
παρασχέθηκαν,55,8.27
8.1,55,8.27
εξάλλου,55,8.27
παρουσιάζονται,55,8.27
εκπροσώπηση,55,8.27
αυτόνομος,55,8.27
μεταβιβαζόμενος,55,8.27
εισπράξει,55,8.27
κυμαίνω,55,8.27
παρατηρήσιμος,55,8.27
μεσίτης,55,8.27
υπόλοιπων,55,8.27
δανείζω,55,8.27
προεξόφληση,55,8.27
δυσμενών,55,8.27
διέπομαι,55,8.27
κοινοτήτων,55,8.27
απόψεων,55,8.27
μέσου,55,8.27
πάγια,55,8.27
95/46/εκ,55,8.27
ιδρύμας,55,8.27
χρησιμοποιείται,55,8.27
πολλαπλασιαζόμενος,55,8.27
αναγνωρισμένο,55,8.27
αποστάσεως,55,8.27
πρωτόκολλα,55,8.27
ενεργητικού·,55,8.27
ενδοημερήσιος,55,8.27
εξειδίκευση,55,8.27
αξίωση,55,8.27
ετα,55,8.27
αναλυση,55,8.27
γυναίκα,55,8.27
ομοιογένεια,55,8.27
εγκατεστημένες,55,8.27
διαφωνώ,55,8.27
1227/2011,55,8.27
διακανονισμού·,55,8.27
πύλη,55,8.27
θάλαμος,55,8.27
υγρός,55,8.27
αντίσταση,55,8.27
επιβράδυνση,55,8.27
"17,65",55,8.27
εμα,55,8.27
αδύνατος,54,8.12
άκρως,54,8.12
93/6/εοκ,54,8.12
συνάψει,54,8.12
πληροφοριεσς,54,8.12
συμμετάσχει,54,8.12
άτυπος,54,8.12
αλληλογραφία,54,8.12
διετία,54,8.12
πωληθεί,54,8.12
ενδεδειγμένη,54,8.12
καθυστερημένος,54,8.12
1999/468/εκ,54,8.12
δέουσος,54,8.12
πειθαρχικός,54,8.12
προστεθεί,54,8.12
συγχωνεύσεις,54,8.12
β)·,54,8.12
ποσοστά,54,8.12
μετρώνται,54,8.12
διαχειρίζεται,54,8.12
παρεμβολή,54,8.12
λεπτό,54,8.12
ομοσπονδιακός,54,8.12
αντλώ,54,8.12
κάρτα,54,8.12
χρεώσεων,54,8.12
2001/95/εκ,54,8.12
επικίνδυνων,54,8.12
ταυτοχρόνως,54,8.12
euribor,54,8.12
περιορισμοί,54,8.12
co,54,8.12
υπαίτιος,54,8.12
τιτλοποιημένο,54,8.12
εεφεε,54,8.12
κελιών,54,8.12
ενδύμα,54,8.12
λογική,53,7.97
αποκτήνω,53,7.97
επιπέδων,53,7.97
ασκήσουν,53,7.97
εξηγείται,53,7.97
προλαμβάνω,53,7.97
αναπαράγω,53,7.97
ευθυνών,53,7.97
39.,53,7.97
αποσβεσμένου,53,7.97
εισπράξεις,53,7.97
όρας,53,7.97
εκχωρητής,53,7.97
παρέλθει,53,7.97
απίθανος,53,7.97
εργατικός,53,7.97
10α,53,7.97
πολλαπλασιαστικός,53,7.97
βιβλία,53,7.97
τακτοποίηση,53,7.97
δίκαιης,53,7.97
ελάχιστο,53,7.97
αναπροσαρμογών,53,7.97
αναλήψεις,53,7.97
ανακρίβεια,53,7.97
υποκαταστήματος,53,7.97
εγείρω,53,7.97
αποφάση,53,7.97
πληρωμών,53,7.97
παιδί,53,7.97
επιχειρηματικά,53,7.97
αδράνεια,53,7.97
συμμετρικός,53,7.97
προϋφιστάμενα,53,7.97
φράγκο,53,7.97
συνολικό,53,7.97
καθαρα,53,7.97
οδτ,53,7.97
συγκροτημάτων,53,7.97
μαροκινό,53,7.97
ανταποκριθεί,52,7.82
5].,52,7.82
δικαιούνται,52,7.82
δέοντα,52,7.82
προσαρμοσμένα,52,7.82
διαβατηρίο,52,7.82
δικαιωμάτο,52,7.82
μερίσμα,52,7.82
αναλυτικά,52,7.82
καταργείται,52,7.82
απεριόριστος,52,7.82
επήλθαν,52,7.82
δικαιώμα,52,7.82
χάλυβα,52,7.82
αμφισβήτηση,52,7.82
c-,52,7.82
εντιμότητα,52,7.82
αρμόδια,52,7.82
μνημονεύω,52,7.82
άπαξ,52,7.82
καλαθιού,52,7.82
αποτιμήσεων,52,7.82
απλουστευμένος,52,7.82
συνάφεια,52,7.82
πραγματοποιηθέντων,52,7.82
πραγματοποιηθέν,52,7.82
τοκομεριδίων,52,7.82
gbp,52,7.82
ακρόαση,52,7.82
κατα,52,7.82
μειώσεων,52,7.82
πλεονάσμα,52,7.82
ανθεκτικότητα,52,7.82
αναληφθεισών,52,7.82
ανεπιθύμητος,52,7.82
επιλέξιμου,52,7.82
μηδενός,52,7.82
2007/36/εκ,52,7.82
συγκράτηση,52,7.82
υποδειγματος,52,7.82
2016/1178,52,7.82
mze,52,7.82
2014/65/eε,52,7.82
0060,52,7.82
47γ,52,7.82
προσαρμοστεί,51,7.67
τάσεων,51,7.67
6].,51,7.67
συνεννόηση,51,7.67
καθεστώ,51,7.67
απλούστευση,51,7.67
παραλαμβάνω,51,7.67
βραχυχρόνιος,51,7.67
α.,51,7.67
περιουσιακά,51,7.67
δεκέμβριος,51,7.67
παραδίδω,51,7.67
εγκυρότητα,51,7.67
επιμετρά,51,7.67
18.,51,7.67
τερματικός,51,7.67
αυξήζω,51,7.67
γραμματεία,51,7.67
προέκυψαν,51,7.67
συγκεντρώσεις,51,7.67
κύρος,51,7.67
πολίτης,51,7.67
μειωμένη,51,7.67
ίσχυαν,51,7.67
βασικου,51,7.67
προσομοιώσεις,51,7.67
επιζήμιος,51,7.67
ενήμερος,51,7.67
πενταετία,51,7.67
μέση,51,7.67
ελαχιστοποιώ,51,7.67
επαναλαμβάνω,51,7.67
προνομιούχος,51,7.67
εξειδικεύω,51,7.67
διαστάσεις,51,7.67
διασταύρωση,51,7.67
ευκόλως,51,7.67
ανατεθούν,51,7.67
απορροφώμενου,51,7.67
μόνιμα,51,7.67
συστημικώςς,51,7.67
ενοποιημένου,51,7.67
διαρροή,51,7.67
εγκρίνουσα,51,7.67
οπίσθιος,51,7.67
αισθητήρας,51,7.67
αποσύνδεση,51,7.67
εφοδιασμένος,51,7.67
υποσυστημάτων,51,7.67
βόρειας,51,7.67
κύλιση,51,7.67
καθυστερούμενες,51,7.67
c010,51,7.67
2017/745,51,7.67
rmo,51,7.67
ακάλυπτος,50,7.52
καλούνται,50,7.52
μετάφραση,50,7.52
επιδιωκόμενος,50,7.52
αντίθετα,50,7.52
24.,50,7.52
σοβαρά,50,7.52
καταστώ,50,7.52
περιττή,50,7.52
σύνολα,50,7.52
ευρεία,50,7.52
σταδίο,50,7.52
υποκείμενες,50,7.52
17.,50,7.52
συνενώσεις,50,7.52
τύποι,50,7.52
προσαρτήματος,50,7.52
αποτιμώνη,50,7.52
επιτρεπτός,50,7.52
εκπεφρασμένος,50,7.52
σταθμικός,50,7.52
πολλαπλασιασμένος,50,7.52
ρεαλιστικός,50,7.52
διαύλος,50,7.52
διαδίκτυο,50,7.52
άλλου,50,7.52
μεταφερθεί,50,7.52
ορισμένη,50,7.52
πλησιέστερα,50,7.52
ταχυδρομείου,50,7.52
δεδομενων,50,7.52
απομειωμένος,50,7.52
διευθετήσεις,50,7.52
συνθήκες,50,7.52
μέσων·,50,7.52
χοεδ,50,7.52
προσομοιώσεων,50,7.52
εγγυημένα,50,7.52
απαριθμείται,50,7.52
πολύτιμος,50,7.52
μέγιστα,50,7.52
νορβηγία,50,7.52
τιτλοποιώ,50,7.52
καθαρισμός,50,7.52
σωματιδίων,50,7.52
πέδα,50,7.52
επανατιτλοποίησος,50,7.52
μισθωτής,50,7.52
διαδικτυακός,50,7.52
κάθετος,50,7.52
317,50,7.52
καλυψη,50,7.52
hrk,50,7.52
thb,50,7.52
2016/98,50,7.52
κυττάρων,50,7.52
2004/72/εκ,49,7.37
κατανοήζω,49,7.37
εμποδίος,49,7.37
ομαδοποίηση,49,7.37
ενσώματων,49,7.37
προηγούνται,49,7.37
ληξιπρόθεσμος,49,7.37
εκδοθείσες,49,7.37
εκδοχή,49,7.37
εκμισθωτής,49,7.37
ανακτώ,49,7.37
συμβάσεις,49,7.37
σταθερού,49,7.37
διαφύλαξη,49,7.37
αόριστος,49,7.37
λογιστικοποιώ,49,7.37
επικρατώ,49,7.37
χαμηλότερο,49,7.37
δηλωθεί,49,7.37
υπέστη,49,7.37
διαλειτουργικότητα,49,7.37
συγκαταλέγω,49,7.37
εκτεθειμένος,49,7.37
υποσημείωση,49,7.37
μέλος·,49,7.37
απαιτήσεις·,49,7.37
χρηματοδοτούνται,49,7.37
παγίος,49,7.37
επιβάλουν,49,7.37
ισοδύναμη,49,7.37
σύνεση,49,7.37
χρονολογικός,49,7.37
2006/43/εκ,49,7.37
εβδομαδιαία,49,7.37
τραπεζογραμμάτια,49,7.37
είδη,49,7.37
υστέρηση,49,7.37
βαθμολογία,49,7.37
δεξιά,49,7.37
συσκευές,49,7.37
οργανώσεις,49,7.37
αγροτικός,49,7.37
ελλείψεων,49,7.37
κατώφλι,49,7.37
ορατός,49,7.37
προσαρμοστούν,49,7.37
×,49,7.37
αναγνωριστούν,49,7.37
παρόχους,49,7.37
αριθμητής,49,7.37
ξυλεία,49,7.37
χρηματοπιστωτικής,49,7.37
προερχόμενους,49,7.37
ένωσης·,49,7.37
νέας,49,7.37
σχεδίαση,49,7.37
μολύβδου,49,7.37
αποδεκτές,49,7.37
αναήκγ,49,7.37
ead,49,7.37
κατακόρυφος,49,7.37
μετρούμενος,49,7.37
επεκτάσεων,49,7.37
μεταβιβαζουσών,49,7.37
2023,49,7.37
428,49,7.37
ρουμανία,49,7.37
272,49,7.37
δανεια,49,7.37
08.02,49,7.37
λεβ,49,7.37
αναταξινομώ,49,7.37
πέδη,49,7.37
κεφαλής,49,7.37
2014/17,49,7.37
2b,49,7.37
909/2014·,49,7.37
ταϊλάνδη,49,7.37
σλοβενία,48,7.22
2003/125/εκ,48,7.22
πως,48,7.22
συχνός,48,7.22
ευρίσκω,48,7.22
εκδότη,48,7.22
μέριμνα,48,7.22
εξηγήσεις,48,7.22
εγκεκριμένων,48,7.22
απέχω,48,7.22
υποτίμηση,48,7.22
κτήση,48,7.22
αναγνωρίστηκαν,48,7.22
αποκλείζω,48,7.22
τροποποιήθηκαν,48,7.22
διαρκώς,48,7.22
θυρίδα,48,7.22
μεν,48,7.22
εύλογου,48,7.22
30.6.2006,48,7.22
γενικώς,48,7.22
συνεκτικότητα,48,7.22
συστήμα,48,7.22
αναλύσεων,48,7.22
φινλανδία,48,7.22
τοποθετούνται,48,7.22
σηματοδότηση,48,7.22
διαχειριση,48,7.22
πορισμάτων,48,7.22
αναγραφεί,48,7.22
2001/24/εκ,48,7.22
hoc,48,7.22
ευρώ·,48,7.22
χαμηλότερης,48,7.22
ουσιών,48,7.22
οικιακός,48,7.22
τροποποιητικός,48,7.22
αμπελοοινικός,48,7.22
τροποποιήσεως,48,7.22
αερίων,48,7.22
προϋφιστάμενου,48,7.22
προσδιορίζει,48,7.22
bgn,48,7.22
ig6,48,7.22
17.1.2015,48,7.22
ae-sou,48,7.22
νήματα,48,7.22
εξαασφάλιση,48,7.22
44(α,48,7.22
rwea,48,7.22
εχρησιμοποιείτο,48,7.22
γ.,47,7.07
αμοιβαίου,47,7.07
μελέτα,47,7.07
ταξινομώ,47,7.07
προάγω,47,7.07
υψηλά,47,7.07
1995,47,7.07
ενδιάμεσες,47,7.07
σημαντικότερος,47,7.07
σύνηθεςς,47,7.07
ασφάλειες,47,7.07
παραχωρώ,47,7.07
επιμετρώ,47,7.07
τύπο,47,7.07
κατώτερο,47,7.07
ποσοστού,47,7.07
αναβάθμιση,47,7.07
πωλείται,47,7.07
ενεργή,47,7.07
οίκος,47,7.07
ενεργώντας,47,7.07
γνωστοπόιηση,47,7.07
χ,47,7.07
κινεζικός,47,7.07
εναρξης,47,7.07
ετήσιας,47,7.07
κρίνεμαι,47,7.07
καταγραφεί,47,7.07
διαπράττω,47,7.07
περιθωρίος,47,7.07
διαπραγματεύσιμο,47,7.07
μετοχικά,47,7.07
αποθηκευμένος,47,7.07
αποκάλυψη,47,7.07
ράβδος,47,7.07
πραγματοποιήνω,47,7.07
συμβόλος,47,7.07
τυχαίας,47,7.07
εκχωρώ,47,7.07
ταυτίζω,47,7.07
δηλώσεων,47,7.07
διατομεακός,47,7.07
ad,47,7.07
αιτούσας,47,7.07
οριστικοποίηση,47,7.07
≥,47,7.07
ηχητικός,47,7.07
συνδεδεμένα,47,7.07
συστήνω,47,7.07
φόρτωση,47,7.07
μάρκο,47,7.07
αυτοκίνητο,47,7.07
t2sς,47,7.07
αποκτηθεισών,47,7.07
ορίζων,47,7.07
φαρμάκων,47,7.07
ανελκυστήρες,47,7.07
mkd,47,7.07
ron,47,7.07
δείκμης,47,7.07
πατάκα,47,7.07
απορρίμμα,47,7.07
ανάδοχες,47,7.07
bam,47,7.07
εχα,47,7.07
31.12.2003,46,6.92
εξάμηνο,46,6.92
ολοκλήρος,46,6.92
καταχωρώ,46,6.92
οιεσδήποτε,46,6.92
υπολογιζόμενες,46,6.92
ιδρυτικός,46,6.92
επηρεαστεί,46,6.92
σύμβουλος,46,6.92
περισσότερο,46,6.92
εμφανής,46,6.92
επιχειρήσεων,46,6.92
μερικοί,46,6.92
επιμετρηθεί,46,6.92
9),46,6.92
επιπρόσθετα,46,6.92
τεκμηριωμένη,46,6.92
εκδοθέν,46,6.92
ακατάλληλος,46,6.92
δαπάνες,46,6.92
ίσα,46,6.92
ιδιοκτησιακός,46,6.92
αποδόσεων,46,6.92
χρηματοπιστωτικοί,46,6.92
επιχείρησης·,46,6.92
πίνακα,46,6.92
αντιστοιχισμένες,46,6.92
ενυπόθηκων,46,6.92
προκαταβολές,46,6.92
ενσωματωμένων,46,6.92
μόνον,46,6.92
αποταμίευση,46,6.92
ενημερώσεις,46,6.92
μεγαλύτερης,46,6.92
καλείται,46,6.92
αναγνώσιμος,46,6.92
αναφερομένος,46,6.92
λαμβάνο,46,6.92
σκεπτικό,46,6.92
μισθώσεων,46,6.92
αναλογιστικός,46,6.92
εκτεθούν,46,6.92
συστημικού,46,6.92
εξοπλισμένος,46,6.92
mg,46,6.92
περιλαμβάνεται,46,6.92
chf,46,6.92
cfd,46,6.92
αλληλασφαλιστικός,46,6.92
337,46,6.92
ανοιγμα,46,6.92
οφειλετη,46,6.92
βουλγαρία,46,6.92
20.5.2014,46,6.92
ιός,46,6.92
επαναπροσδιορισμός,46,6.92
ετεπ,46,6.92
βππ,46,6.92
συνεισφέροντης,46,6.92
0130,46,6.92
πλήρεςς,45,6.77
τακτική,45,6.77
βιομηχανία,45,6.77
μέσο·,45,6.77
διοικήσεις,45,6.77
δημοσιεύθηκαν,45,6.77
ανακλώ,45,6.77
αμετάβλητος,45,6.77
πέρα,45,6.77
μετέχω,45,6.77
υποβλήθηκαν,45,6.77
προκαλούνται,45,6.77
έκτακτα,45,6.77
ομοσπονδία,45,6.77
κινηθεί,45,6.77
κατανεμημένα,45,6.77
παρέλευση,45,6.77
ειδάλλως,45,6.77
πορίσματα,45,6.77
επικυρώνω,45,6.77
πέμπτος,45,6.77
προσφεύγω,45,6.77
χρηστός,45,6.77
αυτοματοποιημένος,45,6.77
λάθος,45,6.77
εθελοντικός,45,6.77
αποδέχω,45,6.77
εταιρείες·,45,6.77
συνεχεία,45,6.77
παρόμοιας,45,6.77
λογαριασμών,45,6.77
ταυτοποιώ,45,6.77
πορτογαλία,45,6.77
πόλη,45,6.77
ποινός,45,6.77
διακανονισμού,45,6.77
δικαιολογητικός,45,6.77
σκάφος,45,6.77
επιχορήγηση,45,6.77
δίωξη,45,6.77
απαλλαγμένος,45,6.77
επίσκεψη,45,6.77
αποδέχομαι,45,6.77
ανακυκλούμενων,45,6.77
αφαιρούμενος,45,6.77
συμβατά,45,6.77
ανακύκλωση,45,6.77
αντίκτυπου,45,6.77
δεδομένων·,45,6.77
δραστηριοτητες,45,6.77
εεεε-μμ-ηη,45,6.77
ανοίγματά,45,6.77
περού,45,6.77
ανατροπή,45,6.77
εκπέμπω,45,6.77
απαραιτήτως,45,6.77
υβριδικά,45,6.77
στερλίνα,45,6.77
ζλότι,45,6.77
rsd,45,6.77
καθυστερούμενος,45,6.77
εμιράτων,45,6.77
συμβουλίου·,45,6.77
π.ε.δε.συ,45,6.77
εσς,45,6.77
0040,45,6.77
ανταγωνιστικότητα,44,6.62
θέσουν,44,6.62
κυκλοφορώ,44,6.62
επιλεγεί,44,6.62
αναστείλλω,44,6.62
έμφαση,44,6.62
επενδυτός,44,6.62
εξουσιοδοτημένα,44,6.62
μισθωμένων,44,6.62
περιλαμβανομένου,44,6.62
προσφερόμενος,44,6.62
οπωσδήποτε,44,6.62
καταβλήθηκαν,44,6.62
συμβούλος,44,6.62
τίμημα,44,6.62
ρευστότητάς,44,6.62
κινήτρων,44,6.62
ατομικά,44,6.62
μέταλλα,44,6.62
ταχέως,44,6.62
έρχομαι,44,6.62
εύθετος,44,6.62
ευθύνομαι,44,6.62
προσδιορίζεται,44,6.62
συνέβη,44,6.62
ανακριβής,44,6.62
ορθές,44,6.62
εσόδος,44,6.62
συμμόρφωσής,44,6.62
2005/60/εκ,44,6.62
επεξηγώ,44,6.62
προσδιορίστε,44,6.62
δομικός,44,6.62
ανακαλέσουν,44,6.62
παύσουν,44,6.62
χρηματοδοτηση,44,6.62
στάθμη,44,6.62
ενισχυμένος,44,6.62
αιγίδα,44,6.62
εμπρόσθιος,44,6.62
ανίχνευση,44,6.62
ύποπτος,44,6.62
υποδιαίρεση,44,6.62
ανασυγκρότηση,44,6.62
άγνωστος,44,6.62
επαρχία,44,6.62
κατώτατο,44,6.62
2a,44,6.62
αερίο,44,6.62
ζωικός,44,6.62
εντος,44,6.62
ασφάλιστρο,44,6.62
θαλάμος,44,6.62
i·,44,6.62
πλειστηριασμός,44,6.62
εισροες,44,6.62
czk,44,6.62
μακεδονία,44,6.62
διασυναλλαγματικός,44,6.62
περίοδοι,44,6.62
υπουργός,44,6.62
2013/36/εε·,44,6.62
πρόσφυση,44,6.62
αραβικών,44,6.62
aed,44,6.62
0140,44,6.62
εμηδησυ,44,6.62
εναρμονισμένη,43,6.47
ζητήσουν,43,6.47
θεματοφυλακής,43,6.47
παραστατικός,43,6.47
συνήθους,43,6.47
δημοσιότητα,43,6.47
αποτελούμενος,43,6.47
ελεγχθεί,43,6.47
σύντομη,43,6.47
ζημίη,43,6.47
ζημιά,43,6.47
κα,43,6.47
συμφωνείται,43,6.47
συγκεντρωτικά,43,6.47
επωφεληθούν,43,6.47
εκπροσώπων,43,6.47
πληροφορώ,43,6.47
γενομένης,43,6.47
ενδιαφερόμενου,43,6.47
διαπραχθεί,43,6.47
καταργούμενος,43,6.47
ιθ,43,6.47
ρευστάς,43,6.47
λιγότερο,43,6.47
ιδρύματος·,43,6.47
πρώτον,43,6.47
σκέλη,43,6.47
πιστωτικο,43,6.47
όροις,43,6.47
επιδεικνύω,43,6.47
συναλλαγής·,43,6.47
κανονες,43,6.47
ix,43,6.47
γραμμάτιο,43,6.47
ετδ,43,6.47
στιγμιαίος,43,6.47
αμφισβητώ,43,6.47
εκτελέστηκε,43,6.47
αστοχία,43,6.47
εργασίμων,43,6.47
μη-νχι,43,6.47
κωδικοποίηση,43,6.47
αιτιολογία,43,6.47
κοινωνία,43,6.47
κοινοποιηθεί,43,6.47
καταστήνω,43,6.47
σωματικός,43,6.47
1092/2010,43,6.47
ψευδών,43,6.47
13.8.2008,43,6.47
σδτ,43,6.47
άνθρακα,43,6.47
αναφορα,43,6.47
τ1,43,6.47
261,43,6.47
ανεμοθώρακα,43,6.47
αγκυρώσεις,43,6.47
στερέωση,43,6.47
χρησης,43,6.47
tdi,43,6.47
λεκ,43,6.47
ρουπία,43,6.47
συγκροτήματος,43,6.47
λιβάνου,43,6.47
77ε,43,6.47
δακ,43,6.47
2017/571,43,6.47
2017/746,43,6.47
1.44(ζ,43,6.47
μεα,43,6.47
2020/1224,43,6.47
κύπρος,42,6.31
ποικιλομορφία,42,6.31
επαγγελματίης,42,6.31
1999,42,6.31
κομιστής,42,6.31
ευρήματα,42,6.31
ένδικος,42,6.31
στέλεχος,42,6.31
συγκρίσιμων,42,6.31
απαιτούμενες,42,6.31
καθυστερώ,42,6.31
διαπραγματεύω,42,6.31
όγκων,42,6.31
ηλικία,42,6.31
διεθνη,42,6.31
απευθύνεστε,42,6.31
ενσωματωμένου,42,6.31
δημιουργήθηκε,42,6.31
αποσβέσεων,42,6.31
εφαρμόσει,42,6.31
ορολογία,42,6.31
γνώμα,42,6.31
φάσματος,42,6.31
πλειονότητα,42,6.31
γλωσσικός,42,6.31
κεφάλαιά,42,6.31
ιδίαν,42,6.31
χρηματιστηρίων,42,6.31
ενδεχόμενου,42,6.31
καταθέτω,42,6.31
βαρύτητα,42,6.31
έκφραση,42,6.31
αποσβέσεις,42,6.31
ανταποκριτής,42,6.31
υπόλοιπα,42,6.31
πελατεία,42,6.31
ταυτόχρονος,42,6.31
ευρύτερος,42,6.31
προσπελάσιμος,42,6.31
υποβληθούν,42,6.31
διακανονισμών,42,6.31
ελλάδα,42,6.31
μήκους,42,6.31
ανθεκτικός,42,6.31
γένω,42,6.31
ι.,42,6.31
αντιπρόσωπός,42,6.31
25/2009,42,6.31
καταληκτικός,42,6.31
κλιματικός,42,6.31
ενσωματωμένη,42,6.31
συμμετέχουσα,42,6.31
δομημένη,42,6.31
σταθερό,42,6.31
αντισταθμισμένου,42,6.31
αρνητικη,42,6.31
αποτύπωση,42,6.31
εεχ,42,6.31
ημιτελής,42,6.31
πέδες,42,6.31
ταμειακών,42,6.31
306,42,6.31
φθορά,42,6.31
648/2012·,42,6.31
ζημιας,42,6.31
svar,42,6.31
παρακρατούνται,42,6.31
ντιράμ,42,6.31
μχο,42,6.31
συνδέσμου,42,6.31
αναπαραγωγικός,42,6.31
inc,42,6.31
χρηματοδοτησης,42,6.31
απα,42,6.31
01.01,42,6.31
αναπηρικός,42,6.31
κλινική,42,6.31
λιθουανία,41,6.16
αποφασιζει,41,6.16
64.,41,6.16
αμέλεια,41,6.16
πρωτογενής,41,6.16
κατατεθεί,41,6.16
θεμελιωδών,41,6.16
συναλλάσσω,41,6.16
προσχώρηση,41,6.16
δραστηριότητά,41,6.16
προστεθούν,41,6.16
ορισμένης,41,6.16
τιτλοποιημένα,41,6.16
χρημάτος,41,6.16
εκπνοή,41,6.16
διακρατείται,41,6.16
διαβαθμίσεις,41,6.16
εκποίηση,41,6.16
όντως,41,6.16
αφήνω,41,6.16
εξοφλήσεις,41,6.16
ενοποιημένα,41,6.16
προέκυψε,41,6.16
αποκαθιστώ,41,6.16
εμβέλεια,41,6.16
διαβάζω,41,6.16
τεκμαιρόμενος,41,6.16
έγγραφη,41,6.16
παρακολουθούνται,41,6.16
διεκπεραιώνω,41,6.16
χαρτί,41,6.16
εξ,41,6.16
πείρας,41,6.16
αγγλικός,41,6.16
εκπληρώσουν,41,6.16
αποποίηση,41,6.16
εμπλοκή,41,6.16
αιτούμενος,41,6.16
εγχώριων,41,6.16
διαγραφές,41,6.16
γιεν,41,6.16
εεεε,41,6.16
ευανάγνωστος,41,6.16
χρημάτο,41,6.16
ελλείμματος,41,6.16
κρίσεων,41,6.16
καλυπτόμενων,41,6.16
αντικαταστήσω,41,6.16
ισοδύναμο,41,6.16
προσφέρον,41,6.16
εύρυθμης,41,6.16
εμφυτεύσιμος,41,6.16
συνδέσεων,41,6.16
υφα,41,6.16
αρχή·,41,6.16
312,41,6.16
ερπυστρία,41,6.16
στάση,41,6.16
πρόσθετο,41,6.16
331,41,6.16
γόμωση,41,6.16
εκπλειστηριαζόμενος,41,6.16
σερβία,41,6.16
82/891/εοκ,41,6.16
2005/56/εκ,41,6.16
2015/208,41,6.16
lei,41,6.16
1272/2008,41,6.16
οπωροφόρων,41,6.16
ευπκο,41,6.16
διάμεση,41,6.16
sef,41,6.16
2.102-105,41,6.16
αποσυσσώρευση,41,6.16
μετρώ,40,6.01
τέθηκαν,40,6.01
ενημερωμένος,40,6.01
βαρύνουν,40,6.01
δσε,40,6.01
ερμηνεύω,40,6.01
καλύς,40,6.01
σέβομαι,40,6.01
αξιών·,40,6.01
περιορισμή,40,6.01
στη,40,6.01
διενεράγλω,40,6.01
εισφέρω,40,6.01
ασφαλισμένος,40,6.01
αντιπαροχή,40,6.01
διακεκριμένος,40,6.01
συμβαλλομένος,40,6.01
27.,40,6.01
αναληφθείσα,40,6.01
μετατραπεί,40,6.01
αποτραπεί,40,6.01
πιθανοτήτων,40,6.01
ανασκόπηση,40,6.01
προβλημάτων,40,6.01
σωλήνας,40,6.01
εκδήλωση,40,6.01
καταλήξουν,40,6.01
ικανοποιητικά,40,6.01
προχωρώ,40,6.01
ρυθμιστικά,40,6.01
στρεβλώση,40,6.01
μέσα·,40,6.01
αντ',40,6.01
ακριβές,40,6.01
πανομοιότυπος,40,6.01
εμπορευματος,40,6.01
πεισθεί,40,6.01
αστάθεια,40,6.01
συσχετίσεις,40,6.01
συζητώ,40,6.01
ζεύγος,40,6.01
παρακολουθείται,40,6.01
πινάκων,40,6.01
διπλού,40,6.01
αναγνωριστικό,40,6.01
διατυπώσουν,40,6.01
επιλέξιμες,40,6.01
εξεταζόμενος,40,6.01
κατασκευασμένα,40,6.01
συμμόρφωσης·,40,6.01
ουγγρικός,40,6.01
εγκυμονώ,40,6.01
πιέσεις,40,6.01
ανταμοιβή,40,6.01
σεβασμός,40,6.01
1893/2006,40,6.01
εε·,40,6.01
αμιγώς,40,6.01
συγκροτείται,40,6.01
καταβεβλημένος,40,6.01
πανευρωπαϊκός,40,6.01
εδαφών,40,6.01
άμυνα,40,6.01
ισλανδία,40,6.01
g-sii,40,6.01
αντίστροφος,40,6.01
καυσίμο,40,6.01
ορίζουσα,40,6.01
μειγμάτων,40,6.01
συντμήσεις,40,6.01
24.18(α,40,6.01
kpa,40,6.01
ach,40,6.01
μόλυνση,40,6.01
παρακρατούμαι,40,6.01
κεκ,40,6.01
οε6,40,6.01
εσθονία,39,5.86
θεσπισθούν,39,5.86
επιτόπου,39,5.86
23.11.1995,39,5.86
παραδοθούν,39,5.86
μεταποίηση,39,5.86
καθιερωμένη,39,5.86
θεματοφυλάκων,39,5.86
γνωστοποιήζω,39,5.86
επαναλαμβανόμενος,39,5.86
αντισταθμιζόμενου,39,5.86
χρονοδιαγράμμα,39,5.86
αποτιμάται,39,5.86
γιατί,39,5.86
έτοιμος,39,5.86
δηλωμένος,39,5.86
νμ100,39,5.86
χονδρική,39,5.86
καθυστερήσεις,39,5.86
επιτυχία,39,5.86
1994,39,5.86
ανακολουθία,39,5.86
προβληματικός,39,5.86
οποτεδήποτε,39,5.86
ιδίου,39,5.86
κινδύνων·,39,5.86
καίριος,39,5.86
δ.,39,5.86
αντιστοιχισμένων,39,5.86
πενταετής,39,5.86
επιλεγόμενος,39,5.86
έγγραφος,39,5.86
χρησιμοποιούμενων,39,5.86
συγκρότηση,39,5.86
αδειοδοτώ,39,5.86
αποστέλλονται,39,5.86
μσι,39,5.86
ενοποιούνται,39,5.86
ζευγός,39,5.86
σύμφωνο,39,5.86
δωδεκάμηνος,39,5.86
συλλέγομαι,39,5.86
σημειώμα,39,5.86
εννοιολογικός,39,5.86
αιφνίδιος,39,5.86
συντομότερη,39,5.86
επαναχρησιμοποιούνται,39,5.86
προνομιακά,39,5.86
προμηθεύνω,39,5.86
τιμολόγιο,39,5.86
επαναταξινόμηση,39,5.86
29.11.2008,39,5.86
ανακτήσιμος,39,5.86
πιστοποιητικά,39,5.86
κατασκευές,39,5.86
χαμηλότερου,39,5.86
εκχωρούνται,39,5.86
ενιαίους,39,5.86
μηχανήμα,39,5.86
ειναι,39,5.86
ελαφρά,39,5.86
φορολογούμενος,39,5.86
αντίδραση,39,5.86
αναγνωριστικοί,39,5.86
διευκολυνθούν,39,5.86
δεσμευμένων,39,5.86
επανατιτλοποίηση,39,5.86
ίδιων,39,5.86
διόγκωση,39,5.86
περιστατικό,39,5.86
τεμάχιο,39,5.86
ελατήριο,39,5.86
σωληνώσεις,39,5.86
πυρκαγιάς,39,5.86
προσαρμογης,39,5.86
λετονία,39,5.86
εισαγωγέα,39,5.86
πιστοποιημένο,39,5.86
αγρός,39,5.86
χρηματοδοτούσα,39,5.86
etc,39,5.86
lis,39,5.86
9.b2.5,39,5.86
17.02,39,5.86
2003,38,5.71
κειμένου,38,5.71
δικτύων,38,5.71
εξισορρόπηση,38,5.71
δικαιωμάτων,38,5.71
μικρότερης,38,5.71
υπολείπεται,38,5.71
τίτλων·,38,5.71
πράττω,38,5.71
αναγγελία,38,5.71
συναφούς,38,5.71
οργάνου,38,5.71
πρεπει,38,5.71
σκεπτικός,38,5.71
διακανονιστούν,38,5.71
διαθέσιμο,38,5.71
τηρούμενος,38,5.71
συλλογικά,38,5.71
τιμήματος,38,5.71
διορθώνω,38,5.71
τρεχόντος,38,5.71
αγορασμένος,38,5.71
δικαιολογούνται,38,5.71
δικαιολογητικά,38,5.71
38.,38,5.71
τύχουν,38,5.71
άντληση,38,5.71
προσφυγών,38,5.71
δημοσίως,38,5.71
πράκτορας,38,5.71
ίσχυε,38,5.71
ταυτόσημος,38,5.71
εκκαθαριστεί,38,5.71
επεξηγήσεις,38,5.71
παύουν,38,5.71
τδδ,38,5.71
πάλι,38,5.71
συστήνεται,38,5.71
ταμιευτηρίου,38,5.71
άλλης,38,5.71
γεωργία,38,5.71
περίθαλψη,38,5.71
παραβιάσεων,38,5.71
περιεχομένων,38,5.71
ανακυκλούμενες,38,5.71
μετατόπιση,38,5.71
ανταλλάξει,38,5.71
ενσωματωμένες,38,5.71
εντεταλμένη,38,5.71
φωτεινός,38,5.71
εξασφαλισμένο,38,5.71
διαβαθμισμένες,38,5.71
486,38,5.71
ανωτάτου,38,5.71
αμάξωμα,38,5.71
επείγοντος,38,5.71
υπερήμερα,38,5.71
23.2.2013,38,5.71
sa,38,5.71
λειτουργικος,38,5.71
1.2.2,38,5.71
κροατία,38,5.71
600/2014,38,5.71
καθυστερούμενων,38,5.71
προσομοιωτής,38,5.71
τεμάχια,38,5.71
σχοινιά,38,5.71
επαγρύπνηση,38,5.71
covid-19,38,5.71
αναγκαιότητα,37,5.56
εισηγμένα,37,5.56
εκάστου,37,5.56
βαρύνει,37,5.56
κοινολόγηση,37,5.56
θεσπισθεί,37,5.56
7].,37,5.56
έβδομος,37,5.56
περιφερειακή,37,5.56
κοινολογώ,37,5.56
μέλη·,37,5.56
περατώνω,37,5.56
οριώνσ,37,5.56
διαφημίσεις,37,5.56
εκδοθούν,37,5.56
κατώτερος,37,5.56
οικογενειακός,37,5.56
δημιουργηθούν,37,5.56
υπευθύνου,37,5.56
καθήκοντος,37,5.56
ορισμένων,37,5.56
διάφοροι,37,5.56
προσδιοριζόμενες,37,5.56
ασφαλιζόμενος,37,5.56
συσσωρεύω,37,5.56
λογισμός,37,5.56
δανειστεί,37,5.56
ελευθέρωση,37,5.56
φεβρουαρίο,37,5.56
εκτενής,37,5.56
αυξανόμενος,37,5.56
12.1.2001,37,5.56
καταβάλω,37,5.56
ιανουάριο,37,5.56
αρνούμαι,37,5.56
ποιοτητας,37,5.56
συντονιστικός,37,5.56
διαιρείται,37,5.56
χρυσό,37,5.56
αυτονομία,37,5.56
πιστωτός,37,5.56
επ’,37,5.56
ουσιωδός,37,5.56
ακολουθούνται,37,5.56
κέρμα,37,5.56
ιδία,37,5.56
εντύπων,37,5.56
μερίδιά,37,5.56
υπάρχοντα,37,5.56
συμφωνημένος,37,5.56
4α,37,5.56
πάχος,37,5.56
εγκριθούν,37,5.56
πρόδρομος,37,5.56
ασφαλών,37,5.56
τερματίζω,37,5.56
δημόσιου,37,5.56
ελέγχουσος,37,5.56
βαρύνω,37,5.56
επικαιροποιείται,37,5.56
vitro,37,5.56
ανανεωθεί,37,5.56
σκόνη,37,5.56
περιορίσει,37,5.56
πρακτικά,37,5.56
αντικυκλικό,37,5.56
153,37,5.56
)·,37,5.56
αγορά-στόχος,37,5.56
493,37,5.56
tsa,37,5.56
τομεα,37,5.56
κατωτατο,37,5.56
nok,37,5.56
16.6,37,5.56
2.9,37,5.56
απομειώσεων,37,5.56
le3ς,37,5.56
06.02,37,5.56
συντομογραφία,37,5.56
δηλωτέα,37,5.56
διαλειτουργικός,37,5.56
28.8.2014,37,5.56
2008/48/εκ,37,5.56
ε.μη.γνω.συ,37,5.56
ssti,37,5.56
udi-di,37,5.56
17.01,37,5.56
0090,37,5.56
επενδύσουν,36,5.41
καθιστά,36,5.41
κλάσμα,36,5.41
ωφελεία,36,5.41
διατυπώσει,36,5.41
ανεξάρτητες,36,5.41
επακριβώς,36,5.41
καταχώρηση,36,5.41
ενεχυρίαση,36,5.41
προσδιορίζο,36,5.41
επέλεξε,36,5.41
είσοδος,36,5.41
προτίμηση,36,5.41
9.2,36,5.41
εισφορών,36,5.41
πιθανών,36,5.41
κυβερνητικός,36,5.41
διεθνείς,36,5.41
προτυπα,36,5.41
συμψηφιστικά,36,5.41
αποκτήθηκε,36,5.41
συναφός,36,5.41
επανεκτίμηση,36,5.41
ακίνητα,36,5.41
σεπτέμβριος,36,5.41
επιτάχυνση,36,5.41
αποσαφήνιση,36,5.41
34.,36,5.41
διαβουλεύσεων,36,5.41
νωρίτερα,36,5.41
συνδράμει,36,5.41
ενώσεις,36,5.41
καλυπτόμενα,36,5.41
θεσπίστηκαν,36,5.41
προσιτός,36,5.41
ερευνών,36,5.41
υποχρεωμένος,36,5.41
εποπτεια,36,5.41
ii·,36,5.41
πάραυτα,36,5.41
ανακοινώνουν,36,5.41
υγιής,36,5.41
υπερβάσεων,36,5.41
προσφερόμενων,36,5.41
κακός,36,5.41
ληφθεί,36,5.41
διαύλων,36,5.41
λογιστικοποίηση,36,5.41
διακρατούμενοι,36,5.41
διαδοχικά,36,5.41
επωφελώ,36,5.41
παρεκκλίσεων,36,5.41
εκκρεμή,36,5.41
τραπεζής,36,5.41
αποκτής,36,5.41
αλλοδαπός,36,5.41
θεωρητικά,36,5.41
ίσου,36,5.41
ρύπανση,36,5.41
εντολέας,36,5.41
επαληθευθεί,36,5.41
επισκέψεις,36,5.41
4.4,36,5.41
ειδοποιεί,36,5.41
πολωνικός,36,5.41
θεσπίσεως,36,5.41
συνεισφορή,36,5.41
αποκοπήν,36,5.41
κ,36,5.41
συμβάλουν,36,5.41
μορφοτύπου,36,5.41
εισοδηματικός,36,5.41
δικαιωματα,36,5.41
ακουστικός,36,5.41
επόπτης,36,5.41
εξεταστεί,36,5.41
διαγωνισμός,36,5.41
1247/2012,36,5.41
αναφέρον,36,5.41
επαναφορά,36,5.41
2013/4,36,5.41
προτιμώμενος,36,5.41
κινητήριος,36,5.41
καθίσμα,36,5.41
ρυθμιστής,36,5.41
e-a,36,5.41
διαταραχών,36,5.41
φορτωτικός,36,5.41
οροφή,36,5.41
καθισμάτων,36,5.41
ανακατανεμηθεί,36,5.41
μάλτα,36,5.41
le,36,5.41
427ς,36,5.41
χειροκίνητος,36,5.41
7638:2003,36,5.41
ανακτήσεων,36,5.41
κπ,36,5.41
44(γ,36,5.41
0070,36,5.41
επαυξήσεων,36,5.41
εμηγνωσυ,36,5.41
αμερόληπτος,35,5.26
απαιτήσουν,35,5.26
εισήχθησαν,35,5.26
οιοδήποτες,35,5.26
συγχρόνως,35,5.26
εδάφος,35,5.26
διαφημίσεων,35,5.26
αποφεύγεται,35,5.26
ελάχιστες,35,5.26
διευθύνσεις,35,5.26
μηνύματα,35,5.26
προσαρτάται,35,5.26
παραγραφή,35,5.26
ανέκκλητος,35,5.26
ομαδοποιημένος,35,5.26
ισοτιμιών,35,5.26
αναληφθέντος,35,5.26
κατοχυρώνω,35,5.26
πωληθέντα,35,5.26
επιπρόσθετη,35,5.26
μικτής,35,5.26
συνιστά,35,5.26
ημερήσιας,35,5.26
έντονος,35,5.26
ενθαρρύνομαι,35,5.26
βάσεω,35,5.26
παράλληλος,35,5.26
αντιμετωπίζεται,35,5.26
επιτύχουν,35,5.26
δίαυλος,35,5.26
παραδοχών,35,5.26
ανθρώπου,35,5.26
τεκμηριωμένο,35,5.26
σχετιζόμενα,35,5.26
αστερίσκος,35,5.26
γενικοί,35,5.26
διαφορές,35,5.26
www.iasb.org,35,5.26
υφίσταντο,35,5.26
γρήγορα,35,5.26
πωληθέντων,35,5.26
αναθεωρήσεων,35,5.26
αλφαβητικός,35,5.26
αντιστοιχεί,35,5.26
προσωπικού,35,5.26
διαπιστώσεις,35,5.26
ονοματολογία,35,5.26
περιπτωση,35,5.26
περιγράψτε,35,5.26
τώρα,35,5.26
ημερομηνια,35,5.26
πολλών,35,5.26
καλλιέργεια,35,5.26
μεθοδος,35,5.26
δυνατοτή,35,5.26
ισοδύναμοι,35,5.26
θερμικός,35,5.26
βήματος,35,5.26
γένος,35,5.26
καλής,35,5.26
επιτροπών,35,5.26
εγκαταστώ,35,5.26
διατώνε,35,5.26
αρτιότητα,35,5.26
ερπύστρια,35,5.26
κινητήρων,35,5.26
τροχού,35,5.26
379,35,5.26
άκαμπτος,35,5.26
ανακλητός,35,5.26
υδροστατικός,35,5.26
εξασφαλισεων,35,5.26
ομαδοποιήσεις,35,5.26
ληφθείσας,35,5.26
χρεωστικά,35,5.26
εγκύκλιο,35,5.26
rcc,35,5.26
εσηπ,35,5.26
2017/565,35,5.26
1.οε6,35,5.26
εσοδα,35,5.26
οταν,35,5.26
τραυματισμών,35,5.26
αμοιβαία,34,5.11
πρόσφατων,34,5.11
καλύτερης,34,5.11
1993,34,5.11
ανακοινώση,34,5.11
περιεχόμενό,34,5.11
οργανώσεων,34,5.11
καταβλώ,34,5.11
ευκολία,34,5.11
επενδυσεων,34,5.11
συγγενείς,34,5.11
διαθέζω,34,5.11
αποσβένω,34,5.11
αναλογικά,34,5.11
καλυφθεί,34,5.11
ερώτημα,34,5.11
ανταλλάγμα,34,5.11
κατεχόμενος,34,5.11
επιλέγονται,34,5.11
αντικατασταθούν,34,5.11
παραγωγικός,34,5.11
γραμματέας,34,5.11
παραίτηση,34,5.11
ενώση,34,5.11
μεταπώληση,34,5.11
εκπίπτω,34,5.11
ομοιόμορφα,34,5.11
συμβατό,34,5.11
αποφύγει,34,5.11
μέσου·,34,5.11
εισπραχθεί,34,5.11
ανάγω,34,5.11
αναπτύξουν,34,5.11
2006/512/εκ,34,5.11
επανακατηγοριοποιήσεις,34,5.11
ασφαλιστικές,34,5.11
προαιρετικά,34,5.11
ευέλικτος,34,5.11
εξαιρεθούν,34,5.11
ερήτωση,34,5.11
κοινωνικοοικονομικός,34,5.11
καταλογισμός,34,5.11
διαχειρισης,34,5.11
θιγόμενος,34,5.11
υποδειγμα,34,5.11
υπεργολαβικά,34,5.11
προβάλουν,34,5.11
εισαγωγέος,34,5.11
περιορίω,34,5.11
ινδικός,34,5.11
εργαστηριακός,34,5.11
30.12.2006,34,5.11
επιτέλεση,34,5.11
εξασφαλιστούν,34,5.11
οποιουσδήποτε,34,5.11
τοποθετηθούν,34,5.11
ευνοϊκότερος,34,5.11
ηλεκτρικών,34,5.11
κινητικότητα,34,5.11
λαμπτήρες,34,5.11
χαρτοφυλακιου,34,5.11
ερευνητής,34,5.11
εκτροπή,34,5.11
εισροά,34,5.11
συμφωνίας-πλαισίου,34,5.11
εκδοθέντος,34,5.11
δασμή,34,5.11
σχεδιασμένο,34,5.11
επισκευαστής,34,5.11
ταχυτήτων,34,5.11
θυρών,34,5.11
μευ,34,5.11
μονή,34,5.11
θαλαμίσκος,34,5.11
29.3.2014,34,5.11
2003/87/εκ,34,5.11
ενισχυση,34,5.11
προϋφίστανται,34,5.11
πολλαπλασιαστικόςς,34,5.11
1.78(ε,34,5.11
τοκοφόρας,34,5.11
πληρουν,34,5.11
μεσεγγύηση,34,5.11
μάρκα,34,5.11
ράβδο,34,5.11
rch,34,5.11
pfmi,34,5.11
συρματόσχοινο,34,5.11
dco,34,5.11
l/100,34,5.11
co2,34,5.11
2016/2070,34,5.11
rwe,34,5.11
2017/590,34,5.11
αποστείρωση,34,5.11
σύγχυση,33,4.96
ψήφισμα,33,4.96
προμηθευτεί,33,4.96
παραπομπών,33,4.96
καταρτιστεί,33,4.96
καταρτίστηκε,33,4.96
χρονική,33,4.96
εξοφλήζω,33,4.96
έτους·,33,4.96
βέβαιη,33,4.96
μεταβιβαστεί,33,4.96
διαρκώ,33,4.96
διακρατηθεί,33,4.96
ανταπόκριση,33,4.96
αναθεωρήθηκε,33,4.96
διαπραγματεύεται,33,4.96
μεταβιβάστηκαν,33,4.96
εκτιμώνται,33,4.96
αρχίζει,33,4.96
απ,33,4.96
οκτώβριο,33,4.96
συστώ,33,4.96
απολαύω,33,4.96
νομιμότητα,33,4.96
καθαυτός,33,4.96
απαντώ,33,4.96
έτερος,33,4.96
κτίριο,33,4.96
απαγορεύζω,33,4.96
αποκλίσεων,33,4.96
εκθέσεις,33,4.96
υπάρχουσα,33,4.96
ανακαίνιση,33,4.96
αποβλήτων,33,4.96
εσωτερικοποιητών,33,4.96
1α,33,4.96
μεγεθής,33,4.96
2007/8,33,4.96
2001/13,33,4.96
τηρώντας,33,4.96
αυτοδιοίκηση,33,4.96
σχόλιο,33,4.96
καταβληθένς,33,4.96
λαμβάνων,33,4.96
εσφαλμένη,33,4.96
καταστήματος,33,4.96
πιθανώς,33,4.96
υδατοκαλλιέργεια,33,4.96
δομη,33,4.96
εφαρμοστέοι,33,4.96
απομάκρυνση,33,4.96
μμ,33,4.96
ψυκτικός,33,4.96
κατώτατων,33,4.96
δραστηριότητός,33,4.96
εξέτασε,33,4.96
αξιοποιώ,33,4.96
αλληλεπικάλυψη,33,4.96
περίσταση,33,4.96
πλησιέσς,33,4.96
προστέθηκαν,33,4.96
εγχειριδίου,33,4.96
μορφοτύπος,33,4.96
προωθήω,33,4.96
≤ς,33,4.96
μόλυβδο,33,4.96
5.3,33,4.96
ποινών,33,4.96
μέγιστες,33,4.96
ενώσεων,33,4.96
δημοκρατια,33,4.96
ρήτρη,33,4.96
χαμηλότεροςς,33,4.96
αντικειμένων,33,4.96
ελάχιστης,33,4.96
οίνος,33,4.96
2003/37/εκ,33,4.96
επιλέξτε,33,4.96
ενέγγυες,33,4.96
2001/83/εκ,33,4.96
απαντά,33,4.96
1.1.2,33,4.96
επαληθευτεί,33,4.96
θεραπευτικός,33,4.96
αλγορίθμος,33,4.96
ενοποιημενα,33,4.96
διατηρησης,33,4.96
σλοβακία,33,4.96
367,33,4.96
μαλαισία,33,4.96
28.6.2014,33,4.96
1322/2014,33,4.96
ils,33,4.96
9.5.4.4,33,4.96
10β,32,4.81
δοθούν,32,4.81
κίνδυνο·,32,4.81
μετατραπούν,32,4.81
διανομός,32,4.81
εξάμηνος,32,4.81
χρονοδιαγράμματος,32,4.81
επηρεάω,32,4.81
αποτρεπτικά,32,4.81
ικανοποιείται,32,4.81
κυριός,32,4.81
αυτό·ς,32,4.81
μερίσματος,32,4.81
πωλήνω,32,4.81
εφαρμοσθεί,32,4.81
υπολογιζόμενη,32,4.81
σωρευμένος,32,4.81
προσαρμόσει,32,4.81
ασήμαντος,32,4.81
ενίοτε,32,4.81
επαχθής,32,4.81
κυκλωμάτων,32,4.81
περιφερειών,32,4.81
κατατίθενται,32,4.81
υψηλών,32,4.81
απαγορεύσεις,32,4.81
ακόμη,32,4.81
ημερής,32,4.81
αφιερώνω,32,4.81
ταύτα,32,4.81
προστιθέμενος,32,4.81
ληώνφ,32,4.81
ιδιοκτητός,32,4.81
επιτροπής·,32,4.81
ερμηνεύομαι,32,4.81
ορίσουν,32,4.81
ευρείας,32,4.81
ληξιπρόθεσμες,32,4.81
έντιμος,32,4.81
προκληθεί,32,4.81
συστάσεις,32,4.81
διακριτής,32,4.81
καθαρό,32,4.81
ωφέλιμος,32,4.81
χορηγούμενος,32,4.81
σημαντικότερη,32,4.81
επείγουσος,32,4.81
μέγιστης,32,4.81
προσχωρώ,32,4.81
υ,32,4.81
μετατρέψιμοι,32,4.81
ταξινομήθηκαν,32,4.81
νομικώς,32,4.81
γραπτής,32,4.81
στήλες,32,4.81
πιστότητα,32,4.81
διανομέος,32,4.81
καταστήω,32,4.81
αποδέσμευση,32,4.81
16b,32,4.81
χρησιμότητα,32,4.81
επιβεβαιωθεί,32,4.81
δόθηκε,32,4.81
προφανής,32,4.81
οιωνδήποτε,32,4.81
αιτημάτων,32,4.81
27β,32,4.81
ενιαίο,32,4.81
γ)·,32,4.81
εμφυτεύσιμο,32,4.81
οθόνη,32,4.81
μεταλλικός,32,4.81
ολοκληρία,32,4.81
τροποποιήσεών,32,4.81
αύξων,32,4.81
ιιι·,32,4.81
διαταγή,32,4.81
±,32,4.81
κεφαλαιου,32,4.81
αμαξώματος,32,4.81
καθιερωθούν,32,4.81
μοτοσικλέτα,32,4.81
αφαιρεθεί,32,4.81
nsfr,32,4.81
υποδειγματων,32,4.81
αυτοαξιολόγηση,32,4.81
κωδικος,32,4.81
αναλυτικη,32,4.81
εσωτερικης,32,4.81
προκαταβολες,32,4.81
υποθήκες,32,4.81
ληκτοτητας,32,4.81
φιλιππινός,32,4.81
μπροστινός,32,4.81
2015/10,32,4.81
ltv,32,4.81
μετάξι,32,4.81
εδετ,32,4.81
μεο,32,4.81
επιμετρούμενος,32,4.81
2017/583,32,4.81
προσυναλλακτικά,32,4.81
μέτρια,32,4.81
αναλήψιμες,32,4.81
ανανεώθηκαν,32,4.81
0150,32,4.81
2019/1238,32,4.81
2019/876,32,4.81
παραδώζω,31,4.66
προσήκουσα,31,4.66
συνδυασμένες,31,4.66
τέτοιας,31,4.66
καταβληθούν,31,4.66
αποκτώνται,31,4.66
βάσιμους,31,4.66
καλυφθούν,31,4.66
λογιστής,31,4.66
εισοδημάτων,31,4.66
αποκομίζω,31,4.66
αντισταθμιζόμενος,31,4.66
πρόσφατου,31,4.66
μεταβιβάσει,31,4.66
ανταλλάγματος,31,4.66
παρομοίως,31,4.66
ασχέτως,31,4.66
όλο,31,4.66
ξεκινά,31,4.66
τοκομερίδια,31,4.66
αποπληρώνω,31,4.66
μέσες,31,4.66
περιοδικά,31,4.66
καθημερινά,31,4.66
εξατομικευμένος,31,4.66
επιδέχομαι,31,4.66
ανακλήσεις,31,4.66
πτυχών,31,4.66
προαναφερθείσα,31,4.66
φεβρουάριο,31,4.66
13ος,31,4.66
εγγράφονται,31,4.66
διαπραγματεύσιμου,31,4.66
σταθμίσεις,31,4.66
διπλής,31,4.66
14.,31,4.66
παρούσα,31,4.66
επωφελείται,31,4.66
χρονικά,31,4.66
προθεσμιακή,31,4.66
λεπτών,31,4.66
διαπραγματευση,31,4.66
αποστολέας,31,4.66
2005/68/εκ,31,4.66
χρονοσειρά,31,4.66
κατάστημα,31,4.66
επικεντρώνω,31,4.66
κωδικοί,31,4.66
δικαιούχου,31,4.66
ένταση,31,4.66
ελεγχος,31,4.66
συμπερασμάτων,31,4.66
σχηματίζω,31,4.66
ονοματεπώνυμο,31,4.66
επιτυχής,31,4.66
επισκέψεων,31,4.66
ταξινομούμενοι,31,4.66
οδήγησαν,31,4.66
21α,31,4.66
κλιματισμός,31,4.66
φυτικός,31,4.66
παραχωρών,31,4.66
2009/65/εκ·,31,4.66
εργοδότης,31,4.66
συμπληρώμα,31,4.66
προωθείται,31,4.66
φτάνω,31,4.66
διακόπτης,31,4.66
εξαιρώνε,31,4.66
1958,31,4.66
δασμολογικός,31,4.66
δομημένο,31,4.66
μεσο,31,4.66
4κτ,31,4.66
σχς,31,4.66
έλκω,31,4.66
ανανεώσεων,31,4.66
συσσωρευμένα,31,4.66
αντλία,31,4.66
εφοδιασμένο,31,4.66
έκρηξη,31,4.66
τριβή,31,4.66
παρατηρήθηκαν,31,4.66
διαπραγματευσης,31,4.66
προσαρμοσμενη,31,4.66
εναλλακτικη,31,4.66
ca2,31,4.66
σιγκαπούρης,31,4.66
γενικος,31,4.66
1.ig6,31,4.66
εξασφαλισμένα,31,4.66
2015/63,31,4.66
μετατρόχιο,31,4.66
δηλωτέο,31,4.66
οικονομίας,31,4.66
cac,31,4.66
600/2014·,31,4.66
0,31,4.66
4.1.2,31,4.66
συσκευασμένα,31,4.66
1230/2012,31,4.66
0050,31,4.66
συνεισφέρων,31,4.66
συνεισφέρονς,31,4.66
εξαγορών,30,4.51
τροποποιούν,30,4.51
αρκούντως,30,4.51
διεθνέςς,30,4.51
αντίκτυπό,30,4.51
ευθύνω,30,4.51
προκύπτουσα,30,4.51
προσαρμοσμένων,30,4.51
μεταγενέστερο,30,4.51
συνοπτικά,30,4.51
εφάρμοσε,30,4.51
κινητες,30,4.51
αποσυρθεί,30,4.51
επρόκειτο,30,4.51
χαμηλότερα,30,4.51
σπάνιος,30,4.51
εισπράξεων,30,4.51
ενδοεταιρικός,30,4.51
αναποτελεσματικός,30,4.51
δασμός,30,4.51
επιθυμητός,30,4.51
δεδομενα,30,4.51
υπέρμετρη,30,4.51
χρονισμός,30,4.51
συσχετιζόμενος,30,4.51
αισθητά,30,4.51
συνεκτίμηση,30,4.51
εκτιμά,30,4.51
16ος,30,4.51
προεδρία,30,4.51
ουδετερότητα,30,4.51
διάταγμα,30,4.51
μέγιστου,30,4.51
ορισμοι,30,4.51
καταμερισμός,30,4.51
επενδυτών·,30,4.51
πελατών·,30,4.51
καταργούνται,30,4.51
αξιόπιστων,30,4.51
απρόβλεπτος,30,4.51
υποσυνόλος,30,4.51
εγκατεστημένας,30,4.51
νομισματικό,30,4.51
κενών,30,4.51
μεσοπρόθεσμα,30,4.51
εντοπίστηκαν,30,4.51
καλλυντικός,30,4.51
ιδιαιτεροτήτων,30,4.51
εξασφαλιστεί,30,4.51
αποδεδειγμένα,30,4.51
κατασκευαζόμενων,30,4.51
σύνορο,30,4.51
προγράμματα,30,4.51
εξολοκλήρου,30,4.51
επιχορηγήσεις,30,4.51
δρόμος,30,4.51
μεσολαβητής,30,4.51
μεσαίου,30,4.51
αποθετηρίος,30,4.51
ποσοτικοποίηση,30,4.51
απαντήσεις,30,4.51
μπανάνας,30,4.51
αντισταθμισμένο,30,4.51
2011/61/εε·,30,4.51
ωρίμανση,30,4.51
κατωφλίου,30,4.51
υποψηφίων,30,4.51
μακροπρόθεσμο,30,4.51
692/2008,30,4.51
2007/46/εκ,30,4.51
κίνδυνοι,30,4.51
τιτλοποιεί,30,4.51
pd,30,4.51
μ,30,4.51
403,30,4.51
478,30,4.51
172,30,4.51
εμπρός,30,4.51
κλίση,30,4.51
ομδ,30,4.51
βολιδοσκόπηση,30,4.51
πιστωτικοι,30,4.51
εμπορευματα,30,4.51
διαφορας,30,4.51
επενδυτης,30,4.51
equ,30,4.51
2.40,30,4.51
37.84,30,4.51
ηαε,30,4.51
αξιογράφων·,30,4.51
εγκατεστημένα/-οι,30,4.51
καταγγέλλοντης,30,4.51
ειδική(-ές,30,4.51
κρίσιμων,30,4.51
κύτταρο,30,4.51
κπμδα,30,4.51
σέκελ,30,4.51
0110,30,4.51
επίμαχες,30,4.51
πκδ,30,4.51
καλούμενος,29,4.36
χαρτοφυλάκιό,29,4.36
συσχετισμός,29,4.36
προσδιορίσουν,29,4.36
αντισυμβαλλόμενου,29,4.36
υψηλότερων,29,4.36
συνεχόμενος,29,4.36
απεικονίζονται,29,4.36
αναζητώ,29,4.36
εμποδίο,29,4.36
εμμέσως,29,4.36
επ',29,4.36
προτίθομαι,29,4.36
διαγράφεται·,29,4.36
13.7.2001,29,4.36
εκδιδόμενος,29,4.36
επενδύσεών,29,4.36
ορισμένα,29,4.36
δελτία,29,4.36
επαναδιατύπωση,29,4.36
εκδοτη,29,4.36
διενεργήθηκαν,29,4.36
εγγραφών,29,4.36
προσφοράς·,29,4.36
διεύθυνσή,29,4.36
επενδυθεί,29,4.36
ανοικτού,29,4.36
συζητήσεων,29,4.36
ανάμιξη,29,4.36
αποκτώντας,29,4.36
εξοφλώ,29,4.36
διακανονίνω,29,4.36
αναστροφή,29,4.36
πληρούμαι,29,4.36
καταβλήθηκε,29,4.36
ενδεικτικά,29,4.36
εξαλείφω,29,4.36
καταβληθέντος,29,4.36
προσδιορίστηκε,29,4.36
οριστικά,29,4.36
λογοδοσία,29,4.36
τομέα·,29,4.36
αφορα,29,4.36
συνεταιρισμός,29,4.36
παρατηρήση,29,4.36
εξαιρεθεί,29,4.36
στρέβλωση,29,4.36
αποβλέπω,29,4.36
εξετάσεων,29,4.36
7·,29,4.36
ισχυόντων,29,4.36
σχετιζόμενων,29,4.36
δ)·,29,4.36
προσδιορισθεί,29,4.36
φθίνουσα,29,4.36
καταδειχθεί,29,4.36
παρεμβάλλονται,29,4.36
ιδιωτών,29,4.36
καταγράφεται,29,4.36
εμπορεύσιμα,29,4.36
2006/16,29,4.36
κατακερματισμός,29,4.36
διαπραγματεύονται,29,4.36
αριστερή,29,4.36
f.511,29,4.36
υγειονομικός,29,4.36
συγχρηματοδότηση,29,4.36
teg,29,4.36
έρχω,29,4.36
παρουσιαζόμενος,29,4.36
αρχής·,29,4.36
τρόφιμα,29,4.36
αίματος,29,4.36
οιονδήποτε,29,4.36
επιθέτω,29,4.36
επανεξετάσεις,29,4.36
κοινοποάιλω,29,4.36
επιδότηση,29,4.36
αποκαλούμενος,29,4.36
μεταφερόμενος,29,4.36
προσόδων,29,4.36
εκπνέω,29,4.36
ενδιαφερόμενων,29,4.36
υποκαταστημάτος,29,4.36
αυστηρότερων,29,4.36
εγκαταστώνα,29,4.36
πυρομαχικός,29,4.36
λαμβανομένος,29,4.36
κυκλώμα,29,4.36
επικάλυψη,29,4.36
παρατώνα,29,4.36
διαχρονικά,29,4.36
συμφωνηθείσες,29,4.36
ψευδείς,29,4.36
επανεπένδυση,29,4.36
επιχειρηματικες,29,4.36
y,29,4.36
δοχείων,29,4.36
προκαθορισμένα,29,4.36
10383,29,4.36
ηχοστάθμη,29,4.36
δοκιμάζω,29,4.36
αέριος,29,4.36
βενζίνη,29,4.36
εξελίσσω,29,4.36
266,29,4.36
μέτριος,29,4.36
υποκειμένου,29,4.36
κινητήρης,29,4.36
μοχλός,29,4.36
έγχυση,29,4.36
επικαιροποιηθεί,29,4.36
πλειστηριασμών,29,4.36
ιδρυμα,29,4.36
κινδυνοι,29,4.36
cqs,29,4.36
πελατες,29,4.36
τουρκικός,29,4.36
mme,29,4.36
1.106(δ).(iii,29,4.36
cet,29,4.36
2015/504,29,4.36
στροφών,29,4.36
ανοίγματα·,29,4.36
clo,29,4.36
κυλίνδρο,29,4.36
χειρουργικός,29,4.36
eiopa,29,4.36
2016/2251,29,4.36
2015/2365,29,4.36
παράγωγά,29,4.36
7.24a,29,4.36
28.12.2017,29,4.36
ανάδοχης,29,4.36
2017/1129·,29,4.36
εκτεταμένος,28,4.21
υπενθυμίζω,28,4.21
funds,28,4.21
εντολοδόχος,28,4.21
τύπου·,28,4.21
συνδέσμος,28,4.21
υπευθύνων,28,4.21
περιγράφεται,28,4.21
αξιες,28,4.21
εναλλάξιμος,28,4.21
ανασταλεί,28,4.21
ειδικευμένος,28,4.21
βέβαιος,28,4.21
ενοποιώ,28,4.21
πιθανής,28,4.21
μίας,28,4.21
μετρήσιμος,28,4.21
αναγνωρισμένης,28,4.21
εξοφληθεί,28,4.21
αγωγή,28,4.21
φως,28,4.21
αγοραπωλησία,28,4.21
παραδοθεί,28,4.21
κατασκευαστεί,28,4.21
μελών,28,4.21
περιοδος,28,4.21
εισήγαγε,28,4.21
πλεονεκτήματος,28,4.21
ορκωτός,28,4.21
επαρκείς,28,4.21
ονομάτων,28,4.21
λιγότερα,28,4.21
πολλαπλασιασμένη,28,4.21
συγκεντρώσεων,28,4.21
ακολουθούμενος,28,4.21
αργία,28,4.21
υποχρεωτική,28,4.21
διάφορα,28,4.21
δανειοληπτικός,28,4.21
στρογγυλοποίηση,28,4.21
παράκαμψη,28,4.21
σταθμισμένου,28,4.21
εκπτώσεων,28,4.21
βασικοί,28,4.21
υποδιαιρέσεις,28,4.21
ενδοημερήσιων,28,4.21
ιδίας,28,4.21
ευρείος,28,4.21
επαληθεύσεις,28,4.21
προστατευόμενος,28,4.21
εκτύπωση,28,4.21
καθορίστηκε,28,4.21
ενοτήτων,28,4.21
ταύτιση,28,4.21
διοχετεύω,28,4.21
765/2008·,28,4.21
προμηθεύσει,28,4.21
ευαίσθητων,28,4.21
πορίσματο,28,4.21
λεπτομερέςς,28,4.21
παρατεταμένος,28,4.21
πολλός,28,4.21
ευθυγραμμιστεί,28,4.21
υποστηρικτικός,28,4.21
θανάτου,28,4.21
φορολογητέο,28,4.21
δένδρα,28,4.21
δένδρων,28,4.21
προσπαθώ,28,4.21
ενστάσεις,28,4.21
θεραπεία,28,4.21
επιπρόσθετων,28,4.21
τυποποιημένου,28,4.21
οργανικός,28,4.21
βαρέος,28,4.21
ρεύμα,28,4.21
αρχές·,28,4.21
κύρια,28,4.21
υγρό,28,4.21
διεξαγάγει,28,4.21
e,28,4.21
ποσοστιαίος,28,4.21
el,28,4.21
251,28,4.21
ένκτής,28,4.21
επιγραμμικός,28,4.21
προσεκτικά,28,4.21
τυπου,28,4.21
άκρο,28,4.21
επιβάτης,28,4.21
ανανεούμενος,28,4.21
αντιστροφή,28,4.21
καινοτόμος,28,4.21
αντίληψη,28,4.21
δημοσιοποιούν,28,4.21
irc,28,4.21
περιστροφή,28,4.21
στοχευμένος,28,4.21
καινούργιος,28,4.21
θραύση,28,4.21
1.1.1,28,4.21
υγρά,28,4.21
αt1,28,4.21
κατοικια,28,4.21
ρωσία,28,4.21
ισλανδική,28,4.21
οργανωμένης,28,4.21
1.2.1,28,4.21
δηλούντα,28,4.21
erp,28,4.21
ρυμουλκούμενου,28,4.21
κορίτσι,28,4.21
τρίχα,28,4.21
υφασμένος,28,4.21
παρουσών,28,4.21
2.86(α,28,4.21
9.6.7,28,4.21
0180,28,4.21
239vi,28,4.21
xxii,27,4.06
κοινοποιηθείσα,27,4.06
3.4,27,4.06
επιθυμητό,27,4.06
διακρίσεων,27,4.06
ασκηθούν,27,4.06
διαρκούς,27,4.06
αποβαίνω,27,4.06
6.1,27,4.06
αξία·,27,4.06
λόγοι,27,4.06
επιφορτισμένο,27,4.06
υπερβάλλοντος,27,4.06
καταρτίζομαι,27,4.06
ασφαλιστής,27,4.06
χρηματοπιστωτικά,27,4.06
συνέστησε,27,4.06
συναφών,27,4.06
δανειζόμενος,27,4.06
διαθέσιμου,27,4.06
παντός,27,4.06
ληφθείσα,27,4.06
εισπρακτέο,27,4.06
λογιστικοποιεί,27,4.06
ίσως,27,4.06
ασφαλιστήρια,27,4.06
θεμελιώδεις,27,4.06
πληροφόρησης,27,4.06
επιχειρήσεις·,27,4.06
χώρας·,27,4.06
παγκοσμίως,27,4.06
μακροπρόθεσμων,27,4.06
ισχυουσών,27,4.06
εστίαση,27,4.06
κατέστησαν,27,4.06
υποχρεωμένοι,27,4.06
διασφαλίσεων,27,4.06
διακυβεύω,27,4.06
ελέγχου·,27,4.06
2006/48/ek,27,4.06
ρευστοποιήσιμα,27,4.06
συμβάσεων-πλαισίο,27,4.06
ανακοίνωσή,27,4.06
απέκτησε,27,4.06
ουσιώδους,27,4.06
1287/2006,27,4.06
φροντίδα,27,4.06
ιδιόκτητος,27,4.06
δυνητικοί,27,4.06
εμποδίσουν,27,4.06
μετατρεπόμενος,27,4.06
τραβηκτικός,27,4.06
μεταφορικός,27,4.06
πλησίον,27,4.06
κανονισμό·,27,4.06
εξοφλούνται,27,4.06
υποστηρίζομαι,27,4.06
εξοπλισμένο,27,4.06
22α,27,4.06
εφαρμόζουν,27,4.06
καταστρατήγηση,27,4.06
διενεργήζω,27,4.06
φαινόμενο,27,4.06
γνώρισμα,27,4.06
συνέδριο,27,4.06
δειγμάτων,27,4.06
συνεισφορών,27,4.06
φαρμακευτικός,27,4.06
υπεργολαβία,27,4.06
επιβαλλόμενος,27,4.06
γνωμός,27,4.06
μακράς,27,4.06
διμερούς,27,4.06
αναλήψεων,27,4.06
αρχίσουν,27,4.06
παραγώγων·,27,4.06
συστατικό,27,4.06
αυξήσεων,27,4.06
επιφανειακός,27,4.06
συγχωνεύω,27,4.06
επιλύω,27,4.06
1094/2010,27,4.06
αμετάκλητο,27,4.06
εγκατεστημένους,27,4.06
καταθετών,27,4.06
απορροφώ,27,4.06
ευχερεία,27,4.06
διευθύνων,27,4.06
εμπορικη,27,4.06
μεγάλης,27,4.06
μητρική,27,4.06
εναπομένονς,27,4.06
εκτελεστότητα,27,4.06
www.ecb.europa.eu,27,4.06
αναφέρονταν,27,4.06
αποφάσεών,27,4.06
ισχυρισμός,27,4.06
ποσοστιαία,27,4.06
διακρατήσεων,27,4.06
παραθέστε,27,4.06
σωματιδιακός,27,4.06
συμπληρώστε,27,4.06
μετατρέψιμων,27,4.06
μάτι,27,4.06
γα,27,4.06
σταθμισμένα,27,4.06
αναληφθέντα,27,4.06
εκατοστημόριο,27,4.06
ενεργοποιούνται,27,4.06
καυσαερίο,27,4.06
πεπιεσμένου,27,4.06
τυπο,27,4.06
συρμός,27,4.06
ανελκυστήρων,27,4.06
επιτρεπόμενες,27,4.06
κινήσεις,27,4.06
ομαδες,27,4.06
πιθανοτητα,27,4.06
χρησιμοποιουνται,27,4.06
oka,27,4.06
ανοιγμάτων·,27,4.06
7.20(β,27,4.06
1.1.3,27,4.06
30.7.2014,27,4.06
έμφορτος,27,4.06
συνομιλία,27,4.06
604/2014,27,4.06
θυρίδα(-ες,27,4.06
παν,27,4.06
ccf,27,4.06
δημιουργημένος,27,4.06
συμφεροντούχος,27,4.06
λεωφορείων-ταξί,27,4.06
επεμβατικός,27,4.06
2016/592,27,4.06
συμπεριφορικός,27,4.06
νανομορφών,27,4.06
διεξοδικός,26,3.91
μετρώμαι,26,3.91
ανάγνωση,26,3.91
ληφθέντα,26,3.91
προσήκων,26,3.91
αντιστάθμισης·,26,3.91
διαπράξει,26,3.91
ενημερώζω,26,3.91
αξίες·,26,3.91
εντύπου,26,3.91
ευλόγου,26,3.91
προαναφερθέντων,26,3.91
παραλείπω,26,3.91
7.1.2004,26,3.91
διαπραγμάτευσή,26,3.91
παράγωγους,26,3.91
xix,26,3.91
δια,26,3.91
λιγότερες,26,3.91
ποσοτικά,26,3.91
διακανονίζει,26,3.91
συσχετίζω,26,3.91
ραντ,26,3.91
συνήθεις,26,3.91
παράγωγες,26,3.91
ποικίλλω,26,3.91
δευτέρος,26,3.91
διαχωριστούν,26,3.91
μόνιμη,26,3.91
εισπραχθέντα,26,3.91
εισπράχθηκε,26,3.91
ισοδύναμες,26,3.91
έκρινε,26,3.91
δήλωσαν,26,3.91
γραφείου,26,3.91
συγκρούω,26,3.91
φύλλο,26,3.91
δοκιμασία,26,3.91
ποιότητας·,26,3.91
λεπτομερέσς,26,3.91
φυλλάδιο,26,3.91
πρόεδρός,26,3.91
μεταβιβάζοντα,26,3.91
προέκυπταν,26,3.91
επωμίζω,26,3.91
πολλαπλασιάζο,26,3.91
εμπειρογνώμονα,26,3.91
ελάσσονος,26,3.91
επαφών,26,3.91
εξατομικευμένη,26,3.91
απαγορεύεται,26,3.91
εκφρασμένα,26,3.91
επιλέξιμο,26,3.91
εξωτερική,26,3.91
προθέσεως,26,3.91
υποκειμένων,26,3.91
βιβλί,26,3.91
πλαισιο,26,3.91
λοιπές,26,3.91
προσαρμοσμένου,26,3.91
αγωγός,26,3.91
κοινοποιούμενος,26,3.91
ενημερωμένο,26,3.91
συμβατικά,26,3.91
ισοζυγίου,26,3.91
επικείμενος,26,3.91
επιτυχώς,26,3.91
στοιχειων,26,3.91
εξοφλήσεωνς,26,3.91
επαληθεύσεων,26,3.91
δειγματοληπτικός,26,3.91
αντικανονικός,26,3.91
χρώμα,26,3.91
εκπροσώπου,26,3.91
υποβολη,26,3.91
επι,26,3.91
οφειλετής,26,3.91
πλοίο,26,3.91
προϊόντος·,26,3.91
αναφορας,26,3.91
z,26,3.91
ουδέτερος,26,3.91
καθορισμένο,26,3.91
προγραμματα,26,3.91
συγκομιδή,26,3.91
6.3.2,26,3.91
επιβληθούν,26,3.91
υπέρμετρης,26,3.91
δυσμενώς,26,3.91
αίρω,26,3.91
ληκτότητες,26,3.91
αυξήσουν,26,3.91
θέλω,26,3.91
χάνω,26,3.91
αποφύγουν,26,3.91
γένεις,26,3.91
προστασίας,26,3.91
3166-1ς,26,3.91
bic,26,3.91
xv,26,3.91
τέλεια,26,3.91
cfi,26,3.91
θορύβου,26,3.91
κλιμάκωση,26,3.91
εξαλείφονταν,26,3.91
διαβαθμισμένων,26,3.91
διαφοροποιώνη,26,3.91
εκταμιευθεί,26,3.91
ακυρώσιμος,26,3.91
δυσμενός,26,3.91
ακυρωθούν,26,3.91
344,26,3.91
αναπηρία,26,3.91
1025/2012,26,3.91
ζεύγους,26,3.91
επιχειρηματικο,26,3.91
κεφαλαιακη,26,3.91
επικυρώσεων,26,3.91
122,26,3.91
24.18(β,26,3.91
καταμέτρηση,26,3.91
ανεπτυγμένος,26,3.91
εισπνοή,26,3.91
κατ·,26,3.91
abs,26,3.91
καφές,26,3.91
2016/99,26,3.91
xxi,26,3.91
υποδιαστολή,26,3.91
λαμβάνουσα,26,3.91
23.12.2015,26,3.91
2016/1450,26,3.91
επιμετρούμενων,26,3.91
διαβιβάζων,26,3.91
eil,26,3.91
411,26,3.91
2021/23,26,3.91
επιτρεπόμενων,25,3.76
επιφυλάσσω,25,3.76
βάσεων,25,3.76
διαδεδομένη,25,3.76
οντότητας·,25,3.76
συναινώ,25,3.76
προαναφερθεισών,25,3.76
εκδιδόμενων,25,3.76
δελτιου,25,3.76
ευδιάκριτος,25,3.76
συμπληρώματος,25,3.76
εκτιμησεις,25,3.76
υποθέσεων,25,3.76
εναντίον,25,3.76
διαίρεση,25,3.76
διαδικασια,25,3.76
ασφαλιστήριος,25,3.76
υπόχρεος,25,3.76
παράγοντες,25,3.76
παρασχέθηκε,25,3.76
εξαρτώ,25,3.76
πωληθέν,25,3.76
δυσχερειών,25,3.76
αναγνώρισής,25,3.76
αποτιμώ,25,3.76
τιμές,25,3.76
συμπεριφορές,25,3.76
προγραμματίζω,25,3.76
έθετε,25,3.76
7α,25,3.76
1992,25,3.76
αρμοδιότητός,25,3.76
ορίζεται,25,3.76
μεταβατικη,25,3.76
τροποποιούμαι,25,3.76
11α,25,3.76
εχέγγυος,25,3.76
ζητώντας,25,3.76
διοργανώνω,25,3.76
γενικό,25,3.76
αξιοποίηση,25,3.76
παρακρατώ,25,3.76
ιαπωνικός,25,3.76
ορισθεί,25,3.76
1986,25,3.76
ορατότητα,25,3.76
τονίζω,25,3.76
αντιβαίνω,25,3.76
31.12.1986,25,3.76
εκτεθειμένα,25,3.76
ιδρύματα·,25,3.76
υποκατάστατος,25,3.76
χρεωστικοι,25,3.76
τιτλοι,25,3.76
15.,25,3.76
ιδρυμάτων·,25,3.76
υπόλογος,25,3.76
αυξημένο,25,3.76
μέθοδοι,25,3.76
λειτουργικοί,25,3.76
79/267/εοκ,25,3.76
ιδιωτός,25,3.76
τόπων,25,3.76
αξιολογηθούν,25,3.76
περιοδικό,25,3.76
επιχείρηση·,25,3.76
δραστηριότητάς,25,3.76
εκτελένω,25,3.76
εμπεριστατωμένη,25,3.76
υπαγόμενος,25,3.76
κατηγοριοποιώ,25,3.76
υποστούν,25,3.76
παραποίηση,25,3.76
τριμηνιαίας,25,3.76
οφειλόμενη,25,3.76
δεδουλευμένα,25,3.76
εισαγόμενος,25,3.76
επευ,25,3.76
εκτείνω,25,3.76
μαύρος,25,3.76
μερος,25,3.76
sek,25,3.76
atm,25,3.76
επικράτειάς,25,3.76
προκαθορισμένου,25,3.76
επιταγή,25,3.76
μήνυμα,25,3.76
γραφικός,25,3.76
ψύξη,25,3.76
ζάχαρη,25,3.76
αποκοπή,25,3.76
1569/2007,25,3.76
συμβουλεύομαι,25,3.76
διατηρηθούν,25,3.76
νομοθέτης,25,3.76
επίθεση,25,3.76
αυστηρότητα,25,3.76
γνωμοδοτώ,25,3.76
προσκομίσει,25,3.76
συντηρώ,25,3.76
μηχανοκίνητος,25,3.76
πλεονάζον,25,3.76
πηγάζω,25,3.76
δασοκομία,25,3.76
υπηρεσίες,25,3.76
6α,25,3.76
διερευνώ,25,3.76
συμπεράσματά,25,3.76
καθορίσουν,25,3.76
σχεδιασμένες,25,3.76
αντιπρόεδρος,25,3.76
βεβαιωθεί,25,3.76
συνήφθη,25,3.76
υλικών,25,3.76
εκκένωση,25,3.76
αποδεκτοί,25,3.76
δωδεκαμήνου,25,3.76
πορίσμα,25,3.76
επίπεδο·,25,3.76
ελαττώματα,25,3.76
εξόχως,25,3.76
δευτερεύων,25,3.76
xiv,25,3.76
τοξικός,25,3.76
αρμοδιότητάς,25,3.76
1.6,25,3.76
t2s·,25,3.76
επιτοκιου,25,3.76
πιθανή,25,3.76
σουηδία,25,3.76
εκφράστηκαν,25,3.76
κώλυμα,25,3.76
υποβοήθηση,25,3.76
γύρω,25,3.76
εξαρτήματος,25,3.76
αγκύρωση,25,3.76
διείσδυση,25,3.76
επιβατικός,25,3.76
διαιρούμενος,25,3.76
επίδειξη,25,3.76
καταβεβλημένα,25,3.76
διαβαθμίζω,25,3.76
ανακυκλούμενο,25,3.76
υπαναχώρηση,25,3.76
382,25,3.76
273/2004,25,3.76
αποπάγωση,25,3.76
χειριστήριο,25,3.76
h.,25,3.76
αιφνιδιαστικός,25,3.76
οπίσθιου,25,3.76
προηγουμενο,25,3.76
+)/έλλειμμα,25,3.76
060,25,3.76
δέντρο,25,3.76
τουρκία,25,3.76
7.20(α)(ii,25,3.76
1.102,25,3.76
χαρτονομίσματα,25,3.76
έμφορτο,25,3.76
ακρωνύμιο,25,3.76
ρωσικός,25,3.76
βρετανία,25,3.76
δρομολόγηση,25,3.76
συντεταγμένος,25,3.76
2014/31,25,3.76
βασικών,25,3.76
βιομετρικός,25,3.76
2016/679,25,3.76
73.00,25,3.76
επιμετρούμενο,25,3.76
λεωφορεία-ταξί,25,3.76
31.3.2017,25,3.76
εξοδα,25,3.76
ύποπτων,24,3.61
διευρυνθεί,24,3.61
διεύρυνση,24,3.61
πλησιέστερη,24,3.61
καταλληλός,24,3.61
διαφοροποιώ,24,3.61
καταβληθείσες,24,3.61
ίδιου,24,3.61
πνεύμα,24,3.61
πρωτίστως,24,3.61
ισοδύναμου,24,3.61
12.4.2003,24,3.61
δημοσίευσή,24,3.61
τέθηκε,24,3.61
ακινητοποίηση,24,3.61
εαυτός,24,3.61
εκτεθεί,24,3.61
ασφαλιστηρίου,24,3.61
λιγότερους,24,3.61
προσδιοριζόμενων,24,3.61
αντιμετωπιστεί,24,3.61
διακόπω,24,3.61
αναγνωριώνσ,24,3.61
αλλοδαπή,24,3.61
μισθωμένος,24,3.61
ρυθμιστικών,24,3.61
εσωτερικά,24,3.61
οιοδήποτε,24,3.61
προσλαμβάνω,24,3.61
διατρέχω,24,3.61
περίπλοκος,24,3.61
κινήζω,24,3.61
προαναφερθείσας,24,3.61
μειωμένο,24,3.61
ευνοεί,24,3.61
επανόρθωση,24,3.61
14ας,24,3.61
93/22/εοκ,24,3.61
διορισμένος,24,3.61
συμφωνημένων,24,3.61
υπερισχύω,24,3.61
δραστηριότητες·,24,3.61
ληφθέντων,24,3.61
πραγματοποιηθεισών,24,3.61
γραμμάτι,24,3.61
συγκεντρώνεται,24,3.61
εκκρεμείς,24,3.61
repo,24,3.61
καθοριζόμενος,24,3.61
παλαιότερος,24,3.61
αλλού,24,3.61
πλησιάζω,24,3.61
2006/73/εκ,24,3.61
εμπορευμάτων·,24,3.61
αλγορίθμο,24,3.61
διασαφηνίζω,24,3.61
ακόλουθα,24,3.61
αιτήματα,24,3.61
2003/9,24,3.61
καταναλωτική,24,3.61
αντανακλάται,24,3.61
νομισματα,24,3.61
γνωρίσμα,24,3.61
δευτερογενούς,24,3.61
σιωπηρά,24,3.61
υδάτων,24,3.61
σημάτο,24,3.61
κινητοποίηση,24,3.61
οργανόγραμμα,24,3.61
προσκόμιση,24,3.61
ποσόστωση,24,3.61
θυγατρικής,24,3.61
διανομέα,24,3.61
κοινοποιουσών,24,3.61
εγγυημένη,24,3.61
διαπιστώσουν,24,3.61
οδλπ,24,3.61
λιθουανικός,24,3.61
απαλείφεται·,24,3.61
εκπρόσωπός,24,3.61
χρηστή,24,3.61
αναστρέψιμος,24,3.61
συμμετέχονς,24,3.61
κοινοπρακτικός,24,3.61
διαχωρίζει,24,3.61
περιεκτικότητα,24,3.61
επάνω,24,3.61
ασθενός,24,3.61
καταγγέλλω,24,3.61
απορροφώμενος,24,3.61
επανεκχώρηση,24,3.61
νόμισμα·,24,3.61
φόρτου,24,3.61
θεωρηθεί,24,3.61
μεσολαβαίνω,24,3.61
εξωδικαστικός,24,3.61
48.,24,3.61
ανατιθέμενων,24,3.61
δοεε·,24,3.61
αιτείται,24,3.61
απέναντι,24,3.61
κάδμιο,24,3.61
υδράργυρος,24,3.61
όπλο,24,3.61
δίκυκλων,24,3.61
διατεθούν,24,3.61
διμερών,24,3.61
δεκτά,24,3.61
υπεράσπιση,24,3.61
αδίκημα,24,3.61
μεταβιβασθέντων,24,3.61
τεχνικοί,24,3.61
διαμεσολαβητήςς,24,3.61
αφή,24,3.61
μεταβαλλόμενος,24,3.61
μοντέλα,24,3.61
φοροδιαφυγή,24,3.61
γη,24,3.61
πλήρες,24,3.61
ακολουθία,24,3.61
2012/18,24,3.61
πλαισίο,24,3.61
καθόσον,24,3.61
παράμετρο,24,3.61
2013/7,24,3.61
προσεγγίσεως,24,3.61
απομακρύνω,24,3.61
καθημένος,24,3.61
επισημανθεί,24,3.61
υπενθυμίζεται,24,3.61
ειδικη,24,3.61
423,24,3.61
16α,24,3.61
351,24,3.61
21.12.2012,24,3.61
θερμός,24,3.61
δευτερολέπτων,24,3.61
προϋφισταμενα,24,3.61
αμοιβαίες,24,3.61
ειδικα,24,3.61
εγγυησεις,24,3.61
χρηματοδοτουμενης,24,3.61
489,24,3.61
dcs,24,3.61
jpy,24,3.61
7.8(α)(ii,24,3.61
επαναταξινομηθούν,24,3.61
84-92,24,3.61
2.4-5,24,3.61
καθυστερημένα,24,3.61
αναπαράσταση,24,3.61
ελκυστήρες,24,3.61
πρόσδεση,24,3.61
γέννηση,24,3.61
εκκαθαρίστηκαν,24,3.61
sfc,24,3.61
σεκ,24,3.61
τροχοί,24,3.61
εμεκ·,24,3.61
εζες”·,24,3.61
δπδ,24,3.61
ρούβλι,24,3.61
επιτροπης,23,3.46
επιτεύχθηκε,23,3.46
κοινοποιήζω,23,3.46
επιλογήν,23,3.46
επιδίωξη,23,3.46
εξαρτώμενος,23,3.46
συνυπολογισμός,23,3.46
αδύνατον,23,3.46
τηρηθεί,23,3.46
περιεκτικός,23,3.46
δεκαετής,23,3.46
εκλαμβάνω,23,3.46
ενθάρρυνση,23,3.46
μετοχές·,23,3.46
2004/39/εκ·,23,3.46
δικαιώματό,23,3.46
βασικά,23,3.46
αλλοίωση,23,3.46
επισημάνσεις,23,3.46
επισκοπηση,23,3.46
συμμορφούται,23,3.46
λάμβανε,23,3.46
νωρίτερος,23,3.46
αποτελεσμάτων·,23,3.46
απαιτούνταν,23,3.46
χαρακτηριστικά,23,3.46
αξιων,23,3.46
εισηγμένας,23,3.46
περιουσιακών,23,3.46
προγενέστερα,23,3.46
διαγράφηκαν,23,3.46
παράσχουν,23,3.46
συγκρίσιμα,23,3.46
ρευστοποιήσιμων,23,3.46
2005/1/εκ,23,3.46
καταργώνη,23,3.46
τομεας,23,3.46
χορηγείται,23,3.46
11.2.2003,23,3.46
αμετάκλητα,23,3.46
καθόλου,23,3.46
βίβλος,23,3.46
διετής,23,3.46
προβλέψουν,23,3.46
τρόπο·,23,3.46
10·,23,3.46
απρόσκοπτος,23,3.46
καθορισθούν,23,3.46
εκδόσεως,23,3.46
ημερών·,23,3.46
αρμόδιες,23,3.46
προστασιας,23,3.46
διορθωθεί,23,3.46
τουλάχιστον,23,3.46
εξομοιούμενα,23,3.46
συμφωνηθείσας,23,3.46
πώλησης·,23,3.46
ιεραρχικός,23,3.46
καταθένω,23,3.46
επιτρέπεται,23,3.46
δρομολογώ,23,3.46
ομοιόμορφων,23,3.46
πλάκα,23,3.46
παθητικό,23,3.46
έληξε,23,3.46
προφορικά,23,3.46
αγοράσουν,23,3.46
ανανεώσιμος,23,3.46
μορφοτύπων,23,3.46
ελαχιστοποιείται,23,3.46
συμμετοχής·,23,3.46
καταλαμβάνω,23,3.46
προσαρτήματα,23,3.46
περάτωση,23,3.46
αίτιο,23,3.46
εγκατεστώ,23,3.46
αποταμιευτικός,23,3.46
μεταδίδω,23,3.46
ποικίλος,23,3.46
9].ς,23,3.46
ekt/,23,3.46
πλήρων,23,3.46
τυχαίος,23,3.46
κατώς,23,3.46
στόχοι,23,3.46
έμβλημα,23,3.46
διατάσσω,23,3.46
θαλάσσιος,23,3.46
θίξει,23,3.46
ανεξίτηλο,23,3.46
υπεργολάβου,23,3.46
ισχυρίζομαι,23,3.46
αποδοθεί,23,3.46
2008/30,23,3.46
δέκατου,23,3.46
μέθοδο,23,3.46
εφαρμογη,23,3.46
μέσους,23,3.46
διαπραγματευτικός,23,3.46
χαρτιού,23,3.46
πράξει,23,3.46
αναγνωρισμένοι,23,3.46
διάσκεψη,23,3.46
επιτελέζω,23,3.46
προμηθεύω,23,3.46
ατόμου,23,3.46
ανάπτυξης·,23,3.46
απαράδεκτος,23,3.46
ατμός,23,3.46
καθοδικός,23,3.46
βαθμίδων,23,3.46
αμερικανικός,23,3.46
κατοικώ,23,3.46
ζεύξεων,23,3.46
αντισυμβαλλόμενο·,23,3.46
εικαζόμενος,23,3.46
επαναξιολόγηση,23,3.46
τεχνογνωσία,23,3.46
προαίρεσης·,23,3.46
συμβάλλουν,23,3.46
μετατεθεί,23,3.46
ψυχοτρόπων,23,3.46
επιτρεπόμενου,23,3.46
θετικά,23,3.46
χρεωστικους,23,3.46
διαιρώ,23,3.46
φορτία,23,3.46
εκπονεί,23,3.46
151,23,3.46
εξέδρα,23,3.46
δοκιμών·,23,3.46
υποψήφια,23,3.46
οπίσθια,23,3.46
καυσαερίος,23,3.46
πείζω,23,3.46
λανθασμένος,23,3.46
κάλλω,23,3.46
284,23,3.46
ιδια,23,3.46
ληκτότητάς,23,3.46
εμπράγματος,23,3.46
θέσεων,23,3.46
ομοιόμορφες,23,3.46
σταθερη,23,3.46
2.28,23,3.46
υπερφόρτωση,23,3.46
473,23,3.46
γραμμές,23,3.46
νεον,23,3.46
υπερ,23,3.46
ολα,23,3.46
υποστηριζόμενος,23,3.46
μπατ,23,3.46
167/2013,23,3.46
06.01,23,3.46
προεξοχή,23,3.46
σωληνώσεων,23,3.46
εξοπλισμών,23,3.46
σεισμός,23,3.46
pspp,23,3.46
ae,23,3.46
ενεργοποιήσεις,23,3.46
συνεισφερόντων,23,3.46
δευτερολέπτου,23,3.46
κελιά,23,3.46
καδ,23,3.46
ccb,23,3.46
εκκαθαριζόμενων,23,3.46
αντισυμβαλλόμενος·,23,3.46
dcm,23,3.46
ami,23,3.46
παραλαμβάνοντος,23,3.46
ιια,23,3.46
ειδοποιήσεις,23,3.46
χιλή,23,3.46
wibor,23,3.46
αγγλία,23,3.46
178/2002,23,3.46
1.42(γ,23,3.46
1.42(ε,23,3.46
32016,23,3.46
ηβ,23,3.46
2017/1151,23,3.46
239iii,23,3.46
ee,22,3.31
85/611/eοκ,22,3.31
υποχρεώσεων·,22,3.31
υπολογίζο,22,3.31
συμπεριληφθεί,22,3.31
1983,22,3.31
διαφυλάσσω,22,3.31
διατάξεών,22,3.31
ενημερωτικου,22,3.31
ανακοινώσεων,22,3.31
χρηματοδότησή,22,3.31
περιγραφώ,22,3.31
προβλεψεις,22,3.31
συγκρούσεις,22,3.31
πρώτους,22,3.31
προσφάτως,22,3.31
αυστηρότερος,22,3.31
προσφερθούν,22,3.31
τυπικά,22,3.31
κατανεμημένος,22,3.31
διακριτά,22,3.31
προσαρτώνται,22,3.31
υποτιμήσεις,22,3.31
4.2.2ς,22,3.31
αλλάξουν,22,3.31
διακοπεί,22,3.31
ανακτήζω,22,3.31
συμπεριλαμβάνομαι,22,3.31
τηλεπικοινωνιακός,22,3.31
παραδόσεις,22,3.31
εναρμονιστούν,22,3.31
ασχολείται,22,3.31
92/49/εοκ,22,3.31
2002/83/εκ,22,3.31
εξαγωγέας,22,3.31
αναταξινομηθώ,22,3.31
λευκός,22,3.31
χορηγήσουν,22,3.31
έκτος,22,3.31
εκπτώσεις,22,3.31
ικανοτήτων,22,3.31
αίρεση,22,3.31
διασφαλιση,22,3.31
ερευνός,22,3.31
έτος·,22,3.31
υπηρεσίες·,22,3.31
εκδίδονται,22,3.31
επανειλημμένα,22,3.31
χρεώγραφο,22,3.31
πελάτες·,22,3.31
καμιά,22,3.31
παρεμφερών,22,3.31
χρησιμοποιούμενου,22,3.31
εναπόκειται,22,3.31
συνεκτιμώντας,22,3.31
υποβαθμίζω,22,3.31
εκπαιδευτικός,22,3.31
συνδιαλέξεων,22,3.31
μερικά,22,3.31
εξεύρεση,22,3.31
αναβλώ,22,3.31
χρηματοδότησης·,22,3.31
μορφότυποι,22,3.31
37.,22,3.31
μεταβιβάσεων,22,3.31
επιλεγμένα,22,3.31
συνιστώσες,22,3.31
μικρότερου,22,3.31
δεσμή,22,3.31
συγχωνεύσεων,22,3.31
χρεώση,22,3.31
ερώτηση,22,3.31
συμφώνησε,22,3.31
νοούμαι,22,3.31
ανάπτυξή,22,3.31
επιχειρησιακού,22,3.31
δηλώθηκαν,22,3.31
στους,22,3.31
ακτίνα,22,3.31
αποθαρρύνω,22,3.31
κατώφλιο,22,3.31
ποσοστώσεων,22,3.31
περιστασιακά,22,3.31
0010,22,3.31
αποφάσεων,22,3.31
συμμορφούμενων,22,3.31
διαπιστευμένος,22,3.31
δωρεάν·ς,22,3.31
ανακαλούνται,22,3.31
φακέλων,22,3.31
παρακωλύω,22,3.31
ύδατος,22,3.31
επέμβαση,22,3.31
21.7.2006,22,3.31
επιστροφών,22,3.31
συμβατικώς,22,3.31
πρώιμος,22,3.31
31ος,22,3.31
μισθωτός,22,3.31
δεσμευτεί,22,3.31
εργασιακός,22,3.31
επίσπευση,22,3.31
προκλήση,22,3.31
συμπληρώματα,22,3.31
τίτλο,22,3.31
ιδρύσει,22,3.31
βλάψει,22,3.31
τεχνικώς,22,3.31
εγκατασταθεί,22,3.31
ενσφήνωση,22,3.31
φίλτρο,22,3.31
2009/138/εκ·,22,3.31
σκοπών,22,3.31
χρεογράφος,22,3.31
κατατίθω,22,3.31
εξίσωση,22,3.31
ζητηθείσος,22,3.31
προσώπου·,22,3.31
συστάση,22,3.31
ευνοϊκότερου,22,3.31
ευκρινώς,22,3.31
δημοσιοποιηθεί,22,3.31
έπαυσε,22,3.31
ελεύθερο,22,3.31
σκιώδους,22,3.31
εκχωρήσεις,22,3.31
117,22,3.31
προσαυξήσεων,22,3.31
χρηματοδοτική,22,3.31
απογραφή,22,3.31
συνεργείο,22,3.31
πεδούμενος,22,3.31
διερευνά,22,3.31
μηχανοκίνητα,22,3.31
e-b,22,3.31
σταδίου,22,3.31
καταγγείλλω,22,3.31
αναπτύχνω,22,3.31
υποδειγμάτος,22,3.31
ατελείς,22,3.31
εσσκ/,22,3.31
467,22,3.31
βεβαρημένο,22,3.31
ποσο,22,3.31
εμβόλου,22,3.31
kw,22,3.31
κύκλωμα,22,3.31
νερού,22,3.31
χέρι,22,3.31
95/16/εκ,22,3.31
χρησιμοποιηθέντα,22,3.31
ατμόσφαιρα,22,3.31
απαιτούμενη,22,3.31
αναφορών·,22,3.31
9.1,22,3.31
διαπραγματευσιμους,22,3.31
αναμενομενη,22,3.31
διακανονισμος,22,3.31
αναφέρονς,22,3.31
ακινήτων·,22,3.31
1.54(ιε,22,3.31
συντάξεις,22,3.31
7.20(ε,22,3.31
χιλής,22,3.31
ινδική,22,3.31
αλληλοεξαρτώμενος,22,3.31
min–,22,3.31
αγκυρώσεων,22,3.31
αναπνευστικός,22,3.31
φυτός,22,3.31
finma,22,3.31
εκλεκτός,22,3.31
λινάρι,22,3.31
βερμούδα,22,3.31
dodd-frank,22,3.31
χρηματοδοτούσας,22,3.31
επαναδιαπραγμάτευση,22,3.31
πτμ,22,3.31
πλημμύρα,22,3.31
ανεκτέλεστων,22,3.31
συστέγαση,22,3.31
επανεπεξεργασία,22,3.31
φυσικοχημικός,22,3.31
29.6.2016,22,3.31
9.4.1.2,22,3.31
διαπραγμάτευσης-αποδέκτες,22,3.31
pepp,22,3.31
αναδιαρθρωμένας,22,3.31
ανταποκρινόμενος,21,3.16
απλών,21,3.16
επιτρέψουν,21,3.16
μικροεπενδυτής,21,3.16
διάβρωση,21,3.16
ενήμερο,21,3.16
αποζημιώσεων,21,3.16
προσέλκυση,21,3.16
σοφών,21,3.16
8].,21,3.16
χρεών,21,3.16
αγορά·,21,3.16
καταρτισθεί,21,3.16
κοινό·,21,3.16
κοινοποιεί,21,3.16
κατευθύνω,21,3.16
31.,21,3.16
ισοδύναμης,21,3.16
αλλοιώσουν,21,3.16
επηρέασαν,21,3.16
εταιρείας·,21,3.16
πλαίσιό,21,3.16
δημοσιεύνω,21,3.16
χρήσεων,21,3.16
διαμορφωθεί,21,3.16
στοιχείο·,21,3.16
βαθμολόγηση,21,3.16
εισηγμένη,21,3.16
δραστηριότητας·,21,3.16
ενυπόθηκο,21,3.16
διαγράφηκε,21,3.16
λήφθηκε,21,3.16
προεξοφλημένο,21,3.16
ανέφικτος,21,3.16
τέτοια,21,3.16
πρόωρα,21,3.16
έξω,21,3.16
πληρούσαν,21,3.16
υποτεθεί,21,3.16
καφέ,21,3.16
βοηθά,21,3.16
εκμεταλλεύομαι,21,3.16
εποπτικών,21,3.16
καλύψουν,21,3.16
προσχέδιο,21,3.16
προβλέπεται,21,3.16
ενδιαφέρω,21,3.16
αφαιρέσουν,21,3.16
πτωχευτικός,21,3.16
κατώτερα,21,3.16
b,21,3.16
ημέρες·,21,3.16
υπερβάσεις,21,3.16
τριετής,21,3.16
αμφοτέρων,21,3.16
εκκαθαρίνω,21,3.16
εκσυγχρονισμός,21,3.16
προειδοποιώ,21,3.16
εντολής·,21,3.16
δολαρίου,21,3.16
μεσιτεία,21,3.16
καταβαλλόμενος,21,3.16
διορθώνεται,21,3.16
εγκατάστασής,21,3.16
2000/7,21,3.16
τρεχούμενοι,21,3.16
μεταφοράς,21,3.16
ενθαρρυνθεί,21,3.16
βία,21,3.16
εκτελεστός,21,3.16
υπαχθεί,21,3.16
2.9.2006,21,3.16
επαληθεύσιμος,21,3.16
αναθεωρείται,21,3.16
έπω,21,3.16
ασφαλίστρος,21,3.16
κεφάλαιό,21,3.16
νοέμβριος,21,3.16
ενδοημερήσιας,21,3.16
ιδρώνυ,21,3.16
χαρτοφυλακίου·,21,3.16
διέπονται,21,3.16
ενδιαφερομένος,21,3.16
δικαιολογητικό,21,3.16
ευθέως,21,3.16
1.3,21,3.16
άλλαξε,21,3.16
πεδιου,21,3.16
προωθηθούν,21,3.16
ιδιοκτήτη,21,3.16
τυπικής,21,3.16
ενισχώνυ,21,3.16
επαναφέρω,21,3.16
μερίσματο,21,3.16
εξακριβώσεις,21,3.16
ισορροπημένη,21,3.16
εκχωρηθεί,21,3.16
κλείνω,21,3.16
επενδυτές·,21,3.16
διανεμηθούν,21,3.16
προκαταβολικός,21,3.16
συμπληρωμάτων,21,3.16
εξυπηρετούνται,21,3.16
επανάκτηση,21,3.16
δικαιολογημένη,21,3.16
φλόγα,21,3.16
τετραγωνικός,21,3.16
λυχνιών,21,3.16
φωτός,21,3.16
ζεύξεις,21,3.16
δημιουργεί,21,3.16
τεκμηριωθεί,21,3.16
διάμεσος,21,3.16
εποπτός,21,3.16
ζητηθείσα,21,3.16
παραπλάνηση,21,3.16
συμβούλου,21,3.16
κ.λπ.·,21,3.16
ποε,21,3.16
δημιουργώντας,21,3.16
επεξηγείται,21,3.16
λείπω,21,3.16
στην,21,3.16
βιώσιμα,21,3.16
τράπεζες·,21,3.16
κόλπος,21,3.16
κερδοσκοπία,21,3.16
πιέσεων,21,3.16
προσαρτήμα,21,3.16
διεξήχθησαν,21,3.16
ποσοστώσεις,21,3.16
αδυναμίες,21,3.16
bcbs,21,3.16
συνεπείς,21,3.16
131,21,3.16
αμαξώμα,21,3.16
2000/25/εκ,21,3.16
οχηματος,21,3.16
τρίκυκλος,21,3.16
σχεδιάστηκαν,21,3.16
ατμοσφαιρικός,21,3.16
δομημένα,21,3.16
επενεργώ,21,3.16
μεμονωμένου,21,3.16
ύφεση,21,3.16
χρηματοδοτούμενη,21,3.16
cmv,21,3.16
στοχαστικός,21,3.16
προορατικός,21,3.16
468,21,3.16
2014/45,21,3.16
κατοικίδιος,21,3.16
όγκου,21,3.16
ανελκυστήρεςς,21,3.16
τροφοδοτείται,21,3.16
προσήμου,21,3.16
9·,21,3.16
μετοχικα,21,3.16
05.01,21,3.16
χωρις,21,3.16
χωρα,21,3.16
10.02,21,3.16
παραγωγα,21,3.16
αρνητικες,21,3.16
χρηματιστηριακης,21,3.16
διαμεσολαβησης,21,3.16
νομισμα,21,3.16
1.3.3,21,3.16
040-060,21,3.16
krw,21,3.16
7.8,21,3.16
2.36,21,3.16
συμπληρωθούν,21,3.16
βαλβίδα,21,3.16
προκειμένη,21,3.16
λογαριασμούς,21,3.16
2008/90/εκ,21,3.16
οπωροφόρος,21,3.16
φλοιού,21,3.16
απόφασης·,21,3.16
δσμ,21,3.16
επικαιροπόιηση,21,3.16
τοκοφόρα,21,3.16
32.02,21,3.16
δανεισμένος,21,3.16
αγόρι,21,3.16
αναταξινομηθεί,21,3.16
αλβανικό,21,3.16
2015/13,21,3.16
εοχ-εζες,21,3.16
77γ,21,3.16
ρινγκίτ,21,3.16
77γς,21,3.16
επιπεδου,21,3.16
stressi,21,3.16
vge-süd,21,3.16
2017/574,21,3.16
2.102-103,21,3.16
2.272,21,3.16
[:,21,3.16
αποτιμηση,21,3.16
l'impôt,21,3.16
πανδημίος,21,3.16
175i,21,3.16
429γ,21,3.16
nedc,21,3.16
γενικότερος,20,3.01
αναγνωρισμένων,20,3.01
δυνατοτήτων,20,3.01
διάχυση,20,3.01
κατάθεσης·,20,3.01
αυτού·,20,3.01
ομοιότητα,20,3.01
ιστορικό,20,3.01
μεταβλώ,20,3.01
ανέλαβαν,20,3.01
διενεργηθούν,20,3.01
παρέχεται,20,3.01
πληρωτέο,20,3.01
εγκριθέντος,20,3.01
μεδ,20,3.01
πάψει,20,3.01
διαγραφούν,20,3.01
προσδιορίστηκαν,20,3.01
εξαγοράζω,20,3.01
μέγεθός,20,3.01
βρεθεί,20,3.01
ξανά,20,3.01
εναπομένον,20,3.01
κατέληγε,20,3.01
εκατό,20,3.01
διατηρηθέντος,20,3.01
ομαδικός,20,3.01
θάνατος,20,3.01
φόροι,20,3.01
χονδρικής·,20,3.01
σημερινός,20,3.01
ετερογενών,20,3.01
προαγωγή,20,3.01
επακόλουθες,20,3.01
οντότητες,20,3.01
βελτιώσεων,20,3.01
προγενέστερης,20,3.01
μετρου,20,3.01
φορολογητέος,20,3.01
πραγματοποιηθείσα,20,3.01
ελάφρυνση,20,3.01
παρακαλείσθε,20,3.01
διοργάνωση,20,3.01
συγκρίσεις,20,3.01
λογαριασμό·,20,3.01
εμπορεύματα,20,3.01
μεταβλητό,20,3.01
εμπειρικός,20,3.01
χαρακτήρα·,20,3.01
προστατευθούν,20,3.01
προηγείται,20,3.01
ανοχής,20,3.01
τερματίνω,20,3.01
αντιταχθεί,20,3.01
έρευνα·,20,3.01
σταλεί,20,3.01
επιστρεπτέος,20,3.01
αποσβέννυνται,20,3.01
αγοράστηκαν,20,3.01
γραμμάτια,20,3.01
ανατίμηση,20,3.01
εννοία,20,3.01
εκτελεσθεισών,20,3.01
αναφορές,20,3.01
διαπραγματευθείσος,20,3.01
καλώδιο,20,3.01
μετρικός,20,3.01
σκοπιά,20,3.01
αναλήφθηκαν,20,3.01
26.,20,3.01
μακροχρόνια,20,3.01
κοινοποίησε,20,3.01
άρθρου·,20,3.01
κτιρίων,20,3.01
υποθήκα,20,3.01
διαδικτύου,20,3.01
επιμέρους,20,3.01
μισθός,20,3.01
προωθητικός,20,3.01
20.5.2003,20,3.01
φύλο,20,3.01
αλιέων,20,3.01
εγχειριδίων,20,3.01
ασφαλίση,20,3.01
αιτιολογείται,20,3.01
98/34/εκ,20,3.01
λεπτομερά,20,3.01
εκτελεστούν,20,3.01
καταλληλότερος,20,3.01
δείξει,20,3.01
αντιτίμου,20,3.01
φορέα·,20,3.01
διαγράμματα,20,3.01
βεβαιώσεις,20,3.01
1β,20,3.01
ισπανικός,20,3.01
πορτογαλικός,20,3.01
προσφύγει,20,3.01
συναρμολογούνται,20,3.01
προϊόντα,20,3.01
ετοιμάζω,20,3.01
άπτω,20,3.01
πλήττω,20,3.01
κληθεί,20,3.01
3β,20,3.01
υπεραναλήψεις,20,3.01
λειτουργίας·,20,3.01
ανατεθείσες,20,3.01
χάραξη,20,3.01
αντίστοιχα·,20,3.01
θέσπισε,20,3.01
αντιρρήσεων,20,3.01
112ας,20,3.01
διαχειρισθεί,20,3.01
παρ’,20,3.01
συμπεριλήφθηκαν,20,3.01
προσαυξημένο,20,3.01
ψευδής,20,3.01
84.,20,3.01
προϊόντων,20,3.01
κατεργασία,20,3.01
τοποθετημένος,20,3.01
ανιχνευτής,20,3.01
λυχνία,20,3.01
αγγίζω,20,3.01
2009/110/εκ,20,3.01
παραδοτέος,20,3.01
ειδοποιήσεων,20,3.01
προσβασιμότητα,20,3.01
ασφάλειας·,20,3.01
ισοδυνάμος,20,3.01
προσυπογραφεί,20,3.01
προκλώ,20,3.01
χαμηλών,20,3.01
διαπραγματεύσεις,20,3.01
επαγγέλματος,20,3.01
δόθηκαν,20,3.01
απόκεντρος,20,3.01
αυτοπιστοποίηση,20,3.01
παροτρύνω,20,3.01
εφαρμόζονταν,20,3.01
σιδηροδρομικός,20,3.01
διπλάσιος,20,3.01
απαλειφθεί,20,3.01
προετοιμαστούν,20,3.01
περιλήψεις,20,3.01
υπολειπόμενων,20,3.01
à,20,3.01
ξεκινώντας,20,3.01
κεφαλαιαγοράς,20,3.01
εποπτεύουσας,20,3.01
ανώτατης,20,3.01
αναβληθεί,20,3.01
αναδόχους,20,3.01
εγκρίνουσας,20,3.01
τροχοφόρας,20,3.01
άξονης,20,3.01
εξαρτήματα,20,3.01
εκτόξευση,20,3.01
τετράκυκλος,20,3.01
φυσιολογικός,20,3.01
οφειλόμενα,20,3.01
εμπειρογνωσία,20,3.01
εντέλει,20,3.01
rw,20,3.01
κατέχεται,20,3.01
εξάντληση,20,3.01
αγορασθεί,20,3.01
αναγέννηση,20,3.01
διέρχομαι,20,3.01
καθημένων,20,3.01
2.29,20,3.01
δεικτες,20,3.01
λήμμα,20,3.01
υγρασία,20,3.01
2.3.1,20,3.01
εξεταση,20,3.01
εμφαίνονται,20,3.01
συναγερμός,20,3.01
προγραμματισμένες,20,3.01
εξοδων,20,3.01
εξασφαλιση,20,3.01
εξασφαλισεις,20,3.01
εναλλακτικης,20,3.01
φυλαξης,20,3.01
alpha-2,20,3.01
εμπορική,20,3.01
egp,20,3.01
rub,20,3.01
try,20,3.01
εμπορευματων,20,3.01
1.54(β,20,3.01
7.20(γ,20,3.01
διακρατουμενα,20,3.01
οφειλές,20,3.01
424,20,3.01
ληξιπρόθεσμων,20,3.01
δανείσει,20,3.01
υλισμικός,20,3.01
κερμάτο,20,3.01
συνολικων,20,3.01
νομισματική,20,3.01
090,20,3.01
κεντροαξονικός,20,3.01
2009/142/εκ,20,3.01
γένη,20,3.01
διασταυρούμενος,20,3.01
συμμετέχοντής,20,3.01
1024/2013,20,3.01
fmi,20,3.01
εισαγάγετε,20,3.01
ενοικιαστής,20,3.01
συνεισφέροντα,20,3.01
κελιού,20,3.01
32.01,20,3.01
υπερεξασφάλιση,20,3.01
c040,20,3.01
υποβάλλων,20,3.01
ουρά,20,3.01
γιούτα,20,3.01
ξεφτίδια,20,3.01
εακαα”·,20,3.01
κοινωνικό,20,3.01
17442,20,3.01
πεδία,20,3.01
εξυγίανσής,20,3.01
16.12.2016,20,3.01
1.22,20,3.01
β)(γ,20,3.01
44(ε,20,3.01
2.1.3,20,3.01
υχα,20,3.01
εχει,20,3.01
2019/515,20,3.01
34.02,20,3.01
13.10.2003,19,2.86
αναπτυχθούν,19,2.86
διάρκειά,19,2.86
επιστραφεί,19,2.86
2003/71/eκ,19,2.86
ενδιάμεσων,19,2.86
εγγύς,19,2.86
πρότεινε,19,2.86
καταστάσεις·,19,2.86
1978,19,2.86
εξαμήνος,19,2.86
17.7.1999,19,2.86
δημοσιεύθηκε,19,2.86
υπερσυνδέσμος,19,2.86
παρελθούσος,19,2.86
νόμιμη,19,2.86
επηρεάστηκαν,19,2.86
προβλέπτω,19,2.86
αποκτήσεων,19,2.86
ποσοστώση,19,2.86
μέρη·,19,2.86
αναφεώνρ,19,2.86
παρατεθεί,19,2.86
δημοσιευόμενος,19,2.86
υπηρεσιων,19,2.86
εγγραφο,19,2.86
κατανέμει,19,2.86
επαναγοράσει,19,2.86
μεταβολά,19,2.86
τεκμαρτό,19,2.86
δικαίωμά,19,2.86
αποκτάται,19,2.86
αναθεωρούνται,19,2.86
συμψηφιστούν,19,2.86
εξατομικευμένο,19,2.86
λίγος,19,2.86
ορισμένες,19,2.86
ακατέργαστος,19,2.86
μένω,19,2.86
μερική,19,2.86
εισαγάγω,19,2.86
θεωρείται,19,2.86
βελτιωμένος,19,2.86
υπηρεσιών,19,2.86
διαχειριζόμενος,19,2.86
δρω,19,2.86
84/253/εοκ,19,2.86
πειθαρχία,19,2.86
μνημονεύεται,19,2.86
πλείονες,19,2.86
αγορών·,19,2.86
κλείζω,19,2.86
άνθρακας,19,2.86
διαστημάτο,19,2.86
εντολή·,19,2.86
συσχετιζόμενα,19,2.86
πληρώνει,19,2.86
πολύτιμα,19,2.86
παράδοσή,19,2.86
συμφωνηθείσα,19,2.86
αποδοθούν,19,2.86
τράπεζα·,19,2.86
πραγματοποιήσεως,19,2.86
ημερήσιες,19,2.86
περιγραφόμενος,19,2.86
μηχανολογικός,19,2.86
συσσωρευμένη,19,2.86
νόμιμα,19,2.86
διευρωπαϊκός,19,2.86
αυθημερόν,19,2.86
μεταδιαπραγματευτικός,19,2.86
τιμή·,19,2.86
ανταλλάξιμοι,19,2.86
τύχει,19,2.86
αποκλίνουσος,19,2.86
αυξήνω,19,2.86
συλλεγόμενος,19,2.86
ενημερώσεων,19,2.86
επέλθουν,19,2.86
κε,19,2.86
vιi,19,2.86
μηνύματος,19,2.86
27.11.1998,19,2.86
εξουσιοδοτημένη,19,2.86
εκδοθείσα,19,2.86
ταξινομημένος,19,2.86
αποτελεσματικότητά,19,2.86
οριστούν,19,2.86
αποκτώνη,19,2.86
παράθεση,19,2.86
κανονικότητα,19,2.86
λειτουργικότητα,19,2.86
κωδικόςς,19,2.86
άξονες,19,2.86
αστέριο,19,2.86
βελτιώζω,19,2.86
σταθμός,19,2.86
συστημάτων,19,2.86
προηγουμενων,19,2.86
ποσοστα,19,2.86
20α,19,2.86
ελαττωματικός,19,2.86
ευαισθητοποίηση,19,2.86
επιθεώρησης·,19,2.86
υπεργολάβων,19,2.86
προτροπή,19,2.86
κοινοποίησή,19,2.86
ενδεικνυόμενος,19,2.86
προϊόντων·,19,2.86
διαπιστώθηκε,19,2.86
προέβλεπε,19,2.86
εταιρεία·,19,2.86
δικαιοσύνη,19,2.86
εσθονικός,19,2.86
συμπληρώσεώς,19,2.86
βοηθήματα,19,2.86
επιδοτήσεις,19,2.86
αποφέρω,19,2.86
προϋπηρεσία,19,2.86
σχετικού,19,2.86
καταλογιστούν,19,2.86
αβέβαιος,19,2.86
αποκτηθέντων,19,2.86
προσωρινάς,19,2.86
18.1,19,2.86
ιστοτόπου,19,2.86
λογικά,19,2.86
υποπτεύομαι,19,2.86
συμβιβασμός,19,2.86
διαβατηρίου,19,2.86
εξασφαλισθούν,19,2.86
καταχωρίσεων,19,2.86
κβ,19,2.86
ξεπερνά,19,2.86
διαχειριστεί,19,2.86
αρχών·,19,2.86
αιτούντης,19,2.86
προεδρεύω,19,2.86
αθροιστικά,19,2.86
συσσωρευτής,19,2.86
προϋπάρχων,19,2.86
σύνθλιψη,19,2.86
όργανα,19,2.86
συγκολλητικός,19,2.86
ακτίνων,19,2.86
122α,19,2.86
βάρους,19,2.86
ικανοποιούμαι,19,2.86
ευρωσυστήματος·,19,2.86
επικαιροποιήσεις,19,2.86
εξαιρεί,19,2.86
διατηρήνω,19,2.86
13α,19,2.86
αναθεωρημένη,19,2.86
δεδομένων,19,2.86
24.3.2012,19,2.86
8601,19,2.86
παρείχε,19,2.86
σημαντικότερων,19,2.86
γενικότερα,19,2.86
f.31,19,2.86
f.32,19,2.86
αυτοκινητοβιομηχανία,19,2.86
μηχανήματα,19,2.86
db(a,19,2.86
επιβατηγός,19,2.86
ρυμούλκηση,19,2.86
εσφαλμένων,19,2.86
ε*,19,2.86
διαβαθμιστεί,19,2.86
ερε,19,2.86
479,19,2.86
συμπερίληψή,19,2.86
σαρία,19,2.86
χειροτέρευση,19,2.86
καταστατικώς,19,2.86
παθητικου,19,2.86
111/2005,19,2.86
μενού,19,2.86
σωρευτικό,19,2.86
στροφές,19,2.86
ανοιχθεί,19,2.86
bar,19,2.86
κοιλότητα,19,2.86
υπο,19,2.86
2.1.2,19,2.86
προφυλάξεις,19,2.86
επενέργεια,19,2.86
προϊοντος,19,2.86
όγκους,19,2.86
υπόμνηση,19,2.86
προχρηματοδοτημένων,19,2.86
παραρτήματος·,19,2.86
εκπομπής·,19,2.86
απένταξη,19,2.86
εγκατεστημένων,19,2.86
09.01,19,2.86
εξασφαλισμενα,19,2.86
ζημιων,19,2.86
t1,19,2.86
160·,19,2.86
αριθμος,19,2.86
ρωσική,19,2.86
7.8(α)(iς,19,2.86
7.8(στ,19,2.86
39.55(β,19,2.86
εξυπηρετούμενα,19,2.86
bad.ενεργητικό,19,2.86
εσόδων·,19,2.86
επανεπιμετρήσεις,19,2.86
λευκορωσία,19,2.86
εως,19,2.86
καταδείξει,19,2.86
εμφάνιζε,19,2.86
ράβδου,19,2.86
υδροστατικό,19,2.86
χειρότερη,19,2.86
δικαιοδοσίας,19,2.86
σιγκαπούρη,19,2.86
θάλασσα,19,2.86
ενδοημερήσιο,19,2.86
cdo,19,2.86
αναπλήρωση,19,2.86
ελατηρίου,19,2.86
c030,19,2.86
συνταξιούχος,19,2.86
αντικυκλικου,19,2.86
εγγυοδοσία,19,2.86
sca,19,2.86
ληγόντων,19,2.86
71.00,19,2.86
απολύμανση,19,2.86
τραπεζικής·,19,2.86
διαθέσιμη,19,2.86
τετραγωνικά,19,2.86
συνεκδικασθείσε,19,2.86
eudamed,19,2.86
απορροφώνται,19,2.86
προκλινικός,19,2.86
κμτ,19,2.86
2016/1368,19,2.86
γενικων,19,2.86
ανάδοχηςς,19,2.86
2018/292,19,2.86
30.6.2017,19,2.86
όρθιος,19,2.86
715/2007,19,2.86
x)2,19,2.86
χαλαζόπτωση,19,2.86
2.239ii,19,2.86
429στ,19,2.86
κωλυμάτων,19,2.86
εοx,18,2.71
9ος,18,2.71
κόπωση,18,2.71
σχήματος,18,2.71
συγκλίνω,18,2.71
προμηθεία,18,2.71
αποκλειόμενος,18,2.71
περιπτώσει,18,2.71
δικαιώματά,18,2.71
κατευθυντηρίος,18,2.71
ορισμένοι,18,2.71
παρουσιάσει,18,2.71
καταρτίνω,18,2.71
βάρη,18,2.71
περιγραφεί,18,2.71
διαιτητικός,18,2.71
περιέλθει,18,2.71
απαιτητάς,18,2.71
2005,18,2.71
αναγκαστικά,18,2.71
δίπλα,18,2.71
καμία,18,2.71
λάμβαναν,18,2.71
μεγιστοποιώ,18,2.71
καθολικός,18,2.71
γραμμών,18,2.71
μέρα,18,2.71
συνδεθεί,18,2.71
ενυπάρχω,18,2.71
μάλλον,18,2.71
τροποποιημένες,18,2.71
υποκείμενη,18,2.71
επενδυτικά,18,2.71
αντικαθιστά,18,2.71
εξαχθεί,18,2.71
φορολογώ,18,2.71
δεσμευθεί,18,2.71
ετησίος,18,2.71
κινδυνεύω,18,2.71
αρνηθούν,18,2.71
διενεργήθηκε,18,2.71
μειωμένες,18,2.71
αντιμετωπιση,18,2.71
χαρακτηρίζονται,18,2.71
αντίτιμος,18,2.71
αναγνωρισθεί,18,2.71
αμοιβαίως,18,2.71
πολλαπλασιασμένας,18,2.71
ασφαλέςς,18,2.71
αντίθετης,18,2.71
αξιώσεων,18,2.71
συνάψουν,18,2.71
παραγωγοί,18,2.71
προσωπικά,18,2.71
κινδύνους·,18,2.71
κανονιστικά,18,2.71
ανάρμοστος,18,2.71
ισόρροπος,18,2.71
τηρούν,18,2.71
ξεχωριστάς,18,2.71
σχηματισμός,18,2.71
εσωτερικος,18,2.71
ημερήσια,18,2.71
ακούσιος,18,2.71
μηχανισμοί,18,2.71
συμμορφούνται,18,2.71
2007/44/εκ,18,2.71
μείζονος,18,2.71
τρίμηνο,18,2.71
εξυπηρετήζω,18,2.71
αποχωρώ,18,2.71
ανεξόφλητων,18,2.71
πλειόνων,18,2.71
πληρωμές,18,2.71
αντ,18,2.71
γένει,18,2.71
επιλεκτικότητα,18,2.71
κτηνιατρικός,18,2.71
αφαιρέθηκαν,18,2.71
ανακτώμαι,18,2.71
περιεχομενο,18,2.71
δημόσια,18,2.71
διαχωριστικός,18,2.71
συνεχούς,18,2.71
τεκμαίρομαι,18,2.71
διεξήγαγαν,18,2.71
διαθέτει,18,2.71
συμμορφούμενο,18,2.71
κινδύνου(-ων,18,2.71
εξετασθέντα,18,2.71
παραγόμενος,18,2.71
αναφερονται,18,2.71
φινλανδικός,18,2.71
επιθυμία,18,2.71
339/93,18,2.71
ικανότητά,18,2.71
επιπτώσεών,18,2.71
δανείος,18,2.71
ρευστοποιώ,18,2.71
πολυμερούς,18,2.71
ύψιστος,18,2.71
υπολείπομαι,18,2.71
ανακυκλούμενα,18,2.71
κατόχους,18,2.71
διαιρούνται,18,2.71
λοιπού,18,2.71
αυξημένης,18,2.71
υπολογισμένος,18,2.71
απαιτείτο,18,2.71
δίκαιη,18,2.71
εκτελεσθείσες,18,2.71
επανέναρξη,18,2.71
εγγραφούν,18,2.71
κ.,18,2.71
κατευθύνσεων,18,2.71
διευκρινίνω,18,2.71
112β,18,2.71
6.3.1,18,2.71
καθεστώτα,18,2.71
απορρέουν,18,2.71
κεφαλαίων·,18,2.71
καθηκόντων·,18,2.71
παραχθεί,18,2.71
διάμετρο,18,2.71
διαμέτρου,18,2.71
χιι,18,2.71
επιφορτισμένη,18,2.71
δώσουν,18,2.71
263,18,2.71
αποστείλει,18,2.71
άκυρος,18,2.71
εκδίδεται,18,2.71
αποτελέσματός,18,2.71
άλλη,18,2.71
ανακριβή,18,2.71
χορηγηθείσας,18,2.71
γνωστοποιήση,18,2.71
συνενώσεων,18,2.71
εκπρόσωποί,18,2.71
ερωτήσεις,18,2.71
42γ,18,2.71
ενεργεία,18,2.71
πρόσωπο·,18,2.71
14.8.2009,18,2.71
κοινοποιούν,18,2.71
κηρυχθεί,18,2.71
εύληπτος,18,2.71
αναγκή,18,2.71
ε)·,18,2.71
αριστερά,18,2.71
κατέβαλε,18,2.71
κυλιόμενος,18,2.71
xx,18,2.71
παραδοτέο,18,2.71
αιχμή,18,2.71
εκκρεμός,18,2.71
ορίζοντης,18,2.71
μηχανιστικός,18,2.71
τυχόνν,18,2.71
αποφεύχθηκαν,18,2.71
σεναρίος,18,2.71
κυρία,18,2.71
μετατροχίου,18,2.71
μαζών,18,2.71
εγκρινουσών,18,2.71
χωριστή,18,2.71
πόρτα,18,2.71
οδόστρωμα,18,2.71
εγκρισης,18,2.71
συνημμένο,18,2.71
ορίζουσας,18,2.71
rops,18,2.71
υποπίεση,18,2.71
επιφανεία,18,2.71
αιτημά,18,2.71
μεσάζων,18,2.71
αγορασθέντων,18,2.71
ανθρώπινων,18,2.71
επηρεαζόμενος,18,2.71
απομειώνονταν,18,2.71
συνδυασμένου,18,2.71
ακυρώσιμα,18,2.71
αφαιροόμενυς,18,2.71
λήξουν,18,2.71
αντισταθμίσεωνς,18,2.71
εισηγήσεις,18,2.71
481,18,2.71
ανακαταταχθεί,18,2.71
καταλυτικός,18,2.71
παγίδα,18,2.71
υγρού,18,2.71
παράθυρο,18,2.71
δαπέδου,18,2.71
ρήγμα,18,2.71
τροχιά,18,2.71
2.1.1,18,2.71
απαράδεκτα,18,2.71
εκδηλώσεις,18,2.71
εκθέση,18,2.71
φορτίων,18,2.71
στ)·,18,2.71
εκρήξιμος,18,2.71
απλουστευμένης,18,2.71
2024,18,2.71
αναφορων,18,2.71
ειδικές,18,2.71
δλπ39,18,2.71
επανατιτλοποιησεις,18,2.71
πολλαπλασιαστικος,18,2.71
ορος,18,2.71
εργασιμων,18,2.71
ημερων,18,2.71
εναπομένοντος,18,2.71
υφιστάμενης,18,2.71
kirb,18,2.71
aud,18,2.71
τρέχουσες,18,2.71
2.11,18,2.71
28.11,18,2.71
20.4,18,2.71
1.3.1,18,2.71
ανοικτή,18,2.71
ετπ,18,2.71
εκφρασμένο,18,2.71
οντότητες·,18,2.71
μαχητός,18,2.71
2015/68,18,2.71
τροχής,18,2.71
χρηματοπιστωτικού,18,2.71
υποβληθείσες,18,2.71
14.5.2014,18,2.71
1317/2014,18,2.71
468/2014,18,2.71
oth,18,2.71
ενεργοποιημένος,18,2.71
εταιρικό,18,2.71
εχουν,18,2.71
παραπετάσματα,18,2.71
χτενισμένος,18,2.71
χοντρός,18,2.71
προαιρετικώς,18,2.71
μονοσήμαντος,18,2.71
εταιρικοί,18,2.71
89/686/εοκ,18,2.71
—πρακτικός,18,2.71
δικαιόχρηση,18,2.71
επικαιροποιήσεων,18,2.71
2016/1799,18,2.71
4.1.2α,18,2.71
κατ-πάροχο,18,2.71
νανοϋλικός,18,2.71
9.5.4.3,18,2.71
1.42(δ,18,2.71
"9.2.1(ε),(ζ",18,2.71
1.44(η,18,2.71
αγοραόμενσς,18,2.71
2018/1229,18,2.71
ανοδικός,18,2.71
104β,18,2.71
πεδεσυ,18,2.71
εξαιρούμενα,18,2.71
toy,17,2.56
κυπριακός,17,2.56
κατάλληλα,17,2.56
ελέγξει,17,2.56
χρεοκοπία,17,2.56
θεωρήσω,17,2.56
σχετικοί,17,2.56
ακυρώσεων,17,2.56
διαγράμματος,17,2.56
ερμηνευθεί,17,2.56
αντιληφθεί,17,2.56
ισότητα,17,2.56
ίσοι,17,2.56
μεταβιβάσιμες,17,2.56
μεταβιβάσιμων,17,2.56
πληροφορείται,17,2.56
σύγκληση,17,2.56
καιρός,17,2.56
υπάρχοντης,17,2.56
18.7.1983,17,2.56
κυρίαρχος,17,2.56
καθορίστηκαν,17,2.56
x.,17,2.56
παραιτώ,17,2.56
χρηματοοικονομικες,17,2.56
ακινητα,17,2.56
παρέσχε,17,2.56
θεση,17,2.56
παρουσιαστούν,17,2.56
επήλθε,17,2.56
χρήση·,17,2.56
εκφρασμένες,17,2.56
περιοδικότητα,17,2.56
όροι,17,2.56
τρόπους,17,2.56
αγορές·,17,2.56
ονομάζω,17,2.56
όφειλε,17,2.56
συναποτελώ,17,2.56
ακαθάριστου,17,2.56
περιουσίας·,17,2.56
εξομοιώνω,17,2.56
επιμετρηση,17,2.56
προσαρτημα,17,2.56
συχνή,17,2.56
επιτοκίος,17,2.56
καθοριστεί,17,2.56
ας,17,2.56
υποχρεωμένη,17,2.56
αλληλοκαλυπτόμενος,17,2.56
διαπραγματεύσιμας,17,2.56
επέβαλε,17,2.56
συμβαδίζω,17,2.56
αντισταθμιστεί,17,2.56
φορέος,17,2.56
19.12.2002,17,2.56
σιδήρου,17,2.56
προσελκύω,17,2.56
εξοφληθούν,17,2.56
επιβεβαίωσε,17,2.56
εξηγώντας,17,2.56
παρείχαν,17,2.56
αντισταθμισμένη,17,2.56
καλύτερος,17,2.56
εμπειρογνωμόνος,17,2.56
dl,17,2.56
επενδεδυμένος,17,2.56
νοθεύω,17,2.56
πολιτιστικός,17,2.56
ασυμβίβαστος,17,2.56
παρανόμως,17,2.56
εξουσιοδοτούνται,17,2.56
δικλείδα,17,2.56
τροποπόιηση,17,2.56
ανακαλείται,17,2.56
διακρατικός,17,2.56
b.,17,2.56
οδηγία·,17,2.56
προσεγγίζω,17,2.56
σύνθετης,17,2.56
διαπραγματευσιμοι,17,2.56
καθεμιά,17,2.56
καταλληλότητάς,17,2.56
απαιτήσεών,17,2.56
πράξουν,17,2.56
συμβουλές,17,2.56
συνεπαγόμενος,17,2.56
συναφέςς,17,2.56
υπηρεσίας·,17,2.56
εντολών·,17,2.56
διατυπώσεις,17,2.56
αυτών·,17,2.56
μεταγενέστερων,17,2.56
ονε,17,2.56
αναγόμενος,17,2.56
ζητήνω,17,2.56
καθορισθεί,17,2.56
προερχόμενα,17,2.56
εξισορροπώ,17,2.56
4.1,17,2.56
ανιχνεύω,17,2.56
προβλεπόμενου,17,2.56
προβλεψιμότητα,17,2.56
οντότητα-στόχο,17,2.56
προτείνεται,17,2.56
αντιτίθεμαι,17,2.56
ζητήθηκαν,17,2.56
αναγκών,17,2.56
εκατέρωθεν,17,2.56
στεγαστικά,17,2.56
επιστρεπτέα,17,2.56
συχνοτήτων,17,2.56
ενδοημερήσια,17,2.56
συγγενός,17,2.56
οδού,17,2.56
ασφαλίσεως,17,2.56
υποδεικνύεται,17,2.56
λεπτομερών,17,2.56
συνεκτιμώνται,17,2.56
σκάφους,17,2.56
μακροχρόνιος,17,2.56
εκφόρτωση,17,2.56
εκστρατεία,17,2.56
φορέων,17,2.56
παρεμβάσεις,17,2.56
οριοθέτηση,17,2.56
διαταξεις,17,2.56
2.1,17,2.56
επιφυλάξεων,17,2.56
ποσα,17,2.56
παρασκευαστής,17,2.56
εδαφικός,17,2.56
2006/2004,17,2.56
παράβασης·,17,2.56
προετοιμασμένος,17,2.56
σχεδιαστής,17,2.56
συντηρητής,17,2.56
υπεργολάβοι,17,2.56
οργανογράμμα,17,2.56
στόχο,17,2.56
προετοιμάζω,17,2.56
απαλλαγών,17,2.56
δημοσιευθεί,17,2.56
αλλοιώνω,17,2.56
επικίνδυνα,17,2.56
σοβαρού,17,2.56
ατυχήματα,17,2.56
επιχορηγήσεων,17,2.56
ακυρώσεις,17,2.56
επιβάλλεται,17,2.56
εκλέγω,17,2.56
σύμφωνη,17,2.56
πιστοδότηση,17,2.56
3037/90,17,2.56
αξιολογώντας,17,2.56
κοστος,17,2.56
προσεχής,17,2.56
τελική,17,2.56
ισότιμων,17,2.56
κώδικες,17,2.56
ήθους,17,2.56
τομεακοί,17,2.56
παραπέμψουν,17,2.56
υπήρξαν,17,2.56
φραγμός,17,2.56
εμπορεύω,17,2.56
αμελεία,17,2.56
50α,17,2.56
αλαμβάνω,17,2.56
λαμπτήρας,17,2.56
μετάλλο,17,2.56
πυκνωτής,17,2.56
ενεργοποιητής,17,2.56
διακοσμητικός,17,2.56
διευρύνω,17,2.56
πολλαπλάσιος,17,2.56
στρογγυλοποιείται,17,2.56
κυμαινόμενο,17,2.56
αθέτησαν,17,2.56
30.,17,2.56
ικανότητας·,17,2.56
συνεχιζόμενων,17,2.56
εμφανίνω,17,2.56
διαφοροποιημένων,17,2.56
αναγκαίου,17,2.56
ειδική,17,2.56
γαλλική,17,2.56
2010/29,17,2.56
καθυστερήσεων,17,2.56
παρατάθηκαν,17,2.56
ανεπιθύμητων,17,2.56
ποπ,17,2.56
παραλήπτη,17,2.56
αεροσκάφος,17,2.56
συμφερόντων·,17,2.56
πολλαπλής,17,2.56
υπολογιστικός,17,2.56
ευρωπαίου,17,2.56
όγδοος,17,2.56
ευθυγραμμιστώ,17,2.56
μεταδεδομένα,17,2.56
κατηγορίες,17,2.56
επιγραφή,17,2.56
σήματα,17,2.56
μηχανοκινήτων,17,2.56
ταχύμετρο,17,2.56
υαλοπίνακες,17,2.56
καθίσματα,17,2.56
τροχοφόρος,17,2.56
διοξειδίου,17,2.56
υποδιαιρούνται,17,2.56
μεταχειρίζομαι,17,2.56
8β,17,2.56
σφάλματα,17,2.56
εισπρακτέες,17,2.56
386,17,2.56
φούσκη,17,2.56
412,17,2.56
γεγονό,17,2.56
ψηφοφορία,17,2.56
υπ',17,2.56
ανύψωση,17,2.56
χειριστηρίο,17,2.56
ασφαλίζω,17,2.56
ou,17,2.56
πλεονάζων,17,2.56
εγγενώς,17,2.56
θόρυβος,17,2.56
επανέρχω,17,2.56
ατμόσφαιρες,17,2.56
διαμεσολαβώ,17,2.56
2013/34/ee,17,2.56
ακινήτος,17,2.56
παγιων,17,2.56
δανειοδοτηση,17,2.56
μεριδιο,17,2.56
rbr,17,2.56
ενσωματα,17,2.56
ετος,17,2.56
458,17,2.56
4.1.1,17,2.56
κατέγραψε,17,2.56
μεση,17,2.56
κίνδυνου,17,2.56
7.22(β,17,2.56
39.89a(α,17,2.56
1.54(ι,17,2.56
19.153,17,2.56
2.14,17,2.56
13.86,17,2.56
αναληφθεί,17,2.56
οδηγού,17,2.56
απαλλαγμένα,17,2.56
τιμόνι,17,2.56
καίριας,17,2.56
εύρωστων,17,2.56
ειδικευμένο,17,2.56
έντομο,17,2.56
διακανονιστός,17,2.56
υπερήμερος,17,2.56
συμβολαιογραφικός,17,2.56
ενοίκιο,17,2.56
2015/62,17,2.56
πυλώνων,17,2.56
εγταα,17,2.56
ανακτώμενων,17,2.56
αντασφαλίσεων,17,2.56
2015/2197,17,2.56
προθεσμιακών,17,2.56
67.00,17,2.56
πάγιοι,17,2.56
επεκταθείσα,17,2.56
προ-συναλλακτικός,17,2.56
2.69-71,17,2.56
1.2.3,17,2.56
2017/656,17,2.56
org,17,2.56
νανομορφές,17,2.56
ογαπ,17,2.56
2019/363,17,2.56
2020/440,17,2.56
πρωτοφειλέτη,17,2.56
75.01,17,2.56
σλοβακικός,16,2.41
επιτρεπόμενης,16,2.41
αναμενόταν,16,2.41
επισύρω,16,2.41
χρησιμοποιούμενα,16,2.41
πραγματοποιούμενος,16,2.41
βλάπτω,16,2.41
χάρτης,16,2.41
υπογεγραμμένη,16,2.41
11.6.1993,16,2.41
ασκούμενος,16,2.41
ελέγχθηκαν,16,2.41
νομική,16,2.41
εφαρμόσιμος,16,2.41
δόσεις,16,2.41
αποκόμιση,16,2.41
προγραμματισμένων,16,2.41
βέβαιης,16,2.41
προθεσμιακά,16,2.41
διακρατούμενου,16,2.41
συνεπός,16,2.41
επαναγοραστεί,16,2.41
αλλάσσω,16,2.41
δ.π.χ.π,16,2.41
χρηματοδοτεί,16,2.41
πληρωθεί,16,2.41
ανικανότητα,16,2.41
24.3.2005,16,2.41
43.,16,2.41
επίγνωση,16,2.41
τείνω,16,2.41
καθήκοντα,16,2.41
συνημμένος,16,2.41
διοικητής,16,2.41
11].,16,2.41
χρηματοδοτείται,16,2.41
παυση,16,2.41
επικουρείται,16,2.41
υποκαταστήματα,16,2.41
ηλεκτρισμός,16,2.41
συναλλαγων,16,2.41
εκπέσει,16,2.41
οριζόμενο,16,2.41
ανήκουσα,16,2.41
θεωρούμενος,16,2.41
αντίξοος,16,2.41
ενδεδειγμένων,16,2.41
ατελώς,16,2.41
εσωτερική,16,2.41
συνεκτιμά,16,2.41
κατανέμουν,16,2.41
σαφών,16,2.41
προπαρασκευή,16,2.41
επιχειρώ,16,2.41
καθοριστικά,16,2.41
υπηρεσιών·,16,2.41
εμφανός,16,2.41
ομαδοποιημένη,16,2.41
αναγραφή,16,2.41
εισερχόμενος,16,2.41
διορθωμένη,16,2.41
ακαθάριστα,16,2.41
ακέραιο,16,2.41
δανεισμού,16,2.41
φυλάσσονται,16,2.41
αυτοματοποιημένο,16,2.41
ανωτέρας,16,2.41
μετάλλος,16,2.41
υπολογισμή,16,2.41
τίτλου·,16,2.41
διασαφηνιστεί,16,2.41
τάσσω,16,2.41
μεταφέρουν,16,2.41
επιβεβαιώσεις,16,2.41
if_id,16,2.41
χαρακτηριστεί,16,2.41
αντ’,16,2.41
τιτλοποιούνται,16,2.41
κατανεμηθούν,16,2.41
πλείστον,16,2.41
παρεχόμενα,16,2.41
πληρωτής,16,2.41
συνδεόμενων,16,2.41
χαρακτηριστικα,16,2.41
χρηματοδοτούμενο,16,2.41
υπενθύμιση,16,2.41
αποθηκευμένη,16,2.41
ολοένα,16,2.41
προσανατολισμός,16,2.41
ασθένεια,16,2.41
πιστοποιούνται,16,2.41
οικειοθελώς,16,2.41
κενού,16,2.41
διάλυση,16,2.41
1.5,16,2.41
διενεργήνω,16,2.41
4].ς,16,2.41
διευθυντών,16,2.41
καταστάσεων·,16,2.41
αυτά·,16,2.41
διοχέτευση,16,2.41
συμφωνήσουν,16,2.41
σημάνση,16,2.41
κατασκευαστή·,16,2.41
διανομέας·,16,2.41
τώνε,16,2.41
αποδεδειγμένος,16,2.41
τεκμαίρω,16,2.41
ακολούθων,16,2.41
συμπληρώσεως,16,2.41
ασύμβατος,16,2.41
βασισμένος,16,2.41
άσκοπος,16,2.41
απόρρητο,16,2.41
αεροπορικός,16,2.41
διοργανική,16,2.41
αναφορά·,16,2.41
μικρών,16,2.41
δεσμευσεις,16,2.41
κατατάσσονται,16,2.41
άδειά,16,2.41
διαφορετικόςς,16,2.41
ικανές,16,2.41
αλληλοεπικάλυψη,16,2.41
24α,16,2.41
αρχιτεκτονικός,16,2.41
πρόσληψη,16,2.41
αποτυχία,16,2.41
επιτεύχθηκαν,16,2.41
αδείας,16,2.41
αναπτύξει,16,2.41
κατανεμώ,16,2.41
δυσανάλογα,16,2.41
εγγυητικός,16,2.41
προερχόμενες,16,2.41
οφειλά,16,2.41
δίκη,16,2.41
προσυπογράφω,16,2.41
πιστοποιημένα,16,2.41
γνησιότητα,16,2.41
ετήσιου,16,2.41
υπερέβη,16,2.41
ευδιάκριτα,16,2.41
αντιπροσωπευτικά,16,2.41
διαμορφώζω,16,2.41
τυποποιημένες,16,2.41
συνάπτεται,16,2.41
προσαρμόσω,16,2.41
ατυχημάτων,16,2.41
ταξινομεί,16,2.41
αδιανέμητος,16,2.41
γνωμοδότησε,16,2.41
διατάγματος,16,2.41
nd5,16,2.41
ωφελώ,16,2.41
un,16,2.41
βήτα,16,2.41
f,16,2.41
ισχυρίστηκαν,16,2.41
6.4.1,16,2.41
δραστικός,16,2.41
ανώνυμα,16,2.41
ταχέωςς,16,2.41
σταδίος,16,2.41
όχημα·,16,2.41
μνήμη,16,2.41
μηχανοκίνητο,16,2.41
γεννήτρια,16,2.41
επίσωτρο,16,2.41
επανορθωτικός,16,2.41
2006/42/εκ,16,2.41
κιβωτίο,16,2.41
περιστρεφόμενος,16,2.41
δεξαμενών,16,2.41
θερμοκηπίου,16,2.41
παρακαλούμε,16,2.41
απότομος,16,2.41
θρησκευτικός,16,2.41
αθετημένος,16,2.41
ε.,16,2.41
θυγατρικοί,16,2.41
πρόδρομων,16,2.41
μείγματος,16,2.41
pm,16,2.41
kwh,16,2.41
πεπιεσμένος,16,2.41
κραδασμός,16,2.41
διασυνδέσεων,16,2.41
πυρομαχικά,16,2.41
συζητιούνται,16,2.41
διασυνδέσεις,16,2.41
ανελκυστήρος,16,2.41
υπερήμερων,16,2.41
παρείχες,16,2.41
παγκόσμιων,16,2.41
επιτηρητής,16,2.41
αφαιρούμενες,16,2.41
κρατους,16,2.41
υποκατασταση,16,2.41
ποσου,16,2.41
προσαρμογη,16,2.41
αφα,16,2.41
συνεισφορα,16,2.41
iaa,16,2.41
ομόλογα·,16,2.41
ανέκκλητες,16,2.41
μειωση,16,2.41
εξαρτήσεις,16,2.41
τραπεζικη,16,2.41
παρατηρούμενων,16,2.41
1.54(α,16,2.41
3.προσάρτημα,16,2.41
αντισταθμισης,16,2.41
1.9(γ,16,2.41
σκίαση,16,2.41
ασφάλισης·,16,2.41
δανειων,16,2.41
καταπέζω,16,2.41
509,16,2.41
ρευστοτητα,16,2.41
lcr,16,2.41
rsf,16,2.41
πόρισμα,16,2.41
προσμετρώνται,16,2.41
υποστηρίγματα,16,2.41
πρόσκρουση,16,2.41
επισημαίνεται,16,2.41
εγκατεστημένα(-οι,16,2.41
νόσος,16,2.41
2006/70/εκ,16,2.41
έγκυρη,16,2.41
κόμμα,16,2.41
καθυστερημένη,16,2.41
κατανεμημένες,16,2.41
ημιρυμουλκούμενου,16,2.41
2015/880,16,2.41
άντρας,16,2.41
ρόμπα,16,2.41
παρέχων,16,2.41
πραγματογνώμονας,16,2.41
κκδ,16,2.41
rbi,16,2.41
bcb,16,2.41
"010,010",16,2.41
χορηγών,16,2.41
επιβλήθηκε,16,2.41
ldp,16,2.41
θερμαντήρης,16,2.41
δημοσιοποίησή,16,2.41
12.2,16,2.41
πλάσμα,16,2.41
τοξικολογικός,16,2.41
"1.7(ζ)(η),δπχα",16,2.41
2.314-316,16,2.41
επιμετρουμενα,16,2.41
2.88(α,16,2.41
1.44(στ,16,2.41
2.284(ι,16,2.41
λήγοντης,16,2.41
1163/2014,16,2.41
2017/2382,16,2.41
p2,16,2.41
υποβαλλόντων,16,2.41
2018/1046,16,2.41
σινγκαπούρη,16,2.41
273α,16,2.41
αναγκάζω,15,2.26
αναλυτικότερος,15,2.26
βασιστούν,15,2.26
απαιτήσω,15,2.26
διενεργήσουν,15,2.26
αναζητηθούν,15,2.26
παραδίδει,15,2.26
εμποδίων,15,2.26
φόρα,15,2.26
ενδιάμεσης,15,2.26
πληροφορική,15,2.26
αποφάσεως,15,2.26
πρότυπα,15,2.26
ευδιάκριτη,15,2.26
ελεγμένες,15,2.26
περιγραφούν,15,2.26
εμπράγματης,15,2.26
ευδιάκριτο,15,2.26
ληφθέντος,15,2.26
συντάχθηκε,15,2.26
επαύξηση,15,2.26
τοιςν,15,2.26
αγορασθέντος,15,2.26
επαναγοράνω,15,2.26
αντιστοίχηση,15,2.26
καταβλητέο,15,2.26
μισθωμάτων,15,2.26
ενεχυριάσει,15,2.26
ειδοποιήζω,15,2.26
ορθολογικός,15,2.26
μολαταύτα,15,2.26
έγκειται,15,2.26
25α,15,2.26
μεταθέτω,15,2.26
συνακόλουθες,15,2.26
10βα,15,2.26
δημοκρατικός,15,2.26
βούληση,15,2.26
πρωτασφάλιση,15,2.26
ανησυχιών,15,2.26
14·,15,2.26
τρεχούμενος,15,2.26
απαιτητό,15,2.26
καταχωρισθεί,15,2.26
ασυνέπεια,15,2.26
κατατάσσονταν,15,2.26
κάποιας,15,2.26
έθεσε,15,2.26
6ος,15,2.26
ημερησίως,15,2.26
πλεονεκτημάτων,15,2.26
αχρεωστήτως,15,2.26
διευκρινίστε,15,2.26
10].,15,2.26
παραιτείται,15,2.26
ενοποιημένων,15,2.26
διατηρήσουν,15,2.26
κυριαρχία,15,2.26
διενήργησαν,15,2.26
μέρος·,15,2.26
2006/48/εκ·,15,2.26
υπολογίσουν,15,2.26
αφ',15,2.26
λήξης·,15,2.26
ζώνες,15,2.26
ρευστοποιήσιμες,15,2.26
outright,15,2.26
αφορά,15,2.26
αντιταώνχ,15,2.26
συνδεόμενα,15,2.26
αντιγράφου,15,2.26
επαγγελματισμός,15,2.26
γνωστοποιούσα,15,2.26
γνωστοποιήνω,15,2.26
εκτελεσθείσα,15,2.26
εύλογο,15,2.26
οδόν,15,2.26
καταβληθέντες,15,2.26
χρεόγραφα,15,2.26
πληρωτέες,15,2.26
15α,15,2.26
ρευστή,15,2.26
δημοσιευτούν,15,2.26
σύμβαση·,15,2.26
20.1,15,2.26
παρέχο,15,2.26
μητρώων,15,2.26
χαρακτηρίζομαι,15,2.26
πωληθούν,15,2.26
περιορισμένου,15,2.26
δισεκατομμύριο,15,2.26
εξαγόμενος,15,2.26
ανεξόφλητα,15,2.26
κατοίκηση,15,2.26
χιλιάδα,15,2.26
προσμετράται,15,2.26
δημοσιεύσεις,15,2.26
μονομερής,15,2.26
εκτ·,15,2.26
αποζημιώνω,15,2.26
στρατηγικές,15,2.26
κοινώς,15,2.26
εξοικονόμηση,15,2.26
υλοποιείται,15,2.26
συνεπάγονται,15,2.26
διάπραξη,15,2.26
ορθογώνιος,15,2.26
δεξιοτήτο,15,2.26
περιλαμβάνει,15,2.26
παράγοντης,15,2.26
ποσοτήτων,15,2.26
επαναδιατυπώνονται,15,2.26
2011·,15,2.26
διαθέσουν,15,2.26
ανακάλεσε,15,2.26
εξαλειώνφ,15,2.26
23.9.2003,15,2.26
παράρτημο,15,2.26
χρήζω,15,2.26
έκτοτε,15,2.26
καθιερώσουν,15,2.26
προϊόντα·,15,2.26
συμφωνία-πλαίσιο,15,2.26
επαναταξινομώ,15,2.26
τροφίμων,15,2.26
αναπτυσσόμενος,15,2.26
εκλογή,15,2.26
μαυριτανία,15,2.26
ακε-εκ,15,2.26
στρατιωτικός,15,2.26
δανείου·,15,2.26
τιτλοποίηση·,15,2.26
958/2007,15,2.26
επιδράσεων,15,2.26
αντιπροσώπευε,15,2.26
παρέκταση,15,2.26
2008/961/εκ,15,2.26
πολυμορφία,15,2.26
ψηφίζω,15,2.26
εμπορικών,15,2.26
διοικητικες,15,2.26
απορροφώντα,15,2.26
αντίστροφα,15,2.26
σλεε,15,2.26
απορρίφθηκε,15,2.26
11.6.1998,15,2.26
καλέζω,15,2.26
αυστηρών,15,2.26
υπαλλήλου,15,2.26
αντισυμβαλλομένου·,15,2.26
επίκληση,15,2.26
σχεδιασθείσος,15,2.26
σχεδιασθεί,15,2.26
ανανεώζω,15,2.26
διαβιβάνω,15,2.26
προφύλαξη,15,2.26
ρύπος,15,2.26
μέταλλο,15,2.26
2016·,15,2.26
ανεξέλεγκτος,15,2.26
αερισμός,15,2.26
θωράκιση,15,2.26
τους.»·,15,2.26
συμμετέχουσες,15,2.26
τόπα,15,2.26
τετάρτη,15,2.26
καα,15,2.26
αιτήματο,15,2.26
εμπλακεί,15,2.26
μηνών·,15,2.26
ενισχύζω,15,2.26
ουδεμία,15,2.26
σος,15,2.26
αξιόγραφα,15,2.26
παραπλήσιος,15,2.26
απορρέων,15,2.26
διανεμηθεί,15,2.26
εγγεγραμμένο,15,2.26
επιχειρηματία,15,2.26
φορολογουμένος,15,2.26
κέντρων,15,2.26
παρεμπόδιση,15,2.26
2010/20,15,2.26
συνημμένων,15,2.26
ακίνητης,15,2.26
δόσεων,15,2.26
αντίκεινται,15,2.26
πρωτογενός,15,2.26
ασυνήθιστη,15,2.26
ρολος,15,2.26
2008/118/εκ,15,2.26
μεταφορέας,15,2.26
φυσικό,15,2.26
διψήφιος,15,2.26
τεκμαρτή,15,2.26
παιδιών,15,2.26
ταμιευτήριο,15,2.26
εκτεθειμένο,15,2.26
εγγεγραμμένα,15,2.26
παρακάμπτω,15,2.26
συχνότερα,15,2.26
επενδυτές,15,2.26
καλύτερες,15,2.26
111,15,2.26
97/836/εκ,15,2.26
κυβισμός,15,2.26
ανυψωμένος,15,2.26
πλάτους,15,2.26
διαρρύθμιση,15,2.26
μπαταρία,15,2.26
απορρίψει,15,2.26
υπεργολάβα,15,2.26
l1e,15,2.26
υδρογόνο,15,2.26
εξοπλίζω,15,2.26
όρια,15,2.26
ανάδοχα,15,2.26
τιτλοποιηθεί,15,2.26
μετρητών·,15,2.26
αναστείλουν,15,2.26
πολλαπλασιαζόμενη,15,2.26
ηλεκτρική,15,2.26
στρεβλώσεων,15,2.26
απερχόμενος,15,2.26
όντας,15,2.26
αξιολόγησης·,15,2.26
δημοσιοποιήσεις,15,2.26
μεταβιβάζουσα,15,2.26
κοινων,15,2.26
καθορισμένους,15,2.26
292,15,2.26
απομόνωση,15,2.26
πολυτίμων,15,2.26
ληφθεισών,15,2.26
εναπομένοντας,15,2.26
μηχανισμού,15,2.26
106,15,2.26
ανταποκριθούν,15,2.26
νεκρός,15,2.26
αποσκευών,15,2.26
κάτοπτρο,15,2.26
έξυπνος,15,2.26
προϊόντων·ς,15,2.26
παραμόρφωση,15,2.26
κατατεθέν,15,2.26
2004/22/εκ,15,2.26
ελαφρός,15,2.26
κατασκευαστικα,15,2.26
κιβώτιος,15,2.26
κύλινδρος,15,2.26
κατέδειξε,15,2.26
2004/109/εκ·,15,2.26
ιμ,15,2.26
αντικυκλικο,15,2.26
συστημα,15,2.26
αναμενομενης,15,2.26
αsa,15,2.26
επιχειρηματικα,15,2.26
10.01,15,2.26
μεταβιβάζουσες,15,2.26
κάρτες·,15,2.26
21.52(β,15,2.26
27.27-28,15,2.26
εξασφαλισης,15,2.26
7.8(ε)(iς,15,2.26
2.116(ε,15,2.26
εξόδων·,15,2.26
ενοποιηθεί,15,2.26
ανολοκλήρωτος,15,2.26
ψευδοκωδικός,15,2.26
αθλητικός,15,2.26
m.,15,2.26
αντιμετώπιζε,15,2.26
θεωρήθηκε,15,2.26
α4,15,2.26
κιβώτιο,15,2.26
οδικά,15,2.26
δηλωτέος,15,2.26
επαγγελματικά,15,2.26
καταστρεπτικός,15,2.26
υποκειμένος,15,2.26
αντιπροσωπευτικό,15,2.26
2025,15,2.26
1348/2014,15,2.26
γραπτή,15,2.26
εκταμίευση,15,2.26
ωω,15,2.26
συμβάντα,15,2.26
εξυγίανσης·,15,2.26
αεροφυλάκιο,15,2.26
r150,15,2.26
τελειοποίηση,15,2.26
υφάσμα,15,2.26
αριθμητήςς,15,2.26
αλβανικός,15,2.26
εκκαθαριζόμενα,15,2.26
sebi,15,2.26
μεταφέροντος,15,2.26
4β,15,2.26
απόφαση·,15,2.26
ούτω,15,2.26
καθεξής,15,2.26
72.00·,15,2.26
18/17,15,2.26
ενα,15,2.26
"250,040",15,2.26
τεχνολογικών,15,2.26
ανακατατάσσω,15,2.26
imm,15,2.26
ρολογιών,15,2.26
διαπραγματευθείσας,15,2.26
κυβερνοχώρος,15,2.26
seco,15,2.26
7.8(η,15,2.26
1.21,15,2.26
1.7(ε,15,2.26
1.44(β,15,2.26
1.42(στ,15,2.26
2.119,15,2.26
1.34,15,2.26
1.27-28,15,2.26
2015/847,15,2.26
μετωπικός,15,2.26
αμαξίδιου,15,2.26
διαπραγμάτευσης-αποδέκτης,15,2.26
διαφοροποιησης,15,2.26
0210,15,2.26
2020/17,15,2.26
2017/1132,15,2.26
82.00,15,2.26
428ια,15,2.26
2004,14,2.1
εκτιμηθεί,14,2.1
προηγμένος,14,2.1
άμβλυνση,14,2.1
ενθαρρυνθούν,14,2.1
στόχου·,14,2.1
επηρεασμός,14,2.1
μετακίνηση,14,2.1
δεκαετία,14,2.1
υφισταμένων,14,2.1
ανισορροπία,14,2.1
εκδιδόμενες,14,2.1
πληρεξούσιος,14,2.1
εκφράσουν,14,2.1
συντονίζεται,14,2.1
14.8.1978,14,2.1
λογιστός,14,2.1
δυνάμενος,14,2.1
αποκτηθούν,14,2.1
μορφη,14,2.1
καταρτίστηκαν,14,2.1
ανακληθεί,14,2.1
διοικητικα,14,2.1
υιοθετηθεί,14,2.1
ελεγμένων,14,2.1
καταστάσεών,14,2.1
μερισματικός,14,2.1
εντύπωση,14,2.1
φερεγγυότητάς,14,2.1
διακυβέρνησή,14,2.1
σημειωμα,14,2.1
εξοφλείται,14,2.1
σωρευμένη,14,2.1
συνήφθησαν,14,2.1
χρηματοοικονομικών,14,2.1
ολοκληρωτικός,14,2.1
υποχρεωθεί,14,2.1
συνθέτω,14,2.1
τοκοφόρο,14,2.1
παρελθουσών,14,2.1
αποδεδειγμένη,14,2.1
αγαθός,14,2.1
καταπίστευμα,14,2.1
εμπράγματα,14,2.1
29.,14,2.1
αθετώ,14,2.1
διατηρώντας,14,2.1
διαπραγματεύσιμων,14,2.1
συνεκτιμώ,14,2.1
97/9/εκ,14,2.1
τηλεπικοινωνία,14,2.1
προβλημά,14,2.1
επιτροπολογία,14,2.1
απλώς,14,2.1
αυξήθηκε,14,2.1
παρόμοιου,14,2.1
λάθη,14,2.1
υπηκόος,14,2.1
269/2003,14,2.1
χορήγησαν,14,2.1
καταρχάς,14,2.1
λειτουργούσαν,14,2.1
άρει,14,2.1
επενδυτικοί,14,2.1
κινήτρο,14,2.1
προσπαθειών,14,2.1
15].,14,2.1
απασχολείται,14,2.1
οργάνου·,14,2.1
εξειδικεύζω,14,2.1
τραπεζικής,14,2.1
στοιχείου·,14,2.1
υπερβούν,14,2.1
πανομοιότυπα,14,2.1
γραμματίου,14,2.1
εκείνης,14,2.1
υπολογίζεται,14,2.1
συντηρητικά,14,2.1
υπόκειντο,14,2.1
βραχύς,14,2.1
επιδόσεών,14,2.1
αντιπαραβολή,14,2.1
απαιτήσεων·,14,2.1
συμπεράσματα,14,2.1
ανωνύμος,14,2.1
25.11.2005,14,2.1
εντοπίσει,14,2.1
ταυτόχρονης,14,2.1
επιζήμιο,14,2.1
τραπεζογραμμάτιος,14,2.1
πραγματοποιηθείσας,14,2.1
φτώχεια,14,2.1
κατευθυντήριας,14,2.1
μεταφεώνρ,14,2.1
χρέους·,14,2.1
διακοπές,14,2.1
ηλεκτρονική,14,2.1
περίοδο·,14,2.1
προαναφερθέντα,14,2.1
ομοιόμορφης,14,2.1
λεχο,14,2.1
χεδ,14,2.1
διανεμηθέντα,14,2.1
βραχυπρόθεσμοι,14,2.1
έμμεσοι,14,2.1
πληρωτή,14,2.1
καταρτίσουν,14,2.1
απλοποιώ,14,2.1
επανεπενδύω,14,2.1
στερλίνες,14,2.1
spa,14,2.1
name,14,2.1
πρωτασφαλίσεως,14,2.1
αυτόματη,14,2.1
ενδιάμεσους,14,2.1
στερείται,14,2.1
αναδιανομή,14,2.1
παγκόσμια,14,2.1
αιτήσεώς,14,2.1
σκαφών,14,2.1
εγκαθιστώ,14,2.1
επιτόπιων,14,2.1
συνεντεύξεις,14,2.1
ολοκλήρου,14,2.1
ορθογωνίου,14,2.1
δήμος,14,2.1
μετανάστευση,14,2.1
σφραγίδα,14,2.1
κατανομών,14,2.1
υποχρεωμένες,14,2.1
συμφωνηθέντα,14,2.1
ιδιομορφία,14,2.1
μεταφράζεται,14,2.1
διατυπωθούν,14,2.1
ανάλογης,14,2.1
σύλληψη,14,2.1
διαγραμμάτο,14,2.1
θέτει,14,2.1
σ,14,2.1
διεύρυνε,14,2.1
κεφαλαίου·,14,2.1
ολλανδικός,14,2.1
διαπραγματεύσιμοι,14,2.1
παραγωγής·,14,2.1
προϊοντων,14,2.1
συμβόλων,14,2.1
ε.δ.δ.π.χ.α,14,2.1
αποτρέπονται,14,2.1
σεβόμενος,14,2.1
συναινετικός,14,2.1
προοδευτικός,14,2.1
ένατος,14,2.1
ακυρώζω,14,2.1
συντελεστές,14,2.1
μού,14,2.1
τίτλους·,14,2.1
ορυχείο,14,2.1
καταλύματος,14,2.1
μέσοι,14,2.1
παράσχοι,14,2.1
οικονομικες,14,2.1
κατεχόμενα,14,2.1
προοριζόμενων,14,2.1
ασθενεία,14,2.1
τηρούνται,14,2.1
διάμετρος,14,2.1
ικανοποιηθούν,14,2.1
αποκτώντος,14,2.1
ατύχημα,14,2.1
μεταβίβασε,14,2.1
θεματοφύλακα·,14,2.1
προβλεπόμενων,14,2.1
απολαμβάνω,14,2.1
εφιστώ,14,2.1
καταβληθέντα,14,2.1
εγγράφων,14,2.1
1.»·,14,2.1
υπερσύνδεσμος,14,2.1
εξουσιοδοτηση,14,2.1
εκτελεστικες,14,2.1
επιλέξω,14,2.1
22.,14,2.1
φθαλικός,14,2.1
μηχανημάτων,14,2.1
7),14,2.1
κατασκευασμένος,14,2.1
φθορισμός,14,2.1
υδραργύρο,14,2.1
κράματο,14,2.1
κεραμικός,14,2.1
περίβλημα,14,2.1
καθεμιάς,14,2.1
ενεχύρου,14,2.1
αποκεντρωμένη,14,2.1
επιστραφούν,14,2.1
j,14,2.1
προσυμβατικός,14,2.1
αποτίμησης·,14,2.1
προστίμου,14,2.1
ερωτήμα,14,2.1
διάδοχος,14,2.1
ενημέρωσε,14,2.1
απαντήση,14,2.1
ενός,14,2.1
οικοδόμηση,14,2.1
διαμένω,14,2.1
παρατιθέμενος,14,2.1
επιθεωρητής,14,2.1
διανεμόμενος,14,2.1
παρατηρούμενος,14,2.1
υποεπιτροπή,14,2.1
ατομικής,14,2.1
μονομερώς,14,2.1
ιθαγένεια,14,2.1
συνεδριάζω,14,2.1
διανείμει,14,2.1
ίσοις,14,2.1
συνημμένα,14,2.1
μισθοί,14,2.1
συσκευασμένος,14,2.1
ενδείξεις,14,2.1
4.2.2,14,2.1
δημοτικός,14,2.1
κεφάλαια·,14,2.1
ασιατικός,14,2.1
εγγυήσεως,14,2.1
περισσότερος,14,2.1
ρόλων,14,2.1
εποπτικου,14,2.1
148,14,2.1
ενισχυθούν,14,2.1
παροχης,14,2.1
στρεβλώσεις,14,2.1
κύμα,14,2.1
παραγόμενων,14,2.1
κανονισμός·,14,2.1
μπροστά,14,2.1
επιθεωρώ,14,2.1
μοντελοποίηση,14,2.1
δάπεδο,14,2.1
κυλίνδρων,14,2.1
υδρογόνος,14,2.1
l6ς,14,2.1
β),14,2.1
άλφα,14,2.1
συγκρουόμενος,14,2.1
δικαιολογήζω,14,2.1
τυχαίως,14,2.1
υπόληψη,14,2.1
διατηρήσιμος,14,2.1
291,14,2.1
μετριαστούν,14,2.1
δέον,14,2.1
παραγάγω,14,2.1
φορολογητέα,14,2.1
121,14,2.1
γραμματίο,14,2.1
εκμισθώνω,14,2.1
δανειοληπτών,14,2.1
υποδιαιρέσεων,14,2.1
358,14,2.1
αποτυπωθεί,14,2.1
αγορασθείσας,14,2.1
διαφόρος,14,2.1
ασκήσεων,14,2.1
ανανεώσιμα,14,2.1
793/93,14,2.1
crr,14,2.1
σύστημά,14,2.1
αποθάμβωσης,14,2.1
ανοίγματος·,14,2.1
επιγραμμικά,14,2.1
κατέστησε,14,2.1
αποσοβηθούν,14,2.1
73.,14,2.1
ψυχαγωγία,14,2.1
αερόσακος,14,2.1
παρασκευάζω,14,2.1
κατοικίδιων,14,2.1
χώρων,14,2.1
εξοπλισμου,14,2.1
κατασκευαζόμενου,14,2.1
διαστηματα,14,2.1
ταινία,14,2.1
παρατηρησεις,14,2.1
σωλήνες,14,2.1
αιτιολογούνται,14,2.1
εκπλειστηριαζόμενων,14,2.1
κεφαλαιακο,14,2.1
μελους,14,2.1
τιτλοποιησεις,14,2.1
διαφοροποιηση,14,2.1
συμβαινει,14,2.1
επιχειρηματικων,14,2.1
νιοστου,14,2.1
βαθμου,14,2.1
υστερήσεις,14,2.1
050,14,2.1
κίνδυνο,14,2.1
αθέτηση·,14,2.1
ανοιγμάτων)·,14,2.1
εσωτερικες,14,2.1
συναλλαγη,14,2.1
rw(sp,14,2.1
δάνεια·,14,2.1
επιλεγμένη,14,2.1
1.54(ε,14,2.1
40.5,14,2.1
39.47,14,2.1
1.79(α)(vi,14,2.1
32.33-34,14,2.1
1.54(ιζ,14,2.1
1.91(β,14,2.1
2.46,14,2.1
διασκέδαση,14,2.1
7.8(ε)(ii,14,2.1
αντιλογισμοί,14,2.1
12.29(α,14,2.1
υποβάλλονται,14,2.1
συναλλάγματος·,14,2.1
γκρι,14,2.1
ινδονησία,14,2.1
δέρματος,14,2.1
υποδομών,14,2.1
χαρτονομισμάτων,14,2.1
2014/49/εε,14,2.1
εισπρακτεων,14,2.1
μετοχικου,14,2.1
εξυπηρετουμενα,14,2.1
bad·,14,2.1
ανοχής·,14,2.1
πολλαπλασιασμένα,14,2.1
εγκριση,14,2.1
en,14,2.1
αυτοματοποιημένων,14,2.1
ευστάθεια,14,2.1
κατηγορία·,14,2.1
ανθοφορία,14,2.1
dvp,14,2.1
ρυθμών,14,2.1
αλμπέρτα,14,2.1
εοχς,14,2.1
int,14,2.1
φιλοξενία,14,2.1
τελό,14,2.1
δυσμενέςς,14,2.1
ανωφέρεια,14,2.1
κατωφέρεια,14,2.1
s2,14,2.1
κλειδί,14,2.1
κίτρινη,14,2.1
βαρων,14,2.1
χρηματορροής,14,2.1
ενεργοποιούνταν,14,2.1
r020,14,2.1
στόμα,14,2.1
λουρίδα,14,2.1
αναγράψατε,14,2.1
επίπεδό,14,2.1
2015/2326,14,2.1
ακχα·,14,2.1
επανεξετάζει,14,2.1
υποσυντονιστών,14,2.1
αμι,14,2.1
λήγοντα,14,2.1
κλασματικός,14,2.1
όραση,14,2.1
πάθηση,14,2.1
απα·,14,2.1
αλληλεξαρτώμενος,14,2.1
4.0.1,14,2.1
2016/2067,14,2.1
2014/98/εε,14,2.1
uti,14,2.1
επιτείνω,14,2.1
εκτελέσιμος,14,2.1
εμφυτεύσιμων,14,2.1
udi-pi,14,2.1
27.5.2014,14,2.1
εξηγήστε,14,2.1
σωρευτικές,14,2.1
113-115,14,2.1
12.0,14,2.1
2015/534,14,2.1
sec-sa,14,2.1
εγκρίνοντας,14,2.1
φορμαλδεΰδη,14,2.1
19/2011,14,2.1
εισόδου·,14,2.1
διαλύτης,14,2.1
εκπιπτόμενος,14,2.1
επιφυλάχθηκε,14,2.1
μακιγιάζ,14,2.1
2019/942,14,2.1
81.00,14,2.1
υπεγράφη,13,1.95
σύγχρονος,13,1.95
διαφοροποιημένη,13,1.95
ασυνήθιστος,13,1.95
συντομία,13,1.95
καταβληθείσα,13,1.95
υπογραμμίζω,13,1.95
επιβεβαιώθηκε,13,1.95
επακριβή,13,1.95
λειτουργούσα,13,1.95
κατόχων,13,1.95
στοκχόλμη,13,1.95
προσεκτικός,13,1.95
τριετή,13,1.95
πας,13,1.95
έδωσαν,13,1.95
ενδεχόμενης,13,1.95
μεσολαβεί,13,1.95
προσθέσει,13,1.95
ενσώματος,13,1.95
εμπράγματο,13,1.95
άτυπων,13,1.95
πιστά,13,1.95
εγγραφα,13,1.95
κράτηση,13,1.95
υιοθετώνη,13,1.95
υπόχρεων,13,1.95
προσώπων·,13,1.95
εισαγωγη,13,1.95
οριζόμενων,13,1.95
επ,13,1.95
ορισμοί,13,1.95
συσσωρεώνυ,13,1.95
αποζημιώσει,13,1.95
τεκμαρτός,13,1.95
συνδυαστικά,13,1.95
εννοείται,13,1.95
προσδιορίσιμος,13,1.95
μεγαλύτερου,13,1.95
επιχειρηματικοί,13,1.95
καθορισμένοι,13,1.95
υπογεγραμμένος,13,1.95
χρηματοπιστωτικών,13,1.95
16.8.1973,13,1.95
ευρωπαίος,13,1.95
μόνιμης,13,1.95
μεγιστοποίηση,13,1.95
ευρέος,13,1.95
ειδικεύω,13,1.95
προωθήζω,13,1.95
εξουδετέρωση,13,1.95
αποταμιεύσεις,13,1.95
ενέπιπτε,13,1.95
ετοιμότητα,13,1.95
χρηματοδοτήσεις,13,1.95
2001/527/εκ,13,1.95
σημειώθηκε,13,1.95
συνιστωσώνς,13,1.95
νομοθεσία·,13,1.95
δημόσιους,13,1.95
συμφέροντος·,13,1.95
λισαβόνας,13,1.95
εποπτεύονται,13,1.95
επιδεκτικός,13,1.95
προστατεύομαι,13,1.95
τρόπονς,13,1.95
επιδίδω,13,1.95
καταργούμενες,13,1.95
αθροίσματα,13,1.95
r,13,1.95
εξαμηνιαίων,13,1.95
ειδικες,13,1.95
βιβλίων,13,1.95
διακυβερνητικός,13,1.95
ομοειδή,13,1.95
χρηση,13,1.95
επαναλαμβάνεται,13,1.95
πίστει,13,1.95
μονόπλευρος,13,1.95
κινήση,13,1.95
εμπορευσιμότητα,13,1.95
θέσης·,13,1.95
συμπεριλάβει,13,1.95
αντιδρώ,13,1.95
ορισθείσα,13,1.95
επηρέαζε,13,1.95
διορθωμένος,13,1.95
κυριακή,13,1.95
παρελκόμενος,13,1.95
κατανεμηθεί,13,1.95
καταβεβλημένο,13,1.95
συμβάσεως,13,1.95
υπερπληθωριστικός,13,1.95
διασφαλισθούν,13,1.95
προδιαπραγματευτικός,13,1.95
εκτέλεσε,13,1.95
απαιτώντας,13,1.95
υποσύνολα,13,1.95
έρευνας·,13,1.95
ii)·,13,1.95
ασυμφωνία,13,1.95
εναρμονιώνσ,13,1.95
αμερόληπτα,13,1.95
παλαιότερα,13,1.95
συνήθων,13,1.95
λατινικός,13,1.95
τοπική,13,1.95
αμφός,13,1.95
s.1311,13,1.95
εισπρακτέοι,13,1.95
εισηγμένες,13,1.95
γ),13,1.95
εξηγήσεων,13,1.95
λεπτομερέστερα,13,1.95
βελγικός,13,1.95
αναγνώρισης,13,1.95
πλαστικός,13,1.95
εξαγοράζομαι,13,1.95
χρηματοδοτηθεί,13,1.95
συγκροτούνται,13,1.95
κλαδικός,13,1.95
στοχευόμενος,13,1.95
τιτλος,13,1.95
φόντο,13,1.95
συμβολίζω,13,1.95
γεωμετρικός,13,1.95
τομή,13,1.95
2.2,13,1.95
καύσιμα,13,1.95
συστηματων,13,1.95
εκδηλώσεων,13,1.95
εντολέα,13,1.95
εσφαλμένα,13,1.95
93/465/εοκ,13,1.95
κατασκευών,13,1.95
αποτελεσματικότερης,13,1.95
χαμηλής,13,1.95
αριθμοί,13,1.95
ζητήω,13,1.95
επιλέχθηκαν,13,1.95
αύγουστος,13,1.95
εφάρμοζε,13,1.95
γαλλικός,13,1.95
λετονικός,13,1.95
εκδοθείσας,13,1.95
εναρμονιστεί,13,1.95
20.1.2009,13,1.95
απλουστευθεί,13,1.95
μια,13,1.95
πόντων,13,1.95
θεσμός,13,1.95
επιχειρησεων,13,1.95
υπολογισμένο,13,1.95
ταξινομήσεις,13,1.95
λατομείο,13,1.95
ατμού,13,1.95
συστατικά,13,1.95
οε26,13,1.95
αγνοώ,13,1.95
χειρισμος,13,1.95
38γ,13,1.95
υποτιθέμενος,13,1.95
καθορισμένων,13,1.95
απαλείφθηκε,13,1.95
προστένω,13,1.95
πυκνότητα,13,1.95
χρηματοοικονομική,13,1.95
τυπος,13,1.95
ελέγχουσες,13,1.95
συμφωνήνω,13,1.95
τρίτους·,13,1.95
ιεραρχικά,13,1.95
απορροφώμενο,13,1.95
συμπληρωμένος,13,1.95
κατανοητό,13,1.95
καταλληλότερη,13,1.95
λοιπόν,13,1.95
14.12.2011,13,1.95
ασκήνω,13,1.95
εξάπλωση,13,1.95
εμπορικώς,13,1.95
δόλια,13,1.95
εισηγμένης,13,1.95
μειονεκτικός,13,1.95
κορυφή,13,1.95
δευτερεύουσα,13,1.95
ενωση,13,1.95
νοοτροπία,13,1.95
υποδοχής·,13,1.95
bbp,13,1.95
κυκλικός,13,1.95
λαμπτήρης,13,1.95
κράμα,13,1.95
αγωγιμότητα,13,1.95
συγκόλληση,13,1.95
αλουμίνιο,13,1.95
πρόσφορος,13,1.95
δεσπόζουσα,13,1.95
9β,13,1.95
233,13,1.95
7.2,13,1.95
ικανοποιούνται,13,1.95
πιστωτών,13,1.95
επαναγοράς·,13,1.95
εκούσια,13,1.95
επιβαρυντικός,13,1.95
ελλιπών,13,1.95
23βς,13,1.95
θεμελιώνω,13,1.95
απαγορεύσεων,13,1.95
πυρηνικός,13,1.95
διαμεσολαβητή,13,1.95
επανειλημμένος,13,1.95
θέσεών,13,1.95
αρμοδιότητες,13,1.95
προκαθορισμένης,13,1.95
διαμετακόμιση,13,1.95
βελτιστοποίηση,13,1.95
ημεδαπή,13,1.95
μαλτέζικος,13,1.95
συζητούνται,13,1.95
διαφοροποιημένες,13,1.95
σο,13,1.95
τιμών·,13,1.95
αρχες,13,1.95
σημειώστε,13,1.95
,13,1.95
συναλλασσόμενος,13,1.95
πια,13,1.95
επικυρωθεί,13,1.95
καταγγελιών,13,1.95
αρχίσει,13,1.95
πτώσεις,13,1.95
πτωτικός,13,1.95
ag,13,1.95
2013/22,13,1.95
μηχανιστικά,13,1.95
ανεπαρκώς,13,1.95
παρούση,13,1.95
ενωσιακή,13,1.95
υπολογισμένων,13,1.95
εμπορικές,13,1.95
υπαίτια,13,1.95
αναταξινομήσεις,13,1.95
ομόσπονδου,13,1.95
h·,13,1.95
εγκρίσης,13,1.95
απόσυρσή,13,1.95
διανοητικός,13,1.95
υαλοκαθαριστήρες,13,1.95
υποβοηθούμενος,13,1.95
απενεργοποίηση,13,1.95
συντηρείται,13,1.95
καυσαερίων,13,1.95
γινόμενος,13,1.95
αδιαμφισβήτητος,13,1.95
ανατιθέμενος,13,1.95
μόχλευσης·,13,1.95
ληκτότητας·,13,1.95
απλού,13,1.95
επηρεάσουν,13,1.95
ηλικιωμένος,13,1.95
ίδρυμα-μέλος,13,1.95
διατύπωσε,13,1.95
ικανοποιήζω,13,1.95
απεριόριστα,13,1.95
εισαγόμενων,13,1.95
αντεγγύηση,13,1.95
χάριτος,13,1.95
ιδρυματα,13,1.95
τιτλοποιήθηκαν,13,1.95
εναλλακτική,13,1.95
αποτυπώνονται,13,1.95
χορηγηθέντων,13,1.95
κυμαινόμενων,13,1.95
194,13,1.95
338,13,1.95
εταιρειες,13,1.95
1488/94,13,1.95
76/769/εοκ,13,1.95
91/155/εοκ,13,1.95
93/67/εοκ,13,1.95
2000/21/εκ,13,1.95
στροφαλοθαλάμου,13,1.95
στόμιο,13,1.95
κυκλώματος,13,1.95
αναδυόμενος,13,1.95
ετήσιοι,13,1.95
ενστάσεων,13,1.95
ύφασμα,13,1.95
γραπτών,13,1.95
ευαίσθητα,13,1.95
9.3,13,1.95
μετριέται,13,1.95
συνδεδεμένο,13,1.95
ανελκυστήρες·,13,1.95
ανελκυστηρες,13,1.95
όροφος,13,1.95
διαχέω,13,1.95
ατυχήματος,13,1.95
ραδιοφάσματος,13,1.95
αποφασιστικός,13,1.95
ενδοομιλικά,13,1.95
μεροληπτικός,13,1.95
διαφορα,13,1.95
πιστοληπτικη,13,1.95
αρχικος,13,1.95
τίτλους,13,1.95
υποανοιγμάτων,13,1.95
λαμβανομένη,13,1.95
εκκρεμων,13,1.95
322,13,1.95
εβδομαδων,13,1.95
πληρωθέντης,13,1.95
1.32-34,13,1.95
2.56-57,13,1.95
7.42δ(στ,13,1.95
προσθήκες,13,1.95
24.19(γ,13,1.95
κατέπεσαν,13,1.95
19.140(α)(ii,13,1.95
αναλογιστικά,13,1.95
1.106(β,13,1.95
13)-(14,13,1.95
μορφώματος,13,1.95
επίσημου,13,1.95
amf,13,1.95
1.2.1.4,13,1.95
καθυστερούμενου,13,1.95
εξυπηρετούμενου·,13,1.95
αριθμός(-οί,13,1.95
tvv,13,1.95
δελτιο,13,1.95
ταχυτήτο,13,1.95
οφθαλμός,13,1.95
πηδαλίου,13,1.95
όριο·,13,1.95
ταυτοποιείται,13,1.95
συμπληρώθηκε,13,1.95
οξεία,13,1.95
γενετικώς,13,1.95
γενιά,13,1.95
περιόδου,13,1.95
2.4.2015,13,1.95
λλ,13,1.95
υποθέτω,13,1.95
συνθετα,13,1.95
βεβαρημένες,13,1.95
επιθέσεων,13,1.95
σιγαστήρας,13,1.95
ενδυμάτων,13,1.95
χορηγηθείσα,13,1.95
ιμα,13,1.95
περαιτέρως,13,1.95
2020»·,13,1.95
llc,13,1.95
2016/2341,13,1.95
διοριστεί,13,1.95
2.48,13,1.95
69.00,13,1.95
έπαυσαν,13,1.95
ώρα·,13,1.95
αερομεταφορά,13,1.95
"090,010",13,1.95
αξιότιμος,13,1.95
αξιότιμη,13,1.95
4.2.1,13,1.95
στεγαστικό,13,1.95
δαπανες,13,1.95
1107/70,13,1.95
2015/1589,13,1.95
αγοράς-στόχου,13,1.95
ύποπτα,13,1.95
αηπ·,13,1.95
διαβιβασθείσα,13,1.95
κατασκευαστών,13,1.95
μεταβολισμός,13,1.95
αίμα,13,1.95
σωματίδιο,13,1.95
εμφυτεύμα,13,1.95
αναπληρωματικός,13,1.95
όριδιαβατη,13,1.95
2017/1131,13,1.95
9.4.2.1(α,13,1.95
9.5.5.5,13,1.95
7.b8e,13,1.95
7.24γ(β)(vi,13,1.95
2.70(γ,13,1.95
2017/1799,13,1.95
151/2013,13,1.95
2015/2366,13,1.95
ληκτότητά,13,1.95
διαπραγμάτευσης-αποδέκτη,13,1.95
2016/438,13,1.95
)%,13,1.95
διανεμόμενας,13,1.95
0160,13,1.95
239ix,13,1.95
0450,13,1.95
47ας,13,1.95
429ες,13,1.95
αεροδυναμικός,13,1.95
ακριβούς,12,1.8
εξελιγμένων,12,1.8
εξελίξεις,12,1.8
μεθοδολογιών,12,1.8
συνδεδεμένου,12,1.8
παρακολουθήζω,12,1.8
δελτίο·,12,1.8
εξαμήνου,12,1.8
κοινολόγησης,12,1.8
καταρτίσθηκαν,12,1.8
μητρικής,12,1.8
ημερολογιακού,12,1.8
τής,12,1.8
θεσπιώνσ,12,1.8
υπευθύνος,12,1.8
11·,12,1.8
όρους·,12,1.8
ακριβοδίκαιος,12,1.8
διαφημίζω,12,1.8
κυριότερους,12,1.8
καθιστούσαν,12,1.8
ανακριβείς,12,1.8
γεννάται,12,1.8
ρήτρες,12,1.8
προσφορας,12,1.8
εγγραφέντης,12,1.8
ισολογισμό·,12,1.8
ανατέθηκαν,12,1.8
παριστώμενες,12,1.8
αναμενόμενη,12,1.8
προνομιούχες,12,1.8
ναυτιλιακός,12,1.8
περιγράφηκε,12,1.8
συνημμένη,12,1.8
εξαντληθεί,12,1.8
ενεργές,12,1.8
τιμολογώ,12,1.8
τρέχοντα,12,1.8
βραχυπρόθεσμες,12,1.8
κονδύλι,12,1.8
υιοθετών,12,1.8
διαγράφονται,12,1.8
χρωστικός,12,1.8
συμβουλευτικής,12,1.8
μείωνε,12,1.8
συμβολαίος,12,1.8
συνδράμουν,12,1.8
φορολογούνται,12,1.8
εισοδήματα,12,1.8
διαδικασιας,12,1.8
κλπ.,12,1.8
εκτελέσουν,12,1.8
προστατεύεται,12,1.8
συνδεδεμένοι,12,1.8
πληροφόρησε,12,1.8
13·,12,1.8
χρεώθηκαν,12,1.8
πρωτογενή,12,1.8
εγγεγραμμένη,12,1.8
εκάστης,12,1.8
υποχρεώζω,12,1.8
εποπτευόμενων,12,1.8
διευρυμένη,12,1.8
πανομοιότυπων,12,1.8
ιi,12,1.8
πλήθος,12,1.8
πλείονα,12,1.8
καλυφθέντος,12,1.8
επαρκών,12,1.8
παρασχεθείσες,12,1.8
κενή,12,1.8
περιλαμβανόμενες,12,1.8
αντιπαροχών,12,1.8
τός,12,1.8
διαβιβάτω,12,1.8
ουδόλως,12,1.8
προβλήματος,12,1.8
ελέγξουν,12,1.8
ενημερωμένη,12,1.8
spot,12,1.8
αγοραζόμενων,12,1.8
εκφρασμένας,12,1.8
οφειλόμενων,12,1.8
ενεργητικο,12,1.8
εκτ+,12,1.8
εξισωτικός,12,1.8
ισοσκελιστικός,12,1.8
αναδιανέμω,12,1.8
προπληρωθέντα,12,1.8
έπαψαν,12,1.8
συνδεόμενοι,12,1.8
απόβλητα,12,1.8
διαπραγματευθείσα,12,1.8
εκάστος,12,1.8
επομένος,12,1.8
λύω,12,1.8
υποψης,12,1.8
εεραακα,12,1.8
ελαχιστοποιούνται,12,1.8
μορφότυπους,12,1.8
20.12.2006,12,1.8
κοινοποιώνη,12,1.8
αποδιδόμενος,12,1.8
διαφανούς,12,1.8
ασκούμαι,12,1.8
21.9.2007,12,1.8
εκτιμήσεις,12,1.8
φάσεων,12,1.8
2001/18,12,1.8
έλεγχοι,12,1.8
γνωρισμάτων,12,1.8
αναδιαρθρώνω,12,1.8
μείζονες,12,1.8
πλασματικός,12,1.8
ιδιωτικοποίηση,12,1.8
επεξηγούνται,12,1.8
λοιπή,12,1.8
καταστήματα,12,1.8
προστέθηκε,12,1.8
δυσχεραίνω,12,1.8
αύξοντας,12,1.8
εννόμος,12,1.8
πλούτου,12,1.8
κρίσιμα,12,1.8
μάλιστα,12,1.8
προοπτικός,12,1.8
θεώρηση,12,1.8
στόλος,12,1.8
καταβληθέντων,12,1.8
ενδιαφερομένου,12,1.8
προσβολή,12,1.8
πριμοδότηση,12,1.8
αξιολογηση,12,1.8
δεσμέυομαι,12,1.8
καθορισμού,12,1.8
γεωργικό,12,1.8
στηριζόμενος,12,1.8
εκπεφρασμένα,12,1.8
χρησιμοποιήστε,12,1.8
εξετάστηκαν,12,1.8
31/12/20,12,1.8
οδηγίες,12,1.8
αφετηρία,12,1.8
τομεις,12,1.8
12·,12,1.8
αναμένομαι,12,1.8
προωθήσουν,12,1.8
ανέλθει,12,1.8
σημάνσεις,12,1.8
καταστήσουν,12,1.8
υποσυγκροτημάτων,12,1.8
όχι·,12,1.8
ομόρρυθμος,12,1.8
εμβελεία,12,1.8
καταργήσεως,12,1.8
προτάσεων,12,1.8
εναρμόνισης·,12,1.8
κατεχόμενων,12,1.8
χρησιμοποιηθώ,12,1.8
πόντος,12,1.8
ανταμοιβών,12,1.8
πλεονάσματος,12,1.8
τρωτών,12,1.8
εξαχθούν,12,1.8
vιι,12,1.8
ετών·,12,1.8
επιπρόσθετης,12,1.8
βελτιώσεις,12,1.8
τωρινός,12,1.8
δευτερεύουσος,12,1.8
αναγνωρίσιμα,12,1.8
αποκτηθέντας,12,1.8
μεσολάβησε,12,1.8
23γ,12,1.8
διατέθηκαν,12,1.8
τροποποίηση·,12,1.8
χρειασθεί,12,1.8
συντάξει,12,1.8
προειδοποιήσεων,12,1.8
προσφορή,12,1.8
ανακριβές,12,1.8
διαπραγμάτευση·,12,1.8
εμφαίνεται,12,1.8
ιστοτόπος,12,1.8
δημοσιοποιημένος,12,1.8
σχετικώς,12,1.8
131α,12,1.8
μεσιτής,12,1.8
απαλλαγεί,12,1.8
συμβουλής,12,1.8
κγ,12,1.8
εκτίμησή,12,1.8
εξακριβώσιμος,12,1.8
αιτιολογώντας,12,1.8
διάστημα·,12,1.8
εμφυτεύσιμα,12,1.8
καλωδίο,12,1.8
αποδόμηση,12,1.8
γυαλί,12,1.8
ψύξης,12,1.8
οπίσθιων,12,1.8
ψεκασμός,12,1.8
οξυγόνος,12,1.8
μαγνητικός,12,1.8
συναινέσει,12,1.8
αντισυμβαλλόμενοις,12,1.8
εύρωστος,12,1.8
επαρκούς,12,1.8
τρίτη,12,1.8
υπηρεσιακός,12,1.8
ρευστότητας,12,1.8
5),12,1.8
κήρυξη,12,1.8
υποσειρά,12,1.8
κατατεθειμένος,12,1.8
·ς,12,1.8
προσιδιάζω,12,1.8
παραδοτέα,12,1.8
έσχατος,12,1.8
μήνες·,12,1.8
υποβληθέντα,12,1.8
προληώνφ,12,1.8
διορθώζω,12,1.8
απευθυνόμενος,12,1.8
οιανδήποτε,12,1.8
προβλέπει,12,1.8
λιγότερη,12,1.8
έγγραφά,12,1.8
ομολογιούχος,12,1.8
επενδύζω,12,1.8
αντίτυπο,12,1.8
εκάστη,12,1.8
περιβάλλω,12,1.8
πολυμερέςς,12,1.8
πρωτόκολλος,12,1.8
περιβαλλοντικά,12,1.8
σοβαρής,12,1.8
υποχρεώσεις·,12,1.8
ζημίες·,12,1.8
2010/23,12,1.8
αμφότερες,12,1.8
αναφέρουσες,12,1.8
δημοσιεύτηκε,12,1.8
2012/6,12,1.8
περιόδου·,12,1.8
κλιμακούμενος,12,1.8
ρευστοποιηθούν,12,1.8
ενισχυμένη,12,1.8
προσφερθεί,12,1.8
θεωρείμαι,12,1.8
τρίμηνης,12,1.8
αναγραφόμενος,12,1.8
λογότυπο,12,1.8
βιογραφικός,12,1.8
αρθούν,12,1.8
συνήψε,12,1.8
μετριαστεί,12,1.8
σπόρος,12,1.8
ημέρας·,12,1.8
ευνοϊκοί,12,1.8
g-20,12,1.8
155,12,1.8
εξελίξει,12,1.8
ενταχθεί,12,1.8
όργανο·,12,1.8
εβδομηκοστός,12,1.8
πορίσματά,12,1.8
ληπτέα,12,1.8
ρυμουλκούμενο,12,1.8
άξονεςς,12,1.8
εγκρίνουσες,12,1.8
ένοπλος,12,1.8
σταματώ,12,1.8
l7,12,1.8
συμπιεσμένος,12,1.8
βλαβών,12,1.8
σέλα,12,1.8
απομειώνω,12,1.8
συνετό,12,1.8
επαναχρησιμοποιώ,12,1.8
πέμπτη,12,1.8
δεοντολογικός,12,1.8
διοικώ,12,1.8
προοπτήκι,12,1.8
eur·,12,1.8
ισχυρά,12,1.8
μικροπροληπτικός,12,1.8
απελευθέρωση,12,1.8
φιλοκυκλικότητας,12,1.8
αποθεματικό,12,1.8
διευρυμένος,12,1.8
125,12,1.8
προσδιοριστικός,12,1.8
διαβαθμιώνσ,12,1.8
πολλαπλασιαζόμενου,12,1.8
τροφοδοτώ,12,1.8
διοικήσεων,12,1.8
451,12,1.8
επίσημων,12,1.8
128,12,1.8
1999/45/εκ,12,1.8
απλουστευμένων,12,1.8
αντιδραστηρίου,12,1.8
βραδυπορίας,12,1.8
ακροδέκτης,12,1.8
καλωδίωση,12,1.8
μόνωση,12,1.8
υαλοκαθαριστήρων,12,1.8
εκτοξευτήρας,12,1.8
ημέρα·,12,1.8
πλάτη,12,1.8
θηλυκός,12,1.8
πυροτεχνίας,12,1.8
απόρροια,12,1.8
πλήρης·,12,1.8
οποια,12,1.8
ελλιπείς·,12,1.8
έκδοσή,12,1.8
τιμολογίου,12,1.8
επιδείξεις,12,1.8
m1,12,1.8
η1,12,1.8
θερμιδόμετρο,12,1.8
ταξίμετρο,12,1.8
1.3.2,12,1.8
προϊόντος·ς,12,1.8
ανανεωμένος,12,1.8
εξουσιοδοτήσεις,12,1.8
υπερήμερου,12,1.8
αμα,12,1.8
αντιμετωπισης,12,1.8
προωρη,12,1.8
εξοφληση,12,1.8
μετατροπησς,12,1.8
1.2.13,12,1.8
συνοψίζεται,12,1.8
οργανισμών·,12,1.8
ρητρός,12,1.8
cad,12,1.8
ars,12,1.8
brl,12,1.8
ick,12,1.8
nzd,12,1.8
sgd,12,1.8
1.54(γ,12,1.8
2.63,12,1.8
73(α)(δ,12,1.8
16.30,12,1.8
38.75-87,12,1.8
124(α)(ii,12,1.8
38.74,12,1.8
125(γ,12,1.8
εκμεταλλευσεως,12,1.8
7)-(8,12,1.8
3.35,12,1.8
πιστωτικες,12,1.8
κατασταση,12,1.8
41.2,12,1.8
σχηματικός,12,1.8
13.72,12,1.8
20.7,12,1.8
τρέχοντες,12,1.8
31.00,12,1.8
1.4.2,12,1.8
ξύλο,12,1.8
πληρωθούν,12,1.8
δημογραφικός,12,1.8
χρηματοοικονομικές,12,1.8
καθυστερούμενο,12,1.8
2015/96,12,1.8
διάταξη(-εις,12,1.8
μοίρα,12,1.8
πτυσσόμενος,12,1.8
περιοδικών,12,1.8
τρίτων·,12,1.8
πληρωμή·,12,1.8
πιστωτικα,12,1.8
αποστειρωμένος,12,1.8
497,12,1.8
ηλ,12,1.8
945/2014,12,1.8
1374/2014,12,1.8
δεσμευμένης,12,1.8
εμβαδόν,12,1.8
θρησκεία,12,1.8
ενεργοποιήζω,12,1.8
vmax,12,1.8
βραδυπορεία,12,1.8
ae-ass,12,1.8
υπερεξασφάλισης,12,1.8
νευρικός,12,1.8
όμιλός,12,1.8
όμιλο·,12,1.8
προϋποθέσεις·ς,12,1.8
σάκος,12,1.8
σακίδιο,12,1.8
χορηγούσας,12,1.8
αγκόλας,12,1.8
λογαριασμό(-ούς,12,1.8
2016/377,12,1.8
αποσυρθούν,12,1.8
2018,12,1.8
290-350,12,1.8
εγκαταστάσεις,12,1.8
ερεθισμός,12,1.8
μολυσματικός,12,1.8
"100,010",12,1.8
"lrcalc,150,010",12,1.8
20ψήφιος,12,1.8
1.12.2015,12,1.8
7.11.2013,12,1.8
περίμετρο,12,1.8
ανάκαμψής,12,1.8
παραδοτέας,12,1.8
αντικατασταθείσα,12,1.8
sfp,12,1.8
dc/,12,1.8
eba,12,1.8
τοπικά,12,1.8
αποστειρωμένα,12,1.8
αποστειρωμένη,12,1.8
αντενδείξεις,12,1.8
xι,12,1.8
πεεα,12,1.8
καρκινογόνος,12,1.8
τατουάζ,12,1.8
επιτρεπτό,12,1.8
7.8(ζ,12,1.8
"9.4.2.1(γ),(δ",12,1.8
7.24b(β)(ii)(iii,12,1.8
1.42(β,12,1.8
2.146,12,1.8
7.35b(β,12,1.8
b2.5,12,1.8
297(γ,12,1.8
2.237(α,12,1.8
9.5.5.20,12,1.8
εξυπηρετούμενες,12,1.8
gov,12,1.8
07.00,12,1.8
1.2.1.1.1,12,1.8
ενοποίησή,12,1.8
21.12.2016,12,1.8
25.1.2017,12,1.8
θανατηφόρος,12,1.8
ocr,12,1.8
διαφοροποιημενη,12,1.8
εμπειρογνωμονες,12,1.8
0130-0140,12,1.8
bad)·,12,1.8
2019/166,12,1.8
2019/3,12,1.8
σφυριού,12,1.8
1/(,12,1.8
τεταρτημόριος,12,1.8
δημοσιευθείσα,12,1.8
φρεάτιο,12,1.8
κλυδωνισμός,12,1.8
συνεπενδυτής,12,1.8
αποταμιευτός,12,1.8
2019/2088,12,1.8
6.9.1,12,1.8
102ιστ,12,1.8
καταγραφών,12,1.8
2.362,12,1.8
494β,12,1.8
428λδ,12,1.8
428ιβ,12,1.8
26.5.2000,11,1.65
ιδιαίτερής,11,1.65
υπολογιζόμενου,11,1.65
καταβλητέα,11,1.65
μοιράζω,11,1.65
ελαφρύνσεις,11,1.65
εκατοστιαίος,11,1.65
έγκαιρη,11,1.65
μεταφράζω,11,1.65
υιοθέτησε,11,1.65
επίτροπος,11,1.65
ιδιαίς,11,1.65
διοίκησή,11,1.65
έγγραφα·,11,1.65
εργασθεί,11,1.65
31.10.2003,11,1.65
πρότυπων,11,1.65
συζητά,11,1.65
ανεπιφύλακτη,11,1.65
υποσημειώσεις,11,1.65
ρυθμιζόμενα,11,1.65
ορίστηκαν,11,1.65
συγκριτικά,11,1.65
επηρέασε,11,1.65
έμμεσο,11,1.65
εξηγούνται,11,1.65
συντάξουν,11,1.65
μεσολαβώ,11,1.65
8.2,11,1.65
δελτίου·,11,1.65
μεταβλώνη,11,1.65
περιορισμών,11,1.65
σύνεγγυς,11,1.65
καθιερώσει,11,1.65
καταβλητέου,11,1.65
αντισταθμιζόμενων,11,1.65
ειδικώς,11,1.65
πιθανά,11,1.65
καθυστερημένων,11,1.65
προξενώ,11,1.65
πριμ,11,1.65
επαναδιατυπώνω,11,1.65
νμ90,11,1.65
τόκοι,11,1.65
ενδεχόμενες,11,1.65
αναθεωρημένα,11,1.65
μικτή,11,1.65
ερα,11,1.65
συνιστώμενος,11,1.65
ψήφισμά,11,1.65
επεκταθούν,11,1.65
2001,11,1.65
προήλθαν,11,1.65
συνεστήθη,11,1.65
απωλειών,11,1.65
κατάταξή,11,1.65
αναπόσπαστο,11,1.65
αναγνώρισε,11,1.65
εξαρχής,11,1.65
κατατασσόταν,11,1.65
κρατων,11,1.65
ανταγωνίζω,11,1.65
υποστήριξαν,11,1.65
εκπονηθεί,11,1.65
12].,11,1.65
παρ',11,1.65
εξασφάλιζαν,11,1.65
απαλλαγούν,11,1.65
επέτρεψαν,11,1.65
συμπεραίνω,11,1.65
υποκαθιστώ,11,1.65
τροπολογία,11,1.65
μετατρέψιμου,11,1.65
πωλούμενος,11,1.65
διαρκεία,11,1.65
υπολογιώνσ,11,1.65
0),11,1.65
αύξουσα,11,1.65
υπολογισμά,11,1.65
επέρχεται,11,1.65
διοργανικής,11,1.65
εξαλειφθούν,11,1.65
εκδώσουν,11,1.65
ποικίλλλω,11,1.65
πρόσωπά,11,1.65
αυτή·,11,1.65
θίγεται,11,1.65
παρασχώνε,11,1.65
τοκισμός,11,1.65
δημοσιευόμενες,11,1.65
λογιστικοποιείται,11,1.65
εξερχόμενος,11,1.65
εκθεσεων,11,1.65
συγχρονισμός,11,1.65
μηνιαίες,11,1.65
καθαρότητα,11,1.65
ελαφρώς,11,1.65
μοναδιαίος,11,1.65
υπολογισμοί,11,1.65
υπολογίστηκαν,11,1.65
επακόλουθη,11,1.65
διασυνδέω,11,1.65
αναβαθμίσεις,11,1.65
χρηστών·,11,1.65
εγγράφου·,11,1.65
πελατειακός,11,1.65
επακριβών,11,1.65
αξίας·,11,1.65
εμπεριστατωμένος,11,1.65
αντασφαλίσεις,11,1.65
επιδιώκεται,11,1.65
9.12.2005,11,1.65
επανακατηγοριοποιήσεων,11,1.65
παρατηρείται,11,1.65
υπόδειξη,11,1.65
υπόλοιπου,11,1.65
αδιακρίτως,11,1.65
συμπεριλαμβάνονται,11,1.65
συνδεθούν,11,1.65
4ας,11,1.65
πριμοδοτήσεων,11,1.65
δημοσίων,11,1.65
λεπτομερείς,11,1.65
εξωτικός,11,1.65
μελετών,11,1.65
δικτύωση,11,1.65
παράτυπων,11,1.65
τροποποιήνω,11,1.65
αποστάσεις,11,1.65
κατακόρυφη,11,1.65
δυναμει,11,1.65
2.3,11,1.65
οδών,11,1.65
αποστολών,11,1.65
δηλωση,11,1.65
δηλωθούν,11,1.65
ζάχαρης,11,1.65
20ή,11,1.65
λογοδοτώ,11,1.65
γνώσει,11,1.65
καθιερώζω,11,1.65
2007/14/εκ,11,1.65
2007/76/εκ,11,1.65
καπνού,11,1.65
υπευθυνότητα,11,1.65
απλούστερης,11,1.65
αποσύρσεις,11,1.65
α1,11,1.65
ελεγώνχ,11,1.65
δείγμα(-τα,11,1.65
συχνής,11,1.65
π,11,1.65
συγκυρία,11,1.65
νομικού,11,1.65
ιρλανδικός,11,1.65
περιορισμένης,11,1.65
ανάλογων,11,1.65
υπάρχουσας,11,1.65
διαφανός,11,1.65
κατευθυντήριων,11,1.65
συντηρούνται,11,1.65
αδικαιολόγητης,11,1.65
ελλειμμάτων,11,1.65
επίκεντρο,11,1.65
προνόμια,11,1.65
έγκαιρες,11,1.65
επισημάνθηκε,11,1.65
επάνοδος,11,1.65
διεξαγόμενος,11,1.65
τριμηνιαίου,11,1.65
επιλεκτικά,11,1.65
ρευστοποιήζω,11,1.65
ενοποιημενες,11,1.65
κοινού,11,1.65
μισθολογικός,11,1.65
τακτοποιήσεις,11,1.65
ανακτήσιμων,11,1.65
ύδρευση,11,1.65
ημερομηνία·,11,1.65
λ,11,1.65
αναγνωρίσιμων,11,1.65
κατατάξεων,11,1.65
απολέσει,11,1.65
προσήκοντος,11,1.65
αρμόδιου,11,1.65
πληρωμής·,11,1.65
μειονέκτημα,11,1.65
γεγονότα,11,1.65
δικαστηρίων,11,1.65
διάβαζε,11,1.65
αντικαταστήω,11,1.65
επιγνώζω,11,1.65
κωλύματο,11,1.65
δημοσιοποιούμενος,11,1.65
μείζονα,11,1.65
εκφράσει,11,1.65
ειλικρίνεια,11,1.65
καθιστώντας,11,1.65
ανταγωνιστής,11,1.65
συνεργάσιμος,11,1.65
εχεγγύων,11,1.65
επιθεωρητός,11,1.65
τελεσίδικος,11,1.65
1973,11,1.65
χημικών,11,1.65
εγκαθίστανται,11,1.65
διατέθηκε,11,1.65
ακίδα,11,1.65
ηλεκτρόδια,11,1.65
πλαισίων,11,1.65
επικαλύψεις,11,1.65
247,11,1.65
εξελισσόμενος,11,1.65
χωρας,11,1.65
αντιστρεπτέων,11,1.65
εθνκτ·,11,1.65
υποβάλλο,11,1.65
αχρησιμοποίητες,11,1.65
ομολογίες,11,1.65
rt,11,1.65
ομοιομορφία,11,1.65
k,11,1.65
μεθεπόμενος,11,1.65
προηγήθηκαν,11,1.65
κόστος·,11,1.65
καταδίκη,11,1.65
αξιολογήσεών,11,1.65
επικυρωμένα,11,1.65
χρησιμοποιηθένς,11,1.65
συνόρων,11,1.65
παραπλανώ,11,1.65
διασφαλίζονται,11,1.65
διαφυλαχθεί,11,1.65
απαρίθμηση,11,1.65
καταλογιστεί,11,1.65
ειδοποιείται,11,1.65
στελέχωση,11,1.65
μεταφόρτωση,11,1.65
ποιοι,11,1.65
προκήρυξη,11,1.65
καταστροφών,11,1.65
καταστολή,11,1.65
τρομοκρατικός,11,1.65
απόλυση,11,1.65
πλεονάζουσα,11,1.65
τοκοφορία,11,1.65
βαριά,11,1.65
συγκαλώ,11,1.65
πλήρη,11,1.65
χρονικό,11,1.65
απειλούνται,11,1.65
αναχώρηση,11,1.65
χύμα,11,1.65
λίτρο,11,1.65
αμετάβλητα,11,1.65
πέφτω,11,1.65
ρυθμισεις,11,1.65
σιωπηρός,11,1.65
δευτερογενός,11,1.65
αντίκειται,11,1.65
2013/36,11,1.65
πολυμερός,11,1.65
τηρουμένων,11,1.65
μακροπροληπτικών,11,1.65
βιώσιμων,11,1.65
σεναρίων,11,1.65
ισχύις,11,1.65
εφαρμοσθούν,11,1.65
προσδιοριστούν·,11,1.65
8.12.2011,11,1.65
εξασφάλισης·,11,1.65
εσωτερικοί,11,1.65
έγκρισης·,11,1.65
mpa,11,1.65
αποδεικτικό,11,1.65
δίκυκλα,11,1.65
κινητήρα·,11,1.65
σκελετός,11,1.65
l5,11,1.65
γ2,11,1.65
άλλοις,11,1.65
πιθανότερο,11,1.65
κατανομός,11,1.65
δυσμενέστερο,11,1.65
λειτουργίες·,11,1.65
επείγον,11,1.65
καταχωρισμένοι,11,1.65
δικλίδα,11,1.65
βαρεία,11,1.65
8α,11,1.65
αιτιών,11,1.65
έτη·,11,1.65
πιστώνω,11,1.65
χρεώστη,11,1.65
πιστοδότησης,11,1.65
εσωτερικούς,11,1.65
εσωτερικων,11,1.65
βάζω,11,1.65
ρίζα,11,1.65
εντοπιστεί,11,1.65
αιτιολογημένη,11,1.65
δομώ,11,1.65
συνθηκή,11,1.65
401,11,1.65
ληπτέας,11,1.65
δς,11,1.65
μεσων,11,1.65
158,11,1.65
εξωχρηματιστηριακή,11,1.65
2.97,11,1.65
αναγραφούν,11,1.65
ρυπογόνων,11,1.65
26·,11,1.65
υαλοπίνακας,11,1.65
διάμηκες,11,1.65
αρσενικός,11,1.65
ανώτερης,11,1.65
ενέχει,11,1.65
συγκροτήνω,11,1.65
1223/2009,11,1.65
χρησιμοποιούνταν,11,1.65
προβλέψιμης,11,1.65
—στον,11,1.65
αξιολόγηση—ς,11,1.65
2009/105/εκ,11,1.65
τοιχωμάτων,11,1.65
ph,11,1.65
μετρήση,11,1.65
συμπύκνωση,11,1.65
κλάσεων,11,1.65
κείται,11,1.65
επιδρώντας,11,1.65
κόμιστρο,11,1.65
μεταχειρισμένος,11,1.65
εκρήξεων,11,1.65
δοκιμη,11,1.65
διαβρωτικός,11,1.65
μέλος(-η,11,1.65
εβδομαδιαίας,11,1.65
2002/65/εκ,11,1.65
1031/2010,11,1.65
συχνοτητα,11,1.65
ακινητη,11,1.65
ενοποιημενο,11,1.65
μηχανισμου,11,1.65
στον,11,1.65
am,11,1.65
προηγουμενη,11,1.65
εκτεταμένα,11,1.65
αντληθεί,11,1.65
*)-1,11,1.65
αριθμημένος,11,1.65
επιχειρήσεις)·,11,1.65
πληρωμων,11,1.65
21.28,11,1.65
ετους,11,1.65
τέχνες,11,1.65
40.33-55,11,1.65
79(γ,11,1.65
40.2,11,1.65
εξόδος,11,1.65
κατοικίες,11,1.65
εξασφαλίσεων·,11,1.65
ακυρώσιμες,11,1.65
σκοπους,11,1.65
σύμπραξη,11,1.65
βιολογία,11,1.65
241/2014,11,1.65
φύλλου,11,1.65
αποδεκτού,11,1.65
c2,11,1.65
nm,11,1.65
ηλεκτροπληξία,11,1.65
στερεώνω,11,1.65
στάδιο(-α,11,1.65
καθήμενου,11,1.65
iec,11,1.65
πρβλ,11,1.65
ασφαλίστρο,11,1.65
υποδομές,11,1.65
υποκειμενος,11,1.65
έρριζων,11,1.65
έρριζος,11,1.65
εναέριος,11,1.65
ιών,11,1.65
ιογενής,11,1.65
p.,11,1.65
μηλιά,11,1.65
δυσμενέστερης,11,1.65
εισηγήσεων,11,1.65
εδακε,11,1.65
απενεργοποιώ,11,1.65
χαλαρώσει,11,1.65
2014/50,11,1.65
εναπομείνασα,11,1.65
μίσθωμα,11,1.65
κατέληξαν,11,1.65
v)·,11,1.65
δανειοδοτήνω,11,1.65
2.2.1.29.1.1,11,1.65
τροποποίησή,11,1.65
υποπολλαπλασιασμός,11,1.65
βεβαρημένοι,11,1.65
καταλύτης,11,1.65
euveca,11,1.65
λαμβανόμενων,11,1.65
βρέφη,11,1.65
κάλτσα,11,1.65
ομαδα,11,1.65
λαναρισμένος,11,1.65
αποτελεσμάτων”·,11,1.65
άλλη)·,11,1.65
flumetralin,11,1.65
παρέχοντος,11,1.65
σημαντικότεροι,11,1.65
•,11,1.65
σκοπώ,11,1.65
μεταδεδομένος,11,1.65
ερωτήσεων,11,1.65
§,11,1.65
fie,11,1.65
φερεγγυότητας·,11,1.65
2016/301,11,1.65
αντισυμβαλλομενο,11,1.65
λαμβανόμενης,11,1.65
χρωματίζω,11,1.65
αποκοπής,11,1.65
index,11,1.65
2000/9/εκ,11,1.65
εποχιακός,11,1.65
εγκαύματα,11,1.65
"060,010",11,1.65
πδμ,11,1.65
2016/892,11,1.65
ύποπτης,11,1.65
2016/1066,11,1.65
αφαιρουμένων,11,1.65
525/2014,11,1.65
1.82a(α,11,1.65
lpg,11,1.65
δημιουργημένα,11,1.65
4.4.1,11,1.65
6.5.15ς,11,1.65
συσσωρευτεί,11,1.65
κατεξοχήνς,11,1.65
αναμονής,11,1.65
καταχωρίσει,11,1.65
κωλύμα,11,1.65
αλληλεξαρτήσεις,11,1.65
χρονοσφραγίδας,11,1.65
δικαιοπραξία,11,1.65
ιιβ,11,1.65
συντονίζον,11,1.65
ταυτοποιημένος,11,1.65
εκδιδομενου,11,1.65
9.5.5,11,1.65
2.72-74,11,1.65
9.4.2.2,11,1.65
2.141(α,11,1.65
διαγραφέντων,11,1.65
2.264(α,11,1.65
δημιουργημένων,11,1.65
κερδη,11,1.65
ksa,11,1.65
31.3.2016,11,1.65
gl,11,1.65
0080,11,1.65
0260,11,1.65
δπχα)·,11,1.65
νανομορφώνς,11,1.65
καταχωρίζων,11,1.65
αντιδρών,11,1.65
κάταγμα,11,1.65
104α,11,1.65
αποσυσσώρευσης,11,1.65
διαστρωμάτωση,11,1.65
2019/2099,11,1.65
αλληλοσυμψηφισμός,11,1.65
προηγμένων,10,1.5
μετρητά·,10,1.5
διαβιβάσουν,10,1.5
επένδυσης·,10,1.5
χωρών·,10,1.5
εγγύησης·,10,1.5
απεικονίζεται,10,1.5
κόστους·,10,1.5
χρηματιστής,10,1.5
συμβιβάζω,10,1.5
σύνοδο,10,1.5
περιορισθεί,10,1.5
απηύθυνε,10,1.5
συνέβησαν,10,1.5
μετρα,10,1.5
1882/2003,10,1.5
2003/51/εκ,10,1.5
παράγωγη,10,1.5
πρότυπος,10,1.5
εκκαθαριστούν,10,1.5
ενημερωτικο,10,1.5
τω,10,1.5
μορφή·,10,1.5
παρατεθούν,10,1.5
ευρεσιτεχνία,10,1.5
ετερόρρυθμος,10,1.5
δόλιος,10,1.5
οφελη,10,1.5
προσαρμοσμένες,10,1.5
όρισε,10,1.5
μικρού,10,1.5
3.4.2,10,1.5
σταυροειδός,10,1.5
εκθεσεις,10,1.5
κλιματολογικός,10,1.5
πέσει,10,1.5
παρεπόμενους,10,1.5
αθετήζω,10,1.5
εισηγμένου,10,1.5
αρκετών,10,1.5
προεξοφλημένων,10,1.5
περισσότερα,10,1.5
απροσδιόριστος,10,1.5
επιταχύνω,10,1.5
αμφισβητείται,10,1.5
ανόμοιος,10,1.5
αρχικώς,10,1.5
καθίσταται,10,1.5
εκτιμηθούν,10,1.5
προεξοφλούνται,10,1.5
συμβούν,10,1.5
νωρίτερη,10,1.5
νμ20,10,1.5
λίρες,10,1.5
οριστικοποιώ,10,1.5
επιστολών,10,1.5
σδλπ,10,1.5
30α,10,1.5
θεσπιζόμενος,10,1.5
προωθώντας,10,1.5
επιτροπή.»·,10,1.5
αποκτήσεις,10,1.5
επικουρούμενος,10,1.5
καταβεβλημένου,10,1.5
προσδοκώμενης,10,1.5
2006/31/εκ,10,1.5
εναρμονισμένοι,10,1.5
εξειδικευμένων,10,1.5
ευνοήζω,10,1.5
συνέβαλαν,10,1.5
προδικάζω,10,1.5
υιοθεάτλω,10,1.5
παραχωρείται,10,1.5
ηθικός,10,1.5
παλαιός,10,1.5
αλληλεπιδράσεις,10,1.5
εσε,10,1.5
σπουδών,10,1.5
μελων,10,1.5
προσβάλω,10,1.5
εγγράφων·,10,1.5
εκληφθεί,10,1.5
βλάψουν,10,1.5
κάλυψή,10,1.5
λήξης,10,1.5
διαστήμα,10,1.5
αυξομείωση,10,1.5
θέση·,10,1.5
λήγουσες,10,1.5
αντέχω,10,1.5
διευθετούνται,10,1.5
ελιγμός,10,1.5
φυλάσσεται,10,1.5
συγκριθούν,10,1.5
πιστός,10,1.5
νιοστός,10,1.5
όψει,10,1.5
ενημερωμένες,10,1.5
εκτέλεσή,10,1.5
ενεργήσουν,10,1.5
δεδομένα·,10,1.5
εντολό,10,1.5
κτήσεως,10,1.5
καταγράφηκαν,10,1.5
διανεμητέα,10,1.5
βραχυχρόνιων,10,1.5
έπιπλο,10,1.5
ονομαστικής,10,1.5
επωφελής,10,1.5
ταχύτερα,10,1.5
συστήματος·,10,1.5
αυτούς·,10,1.5
ανεπαρκός,10,1.5
παραχωρούνται,10,1.5
τιμολογιακός,10,1.5
7β,10,1.5
διαφοροποιείται,10,1.5
αποφασίσω,10,1.5
εκτενώς,10,1.5
ομολογιακός,10,1.5
εξέρχω,10,1.5
αναπόφευκτος,10,1.5
κστ,10,1.5
μηδενικά,10,1.5
ασφαλίστρων,10,1.5
dkk,10,1.5
εθνικά,10,1.5
καταστήμα,10,1.5
or,10,1.5
καταστημάτων,10,1.5
προσμετρούνται,10,1.5
σπμπ,10,1.5
ακυρωθεί,10,1.5
αποσταλώ,10,1.5
τριμηνιαίες,10,1.5
διαφοροποιούνται,10,1.5
ecb_sec1ς,10,1.5
επικεντρώνομαι,10,1.5
πεζών,10,1.5
ρευστοποιούνται,10,1.5
συνεπάγεται,10,1.5
δεδουλεύμενος,10,1.5
δεχθούν,10,1.5
προκαθορισμένες,10,1.5
π.χ,10,1.5
σκαφός,10,1.5
υδρόβιος,10,1.5
μέτρα,10,1.5
επιτελέσουν,10,1.5
δωρεά,10,1.5
φύλου,10,1.5
πρωτότυπος,10,1.5
ανακτηθέντα,10,1.5
συμπληρωματικότητα,10,1.5
έγχρωμος,10,1.5
επιδοτήσεων,10,1.5
εξαιρουμένης,10,1.5
προτεραιοτήτων,10,1.5
φρονώ,10,1.5
θιγόμενων,10,1.5
ορισθέντα,10,1.5
2.2.5,10,1.5
ανέκυψαν,10,1.5
προσαρμοσθεί,10,1.5
δικαιοδοτικός,10,1.5
16γ,10,1.5
περιοριστούν,10,1.5
οιοσδήποτε,10,1.5
εξοχήνς,10,1.5
έρθει,10,1.5
r4,10,1.5
κοινοποιηθέν,10,1.5
ομοιογενός,10,1.5
4.6,10,1.5
αναδιατυπωθεί,10,1.5
ερωτήματα,10,1.5
εμπιστευτική·,10,1.5
παραστεί,10,1.5
ρητρή,10,1.5
βαθμονομήσεων,10,1.5
δημοσιεύτηκαν,10,1.5
12α,10,1.5
μηδενίζω,10,1.5
αυτοτελώς,10,1.5
εναρξη,10,1.5
παραχωρήσεις,10,1.5
προβληματισμός,10,1.5
διαπίστωσε,10,1.5
αποφασισθεί,10,1.5
περιοριστικά,10,1.5
προσκλήσεων,10,1.5
63/2002,10,1.5
εκκρεμότητα,10,1.5
λογιστικος,10,1.5
38b,10,1.5
αναδιοργανώσεις,10,1.5
κατέχονται,10,1.5
καθορισμενων,10,1.5
παροχων,10,1.5
περνώ,10,1.5
εισπραχθέντος,10,1.5
αποκαταστήζω,10,1.5
πληρωτέου,10,1.5
αποκτηθέντα,10,1.5
μεταφέρομαι,10,1.5
αποδεκτοίς,10,1.5
μέτρων·,10,1.5
διαφορετικάς,10,1.5
μεριδιούχους,10,1.5
υπηρετώ,10,1.5
προκαθορίζω,10,1.5
ασυνεπή,10,1.5
4.»·,10,1.5
νομιμοποιούνται,10,1.5
διαβουλεύσεως,10,1.5
ασυμβατότητα,10,1.5
ενήμερα,10,1.5
ορθό,10,1.5
5·,10,1.5
επαρκήςς,10,1.5
αντίγραφό,10,1.5
πολυετός,10,1.5
μεταβλητά,10,1.5
επιδιώξει,10,1.5
επιστημονικά,10,1.5
98/79/εκ,10,1.5
εναλλασσόμενου,10,1.5
αποκαθίσταται,10,1.5
2017·,10,1.5
σειριακός,10,1.5
αναψυχή,10,1.5
καυστήρας,10,1.5
απεριόριστη,10,1.5
αλουμινίου,10,1.5
προκαλούμενος,10,1.5
218,10,1.5
αποθεματικα,10,1.5
παίζω,10,1.5
είθισται,10,1.5
εμπορεύσιμου,10,1.5
περισσότερες,10,1.5
καλυμμένη,10,1.5
εγγυητός,10,1.5
προαναφέρθηκε,10,1.5
συνθηκών,10,1.5
αξιολογούμενες,10,1.5
αιτούνται,10,1.5
τέλη,10,1.5
36β,10,1.5
αρχων,10,1.5
κυρώσεις,10,1.5
μιος,10,1.5
υπάρχουσος,10,1.5
αίτηση·,10,1.5
ανταλλάσσομαι,10,1.5
διευθετήσεων,10,1.5
συμβουλευτεί,10,1.5
κλάδου,10,1.5
ανάδειξη,10,1.5
ευνοώ,10,1.5
κατάγομαι,10,1.5
υπήκοος,10,1.5
συνιστώνται,10,1.5
υόρκη,10,1.5
ασφάλειά,10,1.5
γραμματέα,10,1.5
αυτοτελής,10,1.5
ξαφνικός,10,1.5
ειδικό,10,1.5
δεδουλευμένοι,10,1.5
βραχυπρόθεσμη,10,1.5
περιγραφικός,10,1.5
τετραγωνίδιο,10,1.5
απλοποίηση,10,1.5
κοστολόγηση,10,1.5
επικαλύπτω,10,1.5
αποκλίνοντα,10,1.5
ακάλυπτων,10,1.5
προειδοποίηση·,10,1.5
αμπέλου,10,1.5
παραδίδονται,10,1.5
aos,10,1.5
έγγραφης,10,1.5
επανεξεταστούν,10,1.5
ολους,10,1.5
υπολογισμένη,10,1.5
upi,10,1.5
επιβεβαιωμένος,10,1.5
αιχμής,10,1.5
δικαίου·,10,1.5
υπόβαθρο,10,1.5
υποψηφίος,10,1.5
αεγχπ,10,1.5
αποκαταστώ,10,1.5
εξειδικευμένης,10,1.5
221,10,1.5
συγκεντρώθηκαν,10,1.5
διατάξεις,10,1.5
54.,10,1.5
κοινών,10,1.5
υπολογίσνω,10,1.5
πληρωθέντων,10,1.5
132,10,1.5
περίσσεια,10,1.5
οποιοιδήποτε,10,1.5
οπτική,10,1.5
παράβαση·,10,1.5
κανόνος,10,1.5
1.11.2012,10,1.5
4·,10,1.5
υπερψηφίζω,10,1.5
αντίθετων,10,1.5
λιπαντικός,10,1.5
τροχοφόρους,10,1.5
ηχοστάθμος,10,1.5
ημιτελός,10,1.5
διαδικασιων,10,1.5
27.2.1998,10,1.5
υπόμνημα,10,1.5
συμπλ,10,1.5
εξαερισμός,10,1.5
2002/24/εκ,10,1.5
τρίκυκλα,10,1.5
τετράτροχες,10,1.5
γεωργικά,10,1.5
l2e,10,1.5
εκατοστημορίου,10,1.5
τιμής·,10,1.5
διοξείδιο,10,1.5
2004/108/εκ,10,1.5
επικαιροποιημένων,10,1.5
ταυτόσημα,10,1.5
αγνοώντας,10,1.5
καταχωριστούν,10,1.5
απόσπασμα,10,1.5
ενδείκνυνται,10,1.5
επανεξετάσεων,10,1.5
εντοπιστούν,10,1.5
περι,10,1.5
όψεως,10,1.5
απομακρυσμένος,10,1.5
βόρειος,10,1.5
εξαρτημένος,10,1.5
αυτορρύθμιση,10,1.5
αναφερόμενους,10,1.5
αεπ,10,1.5
διαμέρισμα,10,1.5
οικιστικός,10,1.5
ταμιευτήρια,10,1.5
αποαναγνωρίζονταν,10,1.5
ανέρχονταν,10,1.5
εξειδικεύνω,10,1.5
διαιρώντας,10,1.5
διευρυμένου,10,1.5
εκμισθωθεί,10,1.5
χρηματορροών,10,1.5
συμβάσεις-πλαίσιος,10,1.5
απλή,10,1.5
διαρθρωμένη,10,1.5
pfe,10,1.5
305,10,1.5
αντίστοιχου,10,1.5
varavg,10,1.5
παράμετροι,10,1.5
εμπιστευματικός,10,1.5
προχρηματοδοτούμενος,10,1.5
ενοποιηση,10,1.5
κατασχέσεις,10,1.5
εναπομείναντος,10,1.5
περιβλήμα,10,1.5
3.2.4,10,1.5
οπίσθιο,10,1.5
ενεργοποιηθούν,10,1.5
πλύση,10,1.5
γειτνιάζω,10,1.5
διαμερίσμα,10,1.5
πιστωτικοί,10,1.5
σώματος·,10,1.5
22.12.2009,10,1.5
αντιδράσεις,10,1.5
93/15/εοκ,10,1.5
ύλες,10,1.5
κουρκουλασ,10,1.5
2014/29/εε,10,1.5
μεταχειρισμένα,10,1.5
κατοικίδι,10,1.5
εφελκυσμός,10,1.5
επιμήκυνση,10,1.5
3.2.3,10,1.5
εξοπλισμού·,10,1.5
εφοδιάζω,10,1.5
ταξίμετρα,10,1.5
αναπνοή,10,1.5
2.6,10,1.5
ανυψωτικός,10,1.5
ανελκυστήρα·,10,1.5
ατμών,10,1.5
θερμοκρασιών,10,1.5
δυσμενέστερος,10,1.5
υλικού·,10,1.5
τηλέφωνο,10,1.5
πλησιέστερος,10,1.5
προκάλεσαν,10,1.5
ολοκληρώσουν,10,1.5
παράδοσης·,10,1.5
επιθετικός,10,1.5
φορείς·,10,1.5
εισήγηση,10,1.5
πλαίσιο·,10,1.5
4.2·,10,1.5
εκπεστέες,10,1.5
λοιπα,10,1.5
μεταβιβαζουσας,10,1.5
οχι,10,1.5
εφαρμοζομενος,10,1.5
αλλοι,10,1.5
ισχυει,10,1.5
συλλογη,10,1.5
κεφαλαιακης,10,1.5
ληξιπρόθεσμου,10,1.5
υποτίθεται,10,1.5
υποαναληφθεί,10,1.5
αίγυπτος,10,1.5
γιουγκοσλαβική,10,1.5
ουκρανία,10,1.5
συσσωρευμένες,10,1.5
3.b67(δ,10,1.5
1.54(ιστ,10,1.5
32.28-29,10,1.5
7.20(α)(,10,1.5
21.48-49,10,1.5
2.47-48,10,1.5
2.9.1,10,1.5
ανατεθειμένα,10,1.5
1.34(α,10,1.5
42γς,10,1.5
2.12,10,1.5
συνδεδεμένες,10,1.5
προϊον,10,1.5
εγγράφηκε,10,1.5
μοναδικά,10,1.5
ζημία)·,10,1.5
1.2.5,10,1.5
ενοποιημένο,10,1.5
ένδυση,10,1.5
υδάτινος,10,1.5
"040,070",10,1.5
2015,10,1.5
επιπέδου-στόχου,10,1.5
επίπεδο-στόχος,10,1.5
ελκυστήρος,10,1.5
xxxiv,10,1.5
υπολειμματικό,10,1.5
τιμες,10,1.5
δανειοδοτης,10,1.5
β)(ii,10,1.5
αποσβεσμενο,10,1.5
"73(α),(δ",10,1.5
ε(2003,10,1.5
αποτελεσμάτων»·,10,1.5
απομειωμένου,10,1.5
παλαιάς,10,1.5
μηχανήματος,10,1.5
φυγή,10,1.5
διάταξης(-εων,10,1.5
τιμονιού,10,1.5
αποθάμβωση,10,1.5
δαπέδο,10,1.5
ράβδους,10,1.5
2.1.1.1,10,1.5
υπάρχουν·,10,1.5
jfsa,10,1.5
θερμαντικός,10,1.5
πιεση,10,1.5
ποικιλιών,10,1.5
φρούτων,10,1.5
γενεές,10,1.5
2013/34/εε·,10,1.5
ορισθέν,10,1.5
ηνωμένα,10,1.5
οικεία,10,1.5
συναλλασσομένου,10,1.5
13.8.2014,10,1.5
14.5.2015,10,1.5
fsc,10,1.5
snb,10,1.5
καταγγελλόντων,10,1.5
ξενοδοχείο,10,1.5
προσυπογεγραμμένη,10,1.5
α-δανείου,10,1.5
στρογγυλοποιώ,10,1.5
ρυμουλκούμενων,10,1.5
αποσυμπλεγμένο,10,1.5
2.3.3,10,1.5
διάκενος,10,1.5
ελατηρίο,10,1.5
πόδι,10,1.5
καταγράφηκε,10,1.5
βαθμονομείται,10,1.5
υποβαλλει,10,1.5
ίδιοι,10,1.5
33.00,10,1.5
τριμερής,10,1.5
r070,10,1.5
r050,10,1.5
φλοκωτός,10,1.5
βελούδα,10,1.5
προπόνηση,10,1.5
πανικά,10,1.5
κουζίνα,10,1.5
μαντίλια,10,1.5
επαληθευμένο,10,1.5
2015/936,10,1.5
3.5.2014,10,1.5
προσυναλλακτικές,10,1.5
επικράτειές,10,1.5
εξέλθουν,10,1.5
παρενθέση,10,1.5
λήγουσα,10,1.5
2014/48/εκ,10,1.5
εκταμιεύζω,10,1.5
αλφαβητικοί,10,1.5
wti,10,1.5
18/13,10,1.5
"030,010",10,1.5
"lrcalc,140,010",10,1.5
"180,10",10,1.5
19.9.2015,10,1.5
ανάκαμψης·,10,1.5
κλιμάκια,10,1.5
εποχή,10,1.5
kg/100,10,1.5
προϋποθέσεις·,10,1.5
επικαιροποιημένη,10,1.5
14α,10,1.5
δευτέρα,10,1.5
1191/69,10,1.5
διέθετε,10,1.5
υποστηριχθεί,10,1.5
2ε,10,1.5
παραδοτέες,10,1.5
αγορων,10,1.5
αποδόθηκε,10,1.5
2017/580,10,1.5
εκατοστημόρια,10,1.5
2017/585,10,1.5
eua,10,1.5
βαθμονομώνη,10,1.5
βιβλιογραφία,10,1.5
ασθενούς,10,1.5
παρενέργεια,10,1.5
μικροβιακός,10,1.5
παράσχετε,10,1.5
σμλ,10,1.5
"9.5.7.5,.6.5.8(βς",10,1.5
"7.24γ(β)(i)(iv),.24e(α",10,1.5
1.7(δα,10,1.5
9.5.7.2,10,1.5
7.20(α)(viii,10,1.5
2.51,10,1.5
9.5.5.8,10,1.5
7.35h(β)(iς,10,1.5
7.35h(β)(ii,10,1.5
6)(γ,10,1.5
αναταξινομείται,10,1.5
σκοπούμενης,10,1.5
1-6,10,1.5
1.2.4,10,1.5
καρκίνος,10,1.5
διάμεσες,10,1.5
17.6.2016,10,1.5
πραγματογνωσία,10,1.5
37.»·,10,1.5
δάχτυλο,10,1.5
τοίχος,10,1.5
1a,10,1.5
2017/2402·,10,1.5
αξιολογειται,10,1.5
στέλνω,10,1.5
ακοή,10,1.5
πρίζα,10,1.5
gdf,10,1.5
κατακλείδι,10,1.5
47α,10,1.5
2020/1230,10,1.5
12.12.2019,10,1.5
cre,10,1.5
1.2.1.1.5,10,1.5
1.2.1.1.6,10,1.5
1.2.2.1.6,10,1.5
οντότητας/-ων,10,1.5
473α,10,1.5
sa-ccr,10,1.5
2273/2003,9,1.35
2003/6/eκ,9,1.35
32004,9,1.35
επακόλουθο,9,1.35
επισημάνω,9,1.35
ασάφεια,9,1.35
αναβαθμίζω,9,1.35
καταβαλλόμενες,9,1.35
δημοσιευμένη,9,1.35
σημειώσεων,9,1.35
παρεμφερός,9,1.35
45·,9,1.35
6.7.2001,9,1.35
συνόλα,9,1.35
πραγματολογικός,9,1.35
ιδιαίτερη,9,1.35
αποφάσεων·,9,1.35
σημειωμάτων,9,1.35
παραλειφθεί,9,1.35
στήριξε,9,1.35
γνωστής,9,1.35
ποσό·,9,1.35
συμφέροντα,9,1.35
υπερκάλυψη,9,1.35
διευκρινισθεί,9,1.35
καθόρισε,9,1.35
δημιουργήω,9,1.35
οριόμενσς,9,1.35
εργοδοτών,9,1.35
πωλώντας,9,1.35
διακρατούμενο,9,1.35
θέληση,9,1.35
ενδεχομένος,9,1.35
αναστρέφω,9,1.35
προσδιοριώνσ,9,1.35
προπληρωθέντας,9,1.35
χρειαζόταν,9,1.35
ανακύψει,9,1.35
διαβαθμίση,9,1.35
άσκησε,9,1.35
καταβολός,9,1.35
εξαρτώμενα,9,1.35
χειριστεί,9,1.35
υποθέσουμε,9,1.35
νμ5,9,1.35
αποκαλείται,9,1.35
ακούσια,9,1.35
αποδείξεων,9,1.35
αντιθέτου,9,1.35
ενωρίτερα,9,1.35
καθυστέρηση·,9,1.35
κατοχυρωθεί,9,1.35
συμβουλευτική,9,1.35
λαμβάνοντας,9,1.35
θεματα,9,1.35
διεξοδικά,9,1.35
κατατάξεις,9,1.35
αντίστροφες,9,1.35
προκύπτων,9,1.35
56.,9,1.35
32006,9,1.35
27.4.2006,9,1.35
συμβαλλόμενου,9,1.35
θεμελιώδους,9,1.35
παρέχοντάς,9,1.35
συσκέψεις,9,1.35
παράνομα,9,1.35
παρατηρήσεων,9,1.35
επιδρώ,9,1.35
κρατική,9,1.35
συνάγεται,9,1.35
τρίμηνα,9,1.35
ταμείων,9,1.35
εξετασθεί,9,1.35
εντατικός,9,1.35
λογαριασμών·,9,1.35
γραφείου·,9,1.35
χορηγηση,9,1.35
πανεπιστημιακός,9,1.35
κανενός,9,1.35
εμπλεκομένων,9,1.35
πλημμελής,9,1.35
καθεστώτος·,9,1.35
σύνθεσή,9,1.35
αμοιβαιότητα,9,1.35
βελτιώσουν,9,1.35
αντανακλώνται,9,1.35
αξιώνω,9,1.35
αντιδρά,9,1.35
αγοραζόμενος,9,1.35
ιδιαίτερο,9,1.35
σκελών,9,1.35
νομισματικής,9,1.35
γραμμικότητα,9,1.35
καταστήζω,9,1.35
υποχρεωθούν,9,1.35
μικρά,9,1.35
παρουσιάσεις,9,1.35
ασκούμενων,9,1.35
καλύτερων,9,1.35
επιδεξιότητα,9,1.35
ζημιώσει,9,1.35
χωριστές,9,1.35
ασκήθηκε,9,1.35
αυτήν·,9,1.35
αυτής·,9,1.35
τρίμηνο·,9,1.35
αντιστρεπτέα,9,1.35
ελευθερώνω,9,1.35
ασώματο,9,1.35
κεφαλαιοποιημένες,9,1.35
συνιστώμενη,9,1.35
11.12.2000,9,1.35
αποφέρουν,9,1.35
παρακαταθήκη,9,1.35
συμφωνηθέντος,9,1.35
χρηματοοικονομικό,9,1.35
εδραίωση,9,1.35
ομοιόμορφου,9,1.35
προμηθευτός,9,1.35
μεσημέρι,9,1.35
διαθέσιμοςς,9,1.35
πωλητή·,9,1.35
ενήργησε,9,1.35
επικαιροποιηθούν,9,1.35
δεκεμβρίου·,9,1.35
μας,9,1.35
παρόμοια,9,1.35
χορηγηθούν,9,1.35
εκτυπώνω,9,1.35
μορφότυπων,9,1.35
εκδοτός,9,1.35
αυτά·ς,9,1.35
ενοχικός,9,1.35
συντίθω,9,1.35
οντότητα-στόχος,9,1.35
πεντηκοστή,9,1.35
ε.ε.,9,1.35
εποχικός,9,1.35
διαβιβάσεις,9,1.35
χορηγούμενων,9,1.35
κδ,9,1.35
μηνιαίως,9,1.35
πι,9,1.35
εμκαπ,9,1.35
απόληψη,9,1.35
καταθέτη,9,1.35
εκούσιος,9,1.35
εκδιδόμενα,9,1.35
εγχώριο,9,1.35
pos,9,1.35
προέρχεται,9,1.35
οικογενειών,9,1.35
ανταλλασσόμενας,9,1.35
σειρή,9,1.35
συναφώς,9,1.35
οργανισμων,9,1.35
απομονωμένος,9,1.35
εξαφανίζω,9,1.35
8].ς,9,1.35
αλλοδαπάς,9,1.35
no,9,1.35
unincorporated,9,1.35
δραστηριότητο,9,1.35
έμπορος,9,1.35
ευθεία,9,1.35
ικανοί,9,1.35
αντικαταστήνω,9,1.35
9ας,9,1.35
σύνθετα,9,1.35
στερηθεί,9,1.35
αγόρασε,9,1.35
υγιούς,9,1.35
ανακτώνη,9,1.35
περιγράφει,9,1.35
ευρύτερα,9,1.35
χρημάτων,9,1.35
συνάγει,9,1.35
αποσπάσματα,9,1.35
χι,9,1.35
προγραμματος,9,1.35
τριτων,9,1.35
εκθεσης,9,1.35
συνέντευξη,9,1.35
ορίστηκε,9,1.35
συμμετοχικά,9,1.35
τομέων·,9,1.35
μέτρα·,9,1.35
νομοθεσίας].,9,1.35
αξιολογημένων,9,1.35
διαπιστευμένο,9,1.35
επιβαλλόμενων,9,1.35
εταιρειων,9,1.35
σλοβενικός,9,1.35
δήλωσή,9,1.35
παραμονή,9,1.35
γεννώ,9,1.35
οργάνων,9,1.35
υπογραφεί,9,1.35
προδιαγραφές·,9,1.35
προβλέπονται,9,1.35
αγορα,9,1.35
προκλήνω,9,1.35
διαφθορά,9,1.35
1996,9,1.35
επιμετρώμενος,9,1.35
σπάνια,9,1.35
έτοιμα,9,1.35
στοιχείων,9,1.35
μπορεί,9,1.35
ασφαλίστρας,9,1.35
διμερός,9,1.35
τρωτός,9,1.35
προτάθηκε,9,1.35
μελετώ,9,1.35
εκτελεστά,9,1.35
συγγενή,9,1.35
συνήθος,9,1.35
προϋπηρεσίας,9,1.35
εργαζομενους,9,1.35
κορμός,9,1.35
νοσοκομείο,9,1.35
διαιτησία,9,1.35
στρώμα,9,1.35
μεταβιβάστηκε,9,1.35
κατατάσσει,9,1.35
προϋπάρχουσος,9,1.35
ανακληση,9,1.35
παραβλέπω,9,1.35
διέθεταν,9,1.35
ενημερώθηκε,9,1.35
μετάφρασή,9,1.35
ιστοθέση,9,1.35
μεταφράσεις,9,1.35
συμπληρώματός,9,1.35
εξάμηνης,9,1.35
τετράμηνος,9,1.35
ενεχόμενα,9,1.35
1096/2010,9,1.35
διαπιστώνεται,9,1.35
αποφαίνομαι,9,1.35
αναλύσει,9,1.35
ανακλήνω,9,1.35
εκτελέσει,9,1.35
εκποιώ,9,1.35
ζητηθούν,9,1.35
χωρες,9,1.35
συνεπών,9,1.35
επιδεινώνω,9,1.35
εμφαίνομαι,9,1.35
καδμίου,9,1.35
επαναχρησιμοποιούμενος,9,1.35
συνθήκες·,9,1.35
επίστρωση,9,1.35
ακροδεκτός,9,1.35
τυπογραφικός,9,1.35
φωτιστικός,9,1.35
υπο-ομίλους,9,1.35
αντικατοπτρίζονται,9,1.35
ηγείται,9,1.35
υπονοώ,9,1.35
μ.μ.,9,1.35
στενοί,9,1.35
6.3.5,9,1.35
αποταμιεύσεων,9,1.35
σύμβασης·,9,1.35
ποσού,9,1.35
προηγήθηκε,9,1.35
γνωστοποιήσεων,9,1.35
άρθρου.»·,9,1.35
προσυπογραφής,9,1.35
προσυπογραφή,9,1.35
κλήσεων,9,1.35
παρίστανται,9,1.35
όψιν,9,1.35
περιστατικών,9,1.35
εγγεγραμμένοι,9,1.35
απαιτηθούν,9,1.35
αγορασθέντα,9,1.35
ς,9,1.35
ώθηση,9,1.35
αυτές,9,1.35
αποεπένδυση,9,1.35
εξομοιούμενος,9,1.35
10000000,9,1.35
κινήσεων,9,1.35
ias,9,1.35
λόγως,9,1.35
αλληλεπιδρά,9,1.35
χωρων,9,1.35
περιορίνω,9,1.35
αποκαταστώνα,9,1.35
πλοία,9,1.35
κατανείμει,9,1.35
ανακάμπτω,9,1.35
αξια,9,1.35
συναλλαγός,9,1.35
ευκολότερη,9,1.35
ευκρινής,9,1.35
κρυπτογράφηση,9,1.35
συνεντεύξεων,9,1.35
επισφαλής,9,1.35
ακολουθούν,9,1.35
διάδραση,9,1.35
2011/20,9,1.35
ομόφωνα,9,1.35
κινούμενος,9,1.35
διαφανεια,9,1.35
μέτρος,9,1.35
συσκευασμένων,9,1.35
ποικιλίας(-ιών,9,1.35
συνέταξε,9,1.35
igp,9,1.35
πεδίος,9,1.35
εξαιρούμενων,9,1.35
xxx,9,1.35
πληρούνταν,9,1.35
συμβολισμός,9,1.35
ενδοομιλική,9,1.35
διαφοροποιήσεις,9,1.35
1997,9,1.35
επιχειρηματίας,9,1.35
η)·,9,1.35
2011/10,9,1.35
2012/32,9,1.35
*,9,1.35
γύρος,9,1.35
ανελήφθησαν,9,1.35
αυξημένων,9,1.35
εκτελούμενος,9,1.35
εμφανιστούν,9,1.35
εκτελεστικές,9,1.35
διακρατήσης,9,1.35
2011/23,9,1.35
επεξεργαστεί,9,1.35
διασφαλισης,9,1.35
δασμοί,9,1.35
cen,9,1.35
απαιτήσεις·ς,9,1.35
αρθρωτός,9,1.35
ρυπογόνος,9,1.35
ευρετήριο,9,1.35
εγκαθίσταται,9,1.35
εμφανώς,9,1.35
συστημένη,9,1.35
επισκευών,9,1.35
15·,9,1.35
επιβαινόντων,9,1.35
δύο·,9,1.35
έμβολο,9,1.35
απόληξη,9,1.35
δίδυμος,9,1.35
βιομεθάνιο,9,1.35
πίεση·,9,1.35
ηχοστάθμης,9,1.35
τρωτότητα,9,1.35
πύλα,9,1.35
εγκαταστημένος,9,1.35
αξιολογήθηκαν,9,1.35
εύλογα,9,1.35
ασύμβατο,9,1.35
υφίστατο,9,1.35
υποδιαιρείται,9,1.35
στοιχείου(-ων,9,1.35
συμψηφισμένος,9,1.35
ανατρέξτε,9,1.35
δραστηριοποίηση,9,1.35
προληφθεί,9,1.35
απλούσς,9,1.35
διαχείρισης,9,1.35
πρότερη,9,1.35
διευρώνυ,9,1.35
πρακτόρευση,9,1.35
καθ’ολοκληρία,9,1.35
ανοίγματό,9,1.35
ελάσσονο,9,1.35
καλυμμένο,9,1.35
πιστούχων,9,1.35
εκταμιευθέντας,9,1.35
μεροληψία,9,1.35
σχεδιασμένη,9,1.35
εισερχόμενες,9,1.35
εφάρμοζαν,9,1.35
βραχυπρόθεσμου,9,1.35
τεκμηριώσει,9,1.35
διακρατηθείσες,9,1.35
υπολογιστεί,9,1.35
ανοίγματός,9,1.35
συμπεριλαμβανομένος,9,1.35
297,9,1.35
αντισυμβαλλόμενό,9,1.35
352,9,1.35
χειρός,9,1.35
επακόλουθων,9,1.35
κατασκευασμένο,9,1.35
εκταμιευθέντων,9,1.35
μέτριου,9,1.35
κλιμάκι,9,1.35
336,9,1.35
αώνρ,9,1.35
319,9,1.35
402,9,1.35
2013/38,9,1.35
διανύω,9,1.35
επιμετρείται,9,1.35
οξικός,9,1.35
παρεμβατικός,9,1.35
μεσαζόντων,9,1.35
υποστοιχείο,9,1.35
26β,9,1.35
μετατροπέας,9,1.35
μετατροπέα(-ων,9,1.35
3.1.2,9,1.35
3γ,9,1.35
περιοχές,9,1.35
κατευθυντικότητα,9,1.35
τροφοδοτούνται,9,1.35
εμπρόσθια,9,1.35
λειτουργία·,9,1.35
στιγμή·,9,1.35
συγκολλήσεις,9,1.35
183/2014,9,1.35
sociétés,9,1.35
γήρανση,9,1.35
καταναλωτών·,9,1.35
1]·,9,1.35
2014/57,9,1.35
προσκαλείται,9,1.35
ονομασια,9,1.35
θρυαλλίδα,9,1.35
εύκαμπτος,9,1.35
εμποτισμένος,9,1.35
εφαρμοστεί·,9,1.35
κοινοβουλιου,9,1.35
συντελώ,9,1.35
χάλυβας,9,1.35
οριζοντίωση,9,1.35
2.3.2,9,1.35
ανεξίτηλα,9,1.35
κόκκινος,9,1.35
ικανοποιηθεί,9,1.35
m3,9,1.35
κρούσεις,9,1.35
ευχερής,9,1.35
εκπεμπόμενος,9,1.35
7.3,9,1.35
επηρεαζόντων,9,1.35
σερβίρισμα,9,1.35
υγραερίου,9,1.35
φρέατος,9,1.35
εκρήξεις,9,1.35
ορισμενων,9,1.35
αξιολογημένος,9,1.35
μεταβιβάσιμα,9,1.35
προχρηματοδοτημένος,9,1.35
αντιπροσωπευτικότητα,9,1.35
στοιχειοθετώ,9,1.35
διαμεσολαβούν,9,1.35
αναληφθείσαςς,9,1.35
περιστασιακός,9,1.35
εκπλειστηριαστής,9,1.35
ελεγχθέντα,9,1.35
ετησίως·,9,1.35
ατομικη,9,1.35
συσχετισεων,9,1.35
απομειωσης,9,1.35
συνολικο,9,1.35
εντοπιζεται,9,1.35
κεντρικη,9,1.35
βαθμιδες,9,1.35
οφειλετων,9,1.35
αντιστοιχουν,9,1.35
μετοχικο,9,1.35
επιμελειας,9,1.35
προσαρμογων,9,1.35
επανατιτλοποιηση,9,1.35
γεγονοτων,9,1.35
νομισματος,9,1.35
προσημου,9,1.35
φερεγγυοτητας,9,1.35
15.1,9,1.35
υπολογιστούν,9,1.35
135-140,9,1.35
ανακατανεμηθούν,9,1.35
cr-sa,9,1.35
μετακινώνη,9,1.35
προερχονται,9,1.35
μίσθωση·,9,1.35
αθροίζοντας,9,1.35
αλβανία,9,1.35
1.9(α,9,1.35
1.78(δ,9,1.35
84(α,9,1.35
1.54(ιη,9,1.35
38.85-87,9,1.35
39.56,9,1.35
7.20(α)(v,9,1.35
2.141-143,9,1.35
16.73(ε)(,9,1.35
40.79(δ)(v,9,1.35
39.95(α)-96,9,1.35
1.35(γ,9,1.35
2.116(η,9,1.35
αντιλογίστηκαν,9,1.35
2.136,9,1.35
παθητικό(11)-(13,9,1.35
16.5,9,1.35
44.1,9,1.35
χρεωστικοί,9,1.35
προκαταβολων,9,1.35
13.1,9,1.35
repos,9,1.35
υποχρέωση·,9,1.35
dans,9,1.35
εξασφάλιση·,9,1.35
συνολική,9,1.35
χρηματοδότησης,9,1.35
μεταχείρισή,9,1.35
1.4.3,9,1.35
1.3.4,9,1.35
ες,9,1.35
νησοι,9,1.35
αραβία,9,1.35
μοριακός,9,1.35
αυτοεξοφλούμενας,9,1.35
δοθείσε,9,1.35
άξιος,9,1.35
διακανονισμών·,9,1.35
εξασφαλίσεις·,9,1.35
αθέτησης·,9,1.35
εξοφληθείσα,9,1.35
μεικτού,9,1.35
2005/55/εκ,9,1.35
βρετανικός,9,1.35
ημισυνεχός,9,1.35
δίχρονος,9,1.35
πάγκος,9,1.35
συμπλέκτης,9,1.35
συμπεριληφθούν,9,1.35
προσπελάσιμων,9,1.35
χειρολαβές,9,1.35
προαιρετικό,9,1.35
βενζίνης,9,1.35
δοκιμής·,9,1.35
συνταξιοδοτικό,9,1.35
ασφάλιστρα,9,1.35
μονογραφία,9,1.35
fss,9,1.35
σύνδεσμοι,9,1.35
ερπυσμός,9,1.35
κατάρρευση,9,1.35
πυρκαγιά,9,1.35
καλλιεργούνται,9,1.35
ξενιστής,9,1.35
μωσαϊκός,9,1.35
armeniaca,9,1.35
ορόσημο,9,1.35
αμερόληπτο,9,1.35
ενδιαφερόντων,9,1.35
επανεπιμέτρηση,9,1.35
βρετανική,9,1.35
εγκύκλιος,9,1.35
υποχρεώ-σεις,9,1.35
ιδιοκτησίας·,9,1.35
κηρύσσω,9,1.35
δεσμευμένη,9,1.35
επιχορηγούνται,9,1.35
θέσεων·,9,1.35
2013/36/ee,9,1.35
ακινητοποιημένος,9,1.35
2.2.1.29.1.2,9,1.35
r3a,9,1.35
αποσυνδέω,9,1.35
ελαστικά,9,1.35
άφορτο,9,1.35
11992-2:2003,9,1.35
πανομοιότυπο,9,1.35
σύσφιξη,9,1.35
5.3.1,9,1.35
ευθύς,9,1.35
τόνων,9,1.35
c010·,9,1.35
9.12.2014,9,1.35
σακάκι,9,1.35
χονδροειδής,9,1.35
22.3.2013,9,1.35
16β,9,1.35
ορόσημα,9,1.35
2016/2269,9,1.35
στρατηγικών,9,1.35
οργάνωσή,9,1.35
περιήλθαν,9,1.35
f.522,9,1.35
2016/100,9,1.35
68.00,9,1.35
1/2a/2b,9,1.35
72.00,9,1.35
1.1.4,9,1.35
1.1.10,9,1.35
2016/378,9,1.35
μήνας·,9,1.35
hh,9,1.35
λεπτό·ς,9,1.35
τελεία)·,9,1.35
αποστάγματα,9,1.35
11/10,9,1.35
συρματόσχοινων,9,1.35
"080,010",9,1.35
"lrcalc,020,010",9,1.35
"lrcalc,040,010",9,1.35
"lrcalc,170,010",9,1.35
it,9,1.35
κρισιμότητα,9,1.35
πτωχεύζω,9,1.35
εξυγίανση·,9,1.35
01.00,9,1.35
όχι(4,9,1.35
επιμετρούμενης,9,1.35
επιμετρούμενου,9,1.35
otm,9,1.35
ftse,9,1.35
2016/2227,9,1.35
2005/32/εκ,9,1.35
2017/593,9,1.35
ιδέα,9,1.35
2017/104,9,1.35
χαρακτήρα,9,1.35
2017/208,9,1.35
κατ-πάροχοι,9,1.35
καταγγελίας·,9,1.35
etf,9,1.35
ισημερινός,9,1.35
εκκαθαριζόμενας,9,1.35
ασκώντας,9,1.35
18/5,9,1.35
τέλεσαν,9,1.35
cer,9,1.35
2017/588,9,1.35
πλατφορμός,9,1.35
2014/29,9,1.35
iiα,9,1.35
συντονίζοντος,9,1.35
οδοντικός,9,1.35
αλλεργικός,9,1.35
νόσου,9,1.35
20.7.2016,9,1.35
αναπτυξης,9,1.35
τιτλου,9,1.35
9.ba7(β,9,1.35
1.7(δ,9,1.35
7.24γ,9,1.35
7.35ι,9,1.35
9.5.6.4,9,1.35
7.35h(α,9,1.35
7.16a,9,1.35
2.88(β,9,1.35
9.4.2.1,9,1.35
2.181,9,1.35
1.15(α,9,1.35
1ε,9,1.35
θπς,9,1.35
ανακατανεμημένο,9,1.35
2021·,9,1.35
σταθεροποίησης,9,1.35
επιπτώσεις,9,1.35
2026,9,1.35
αξόνων·,9,1.35
672/2010,9,1.35
πρόσθιος,9,1.35
323,9,1.35
τροποποίησε,9,1.35
υποδήματα,9,1.35
0190,9,1.35
αντιστοιχίστηκαν,9,1.35
ιδιες,9,1.35
21.6.2019,9,1.35
rapex·,9,1.35
σφηνώνω,9,1.35
προδικαστικός,9,1.35
20/15,9,1.35
2019/541,9,1.35
2019/878,9,1.35
θυέλλη,9,1.35
adco,9,1.35
μεταφέροντα,9,1.35
μεταφέρων,9,1.35
παρόντος,9,1.35
2020/9,9,1.35
αειφορία,9,1.35
0170,9,1.35
2.175,9,1.35
2.213-216,9,1.35
175ii,9,1.35
2.240-245,9,1.35
252-257,9,1.35
2.311i,9,1.35
060-090,9,1.35
150-260,9,1.35
341-345,9,1.35
428ιη,9,1.35
0120-0130,9,1.35
0150-0260,9,1.35
0301-0303,9,1.35
εξοικονομήσεων,9,1.35
29α,8,1.2
24.12.2003,8,1.2
επέφερε,8,1.2
εκπονηθούν,8,1.2
αφηγηματικός,8,1.2
φιλικός,8,1.2
χρόνως,8,1.2
μελη,8,1.2
υποχώρηση,8,1.2
γνωστοποιούμενος,8,1.2
προεξοφλώ,8,1.2
ακιδωτό,8,1.2
ακριβών,8,1.2
αλληλεπικαλύψεις,8,1.2
εγκλήματος,8,1.2
έλεγχο·,8,1.2
αβεβαιοτήτων,8,1.2
μετόχων·,8,1.2
πληρεξουσίου,8,1.2
αθέμιτο,8,1.2
προτάσεω,8,1.2
τετραετός,8,1.2
εδάφιο·,8,1.2
οικειοθελής,8,1.2
διαμεσολαβητικός,8,1.2
ανταλλαγούν,8,1.2
παρωχημένος,8,1.2
ονόματα,8,1.2
επιλεγμένες,8,1.2
δηλωθείσες,8,1.2
παρέμβλω,8,1.2
αναπαραχθεί,8,1.2
αναπαραγόμενος,8,1.2
κίνησή,8,1.2
ωφελείται,8,1.2
εγγραφόμενο,8,1.2
τόκων·,8,1.2
παρελθούσες,8,1.2
επενδυθούν,8,1.2
ροών·,8,1.2
δικαιωμά,8,1.2
δημοσια,8,1.2
φορολογικό,8,1.2
ισχύσει,8,1.2
www.iasb.org.uk,8,1.2
απεικονιζόμενος,8,1.2
αντισταθμιζόμενα,8,1.2
κατατάγω,8,1.2
συμβαλλόμενων,8,1.2
μεδ-12,8,1.2
διατηρήθηκαν,8,1.2
εκχωρητός,8,1.2
περιουσιακό,8,1.2
επιμετρηθούν,8,1.2
προγενέστερο,8,1.2
ανεργία,8,1.2
υπεισέρχω,8,1.2
μοιράζομαι,8,1.2
προπληρωμών,8,1.2
προδιαγράφω,8,1.2
εναπομένω,8,1.2
καταβολών,8,1.2
εξαλείφει,8,1.2
νμ95,8,1.2
ακούσιας,8,1.2
εκτιμώνη,8,1.2
καθότι,8,1.2
αντισταθμίσει,8,1.2
ενσώματου,8,1.2
ομότιμος,8,1.2
υπαρχόντων,8,1.2
καταρτισμένος,8,1.2
ξεχωριστών,8,1.2
εισπράχνω,8,1.2
επικράτεια·,8,1.2
εκμετάλλευσης·,8,1.2
εγγυηθεί,8,1.2
προαναφερθέν,8,1.2
κριτική,8,1.2
συμπληρώσεις,8,1.2
76/2002,8,1.2
καθιέρωσε,8,1.2
τριμήνων,8,1.2
καταθετικός,8,1.2
διερμηνείας,8,1.2
39·,8,1.2
προτεινόμενων,8,1.2
διοικητικό,8,1.2
ασφαλιστηρίος,8,1.2
κρατών,8,1.2
συνέρχω,8,1.2
γραμματειακός,8,1.2
διαβιβάστηκαν,8,1.2
τρίτα,8,1.2
αφ’,8,1.2
επισήμανε,8,1.2
αμφισβήτησαν,8,1.2
συλλ,8,1.2
καναδικός,8,1.2
δημοσίευσαν,8,1.2
συμβουλευθεί,8,1.2
καίτοι,8,1.2
μορφήν,8,1.2
πόρων·,8,1.2
συμφέρονς,8,1.2
συμμετοχών·,8,1.2
διδασκαλία,8,1.2
εργάζω,8,1.2
τελεσίδικας,8,1.2
δικονομία,8,1.2
προβλεπομένων,8,1.2
τηρουμένου,8,1.2
16·,8,1.2
προγενέστερων,8,1.2
καλύπτονταν,8,1.2
εμπορεύματα·,8,1.2
εξοφλώνη,8,1.2
ασφάλεια·,8,1.2
προσωρινώς,8,1.2
δη,8,1.2
χρηματιστηρίο,8,1.2
χρονοτριβή,8,1.2
ληφθέν,8,1.2
εκτιθέμενη,8,1.2
ληκτότητα·,8,1.2
διαρκείας,8,1.2
καλούμαι,8,1.2
εθεωρείτο,8,1.2
νιοστή,8,1.2
υπολογιζόμενης,8,1.2
βέβαιο,8,1.2
αποτιμώμενη,8,1.2
τμημάτος,8,1.2
υπολογιζόταν,8,1.2
αντλούνται,8,1.2
συνομολόγηση,8,1.2
έχων,8,1.2
απαρτία,8,1.2
συνεπαγόταν,8,1.2
διαδίδεται,8,1.2
παράγεται,8,1.2
τίποτα,8,1.2
ανακοινώθηκε,8,1.2
εκκρεμούσα,8,1.2
ελαχιστοποιήσουν,8,1.2
ανοιχτεί,8,1.2
αυτή·ς,8,1.2
επαληθεύσουν,8,1.2
22·,8,1.2
πεποίθηση,8,1.2
προτιμήσεις,8,1.2
εξοικειωμένος,8,1.2
τμηματικά,8,1.2
εκτελέσεων,8,1.2
διαπιστωθούν,8,1.2
συντηρητικότητα,8,1.2
επουσιώδη,8,1.2
μεταβαίνω,8,1.2
εκδίδουσα,8,1.2
πλεονασματικός,8,1.2
επηρεάζομαι,8,1.2
εκπονήθηκαν,8,1.2
πληρωτέων,8,1.2
ψήγμα,8,1.2
μετάλλου,8,1.2
τραβηκτικά,8,1.2
49.2,8,1.2
διαθεσίμων+,8,1.2
2001/16,8,1.2
επιταγός,8,1.2
γήπεδα,8,1.2
έπιπλα,8,1.2
ηλεκτρονικοί,8,1.2
προεισπραχθέντα,8,1.2
ενοποιείται,8,1.2
τόκοι-έσοδα,8,1.2
foreign,8,1.2
προσδιορίσιμο,8,1.2
αρχείων,8,1.2
αλγόριθμων,8,1.2
πώλησης-επαναγοράς,8,1.2
πρωτογενούς,8,1.2
πωλήσουν,8,1.2
επιτραπούν,8,1.2
2007/16/εκ,8,1.2
επιφορτιστεί,8,1.2
συνεργαστούν,8,1.2
δικτύου·,8,1.2
γλωσσών,8,1.2
είδει,8,1.2
δείκτη·,8,1.2
αρωγή,8,1.2
αυξήσει,8,1.2
15β,8,1.2
αγοραστή·,8,1.2
22.7.2006,8,1.2
συνδυαστικός,8,1.2
διορθώθηκαν,8,1.2
αποδείχθηκαν,8,1.2
αποφασίσει,8,1.2
απλοποιημένη,8,1.2
2.10.2003,8,1.2
λοιπής,8,1.2
μεγεθό,8,1.2
μεταβιβάζονται,8,1.2
εκδόση,8,1.2
έντοκο,8,1.2
λειτουργίες,8,1.2
δσμκ,8,1.2
τεκμαρτής,8,1.2
ρ,8,1.2
κεφαλαία,8,1.2
φορολογείται,8,1.2
επιβεβαίωσή,8,1.2
φορητός,8,1.2
μετάπτωση,8,1.2
9α,8,1.2
11.12.2006,8,1.2
αποδεσμεύω,8,1.2
ύδατα,8,1.2
πειραματικός,8,1.2
βίος,8,1.2
επιλεγώ,8,1.2
σημαία,8,1.2
διαβεβαίωση,8,1.2
παραπέμπο,8,1.2
ανακτήθηκαν,8,1.2
ανδρός,8,1.2
χρωματισμός,8,1.2
υπαρχουσών,8,1.2
δοκιμές,8,1.2
διαπιστώθηκαν,8,1.2
αντιμετωπίστηκαν,8,1.2
επελέγησαν,8,1.2
2.2.3,8,1.2
2.2.4,8,1.2
προσωρινές,8,1.2
επικαλυπτόμενος,8,1.2
22.12.2007,8,1.2
1781/2006,8,1.2
ισχυρή,8,1.2
χρήστη·,8,1.2
βεβαιώσεων,8,1.2
εγκρίθηκε·,8,1.2
18α,8,1.2
γλωσσάριο,8,1.2
εφαρμόζονται,8,1.2
εργαστηρίο,8,1.2
εποπτειας,8,1.2
εκθέζω,8,1.2
ανενεργός,8,1.2
50δ,8,1.2
μελέτησε,8,1.2
1606/2002·,8,1.2
υποχρεούνται,8,1.2
έκκληση,8,1.2
προσκλήσεις,8,1.2
αποδεκτή,8,1.2
χρηματορροές,8,1.2
αφαιρούνταν,8,1.2
2δ,8,1.2
ανακύπτουν,8,1.2
16δ,8,1.2
επαναγοράζω,8,1.2
βασισμένες,8,1.2
μειοψηφικός,8,1.2
πράσσω,8,1.2
ανακατατάσσεται,8,1.2
εκδοτικός,8,1.2
αναγνωρισης,8,1.2
εκμίσθωση,8,1.2
τόκου,8,1.2
προβλέψλω,8,1.2
γενετικός,8,1.2
έφερε,8,1.2
ελεγχουσών,8,1.2
αποκτηθέντος,8,1.2
προκύπτον,8,1.2
προσδιορισθούν,8,1.2
δραστηριότητας,8,1.2
πολύπλοκων,8,1.2
οσεκα·,8,1.2
χαρτοφυλακίων·,8,1.2
θεματοφυλάκα,8,1.2
χρονοδιαγράμματα,8,1.2
καταρτίσνω,8,1.2
βέλτιστες,8,1.2
παρακωλύνω,8,1.2
επικρατεία,8,1.2
ανακληθούν,8,1.2
παρατείνεται,8,1.2
42β,8,1.2
αξιοποιώντας,8,1.2
παρίσταται,8,1.2
2011/25,8,1.2
χορηγήσεων,8,1.2
κατισχύω,8,1.2
ενσωμάτως,8,1.2
μεταβιβασθεί,8,1.2
επιβλώ,8,1.2
οντότητα-γραμματοθυρίδα,8,1.2
στενές,8,1.2
αναθέσουν,8,1.2
διαχειριστώ,8,1.2
επιτελούμαι,8,1.2
διενεργηθείσα,8,1.2
ανακοινώνεται,8,1.2
εποπτείας·,8,1.2
57.,8,1.2
σύμφωνων,8,1.2
εκφέρω,8,1.2
ιδιοτήτο,8,1.2
εξοπλισμό·,8,1.2
2014·,8,1.2
καθόδου,8,1.2
διηλεκτρικός,8,1.2
φίλτρων,8,1.2
δομοστοιχείο,8,1.2
χαράσσω,8,1.2
υπο-ομίλου,8,1.2
προδιαγραφές,8,1.2
2531/98,8,1.2
πράξης·,8,1.2
πολλαπλού,8,1.2
6.3,8,1.2
αιρέσεων,8,1.2
δεσμών,8,1.2
συνάγω,8,1.2
πυλώνα,8,1.2
εξειδικεώνυ,8,1.2
κατάλογοι,8,1.2
επίκειται,8,1.2
επιμετρήσεις,8,1.2
ζητηθεισών,8,1.2
ευκολότερα,8,1.2
επαληθεύνω,8,1.2
προνόμιο,8,1.2
ανακριβών,8,1.2
υλικό·,8,1.2
αρμοδιων,8,1.2
ανανεώσιμη,8,1.2
παραπτώματος,8,1.2
ελαστικότητα,8,1.2
ενεργείας,8,1.2
ευρωπαϊκάς,8,1.2
εγκληματικός,8,1.2
αυτοπιστοποίησος,8,1.2
διμερή,8,1.2
έσοδα·,8,1.2
νομοθεσιών,8,1.2
εύτακτη,8,1.2
—και,8,1.2
διαταράσσω,8,1.2
διευθύνοντης,8,1.2
ρευστοποιείται,8,1.2
πιθανοί,8,1.2
ανακατατάσσομαι,8,1.2
παραώνχ,8,1.2
αγορασθέν,8,1.2
επιμετρήσιμο,8,1.2
ασία,8,1.2
υπουργικός,8,1.2
εμπορευματικός,8,1.2
ξηρός,8,1.2
επισιτιστικός,8,1.2
μη-ταμειακός,8,1.2
παρέμειναν,8,1.2
τιτλους,8,1.2
εμφανιζόμενος,8,1.2
μισός,8,1.2
διαρθρώνω,8,1.2
αίτημα·ς,8,1.2
ανατρέχω,8,1.2
εγγύτητα,8,1.2
2010/24,8,1.2
εισοδήματός,8,1.2
2012/34,8,1.2
τοκοφορίας,8,1.2
target2-securities,8,1.2
παραδοτέων,8,1.2
ακάλυπτη,8,1.2
ανεπιθύμητο,8,1.2
πγε,8,1.2
2454/93,8,1.2
οινοποιήσιμης(-ων,8,1.2
par,8,1.2
υλοτομία,8,1.2
διέθεσε,8,1.2
προσδοκά,8,1.2
αγοραστούν,8,1.2
αντισταθμιστούν,8,1.2
άληκτος,8,1.2
yyyyy,8,1.2
κοινά,8,1.2
2γ,8,1.2
περιγραφη,8,1.2
über,8,1.2
προβλεπόταν,8,1.2
διατίθεται,8,1.2
υπέστησαν,8,1.2
διανυθείσα,8,1.2
17.12.2011,8,1.2
προαναφερόμενων,8,1.2
μακροπροληπτικοί,8,1.2
καλόπιστος,8,1.2
εκπλήρωσαν,8,1.2
5000000,8,1.2
οτιδήποτε,8,1.2
μισθού,8,1.2
απηχώ,8,1.2
αντικρουόμενος,8,1.2
περιμένω,8,1.2
μικτών,8,1.2
διανεμητέος,8,1.2
τεταρτημορίου,8,1.2
καταβλήνω,8,1.2
ωφελούμαι,8,1.2
309,8,1.2
2007/64/εκ,8,1.2
συνετή,8,1.2
εξόρυξη,8,1.2
αντικαταστάθηκε,8,1.2
δεχτούν,8,1.2
παρεπόμενες,8,1.2
ισορροπημένος,8,1.2
επιτελούνται,8,1.2
επιτροπή·,8,1.2
έναρξή,8,1.2
ρυμουλκοόμενυς,8,1.2
οχημάτων·,8,1.2
καυσίμων·,8,1.2
επαναπρογραμματισμός,8,1.2
αύξοντος,8,1.2
ελκυστήρης,8,1.2
κάθετα,8,1.2
αριθμώ,8,1.2
ευρετηρίου,8,1.2
τηλεφόρτωσος,8,1.2
ελκυστήρα·,8,1.2
ορίζουσες,8,1.2
πιστοποιημένη,8,1.2
απόκρυψη,8,1.2
έρμα,8,1.2
τετράτροχα,8,1.2
εφικτότητα,8,1.2
μοτοσικλετών,8,1.2
εξορθολογισμός,8,1.2
l3,8,1.2
ανάγκης·,8,1.2
επιβαλλόμενη,8,1.2
μετεπεξεργασία,8,1.2
χιλιομετρικός,8,1.2
αποθήκη,8,1.2
ιμάντας,8,1.2
καυσίμος,8,1.2
αιθανόλη,8,1.2
τοποθετημένο,8,1.2
αδρανής,8,1.2
1.8.1,8,1.2
thc,8,1.2
υποκειμενικός,8,1.2
ευέλικτα,8,1.2
αντίκτυπός,8,1.2
βημάτο,8,1.2
ανάθεσης·,8,1.2
αντικειμενικοί,8,1.2
μετριάζομαι,8,1.2
διαστήματα,8,1.2
ανώτατες,8,1.2
παρέχει,8,1.2
έξυπνη,8,1.2
αποφεύγονται,8,1.2
και»·,8,1.2
υποδείξεις,8,1.2
αλληλεπιδρώ,8,1.2
αγοραστεί,8,1.2
διαβαθμισμένη,8,1.2
συνεπές,8,1.2
απρόβλεπτων,8,1.2
παλαίωση,8,1.2
απομονώνω,8,1.2
τμηματοποίηση,8,1.2
τιτλοποιηση,8,1.2
αναληφθέντων,8,1.2
εισπράχθηκαν,8,1.2
προσομοιώσης,8,1.2
εκκαθάρισή,8,1.2
τελείως,8,1.2
εναντι,8,1.2
αναγνωριζόμενας,8,1.2
δανειοδοτών,8,1.2
277,8,1.2
286,8,1.2
διαχείρισης·,8,1.2
συγκρίσιμας,8,1.2
συμψηφιστεί,8,1.2
χρηματοδοτούμαι,8,1.2
καταπιστεύμα,8,1.2
γ6,8,1.2
αλληλεπικαλύπτω,8,1.2
ασυνήθεις,8,1.2
κατάσχω,8,1.2
οξύ,8,1.2
αξιόποινος,8,1.2
συλλεγεί,8,1.2
1250%,8,1.2
πολυετής,8,1.2
74/150/εοκ,8,1.2
τύπος(-οι,8,1.2
βαλβίδων,8,1.2
97/68/εκ·,8,1.2
δυναμοδότη,8,1.2
υψίστης,8,1.2
τοιχώμα,8,1.2
αγώγιμος,8,1.2
ανεφοδιασμός,8,1.2
ακμή,8,1.2
οπισθοπορεία,8,1.2
συμμετρία,8,1.2
30.9.2010,8,1.2
στατιστικά,8,1.2
πλεονάζονς,8,1.2
285/2014,8,1.2
ενωσιακης,8,1.2
διαπιστώσω,8,1.2
τεθεί·,8,1.2
βλήματα,8,1.2
κυλινδρικός,8,1.2
διαμήκη,8,1.2
80/181/εοκ,8,1.2
c·,8,1.2
υδρόμετρο,8,1.2
δονήσεις,8,1.2
ευνόητος,8,1.2
υπερφόρτιση,8,1.2
αυτόματο,8,1.2
κομίστρος,8,1.2
βλαβης,8,1.2
μετάγγιση,8,1.2
παραμέτρου,8,1.2
επιθεωρούνται,8,1.2
υπερθέρμανση,8,1.2
εργονομικός,8,1.2
ραδιοφάσμα,8,1.2
παρεμβολών,8,1.2
καταγράψουν,8,1.2
94/25/εκ,8,1.2
καταπόνηση,8,1.2
εφοδιαστικός,8,1.2
επικείμενων,8,1.2
ερευνής,8,1.2
βολιδοσκοπήσεις,8,1.2
τίτλοι·ς,8,1.2
μορφότυπου,8,1.2
πληροφορία·,8,1.2
εκπλειστηριαζόμενα,8,1.2
άδικος,8,1.2
96/61/εκ,8,1.2
25.10.2003,8,1.2
οεμ,8,1.2
προϋφιστάμενων,8,1.2
ποσοστο,8,1.2
κυβερνηση,8,1.2
εξασφαλίζονται,8,1.2
παρατηρήνω,8,1.2
διακανονισθεισων,8,1.2
διακρατηθηκε,8,1.2
επαναγοραστηκε,8,1.2
εφαρμοζεται,8,1.2
ενδιαμεσα,8,1.2
προβλεπομενη,8,1.2
εξελιγμενες,8,1.2
ειδων,8,1.2
εξωτερικη,8,1.2
διακανονισμού)·,8,1.2
αποτίμησης)·,8,1.2
αριθμητός,8,1.2
διαχωριώνσ,8,1.2
συσσωρευτικός,8,1.2
ca5,8,1.2
συνέσεως,8,1.2
ιδιαιτέρων,8,1.2
αντίθετο,8,1.2
απομειωνόταν,8,1.2
i)·,8,1.2
1.1.2.12,8,1.2
com,8,1.2
tsa)/εναλλακτικός,8,1.2
αυστηρότερες,8,1.2
επιβαλλόμενες,8,1.2
1.1.1.10.3,8,1.2
1.1.1.11.2,8,1.2
1.1.1.14.2,8,1.2
cet1·,8,1.2
ατ1·,8,1.2
ανασυγκροτώ,8,1.2
υποομίλος,8,1.2
προφανέστερα,8,1.2
δέντρου,8,1.2
οσε)/ανοίγματα,8,1.2
ανακατανέμω,8,1.2
e*he,8,1.2
ρίτο,8,1.2
εξοφλημένος,8,1.2
sett,8,1.2
διακρατηθέντος,8,1.2
επαναγορασθέντος,8,1.2
σταθμισμένοι,8,1.2
διατηρουνται,8,1.2
ισολογισμο,8,1.2
συντμήση,8,1.2
δανειοδότη·,8,1.2
προσέγγιση·,8,1.2
επαναδιαπραγμάτευσης·,8,1.2
υποκαταστατα,8,1.2
προσκτήσεις,8,1.2
λιανικη,8,1.2
huf,8,1.2
isk,8,1.2
pln,8,1.2
υποκεινται,8,1.2
030/040,8,1.2
χρυσος,8,1.2
357,8,1.2
διευρυμενη,8,1.2
ελεγμένο,8,1.2
ειδικο,8,1.2
ταμειακά,8,1.2
7.8(δ,8,1.2
1.54(ιδ,8,1.2
37.10,8,1.2
1.9(β,8,1.2
19.7,8,1.2
16.73(ε)(vii,8,1.2
38.118(ε)(vi,8,1.2
37.59,8,1.2
1.98(β)(στ)(ζ,8,1.2
36.126(α)(β,8,1.2
36.124,8,1.2
ε)(iv)(v,8,1.2
α)(β,8,1.2
1.82(δ,8,1.2
12.77,8,1.2
σωρευθείσα,8,1.2
λιανεμπόριο,8,1.2
32.οε,8,1.2
χορηγηθείσες,8,1.2
κινδύνου/,8,1.2
εξωτερικου,8,1.2
39.86(γ,8,1.2
1.51,8,1.2
2.15-16,8,1.2
2.132,8,1.2
συνταξιοδοτικά,8,1.2
32.34,8,1.2
χρωματικος,8,1.2
8)(α,8,1.2
11)-(12,8,1.2
bad.παθητικό(13,8,1.2
13.2,8,1.2
13.3,8,1.2
μισθωση,8,1.2
φυλαξη,8,1.2
31.1,8,1.2
41.1,8,1.2
44.2,8,1.2
γκρίζα,8,1.2
19.11(α,8,1.2
19.51(α,8,1.2
19.169(α,8,1.2
συσχετισθεί,8,1.2
επαναποκτήθηκαν,8,1.2
τόκους»·,8,1.2
εκτ].,8,1.2
εισπράξιμοι,8,1.2
δανειακες,8,1.2
μετρώνη,8,1.2
επανεπιμετρήσης,8,1.2
δομημενες,8,1.2
19.140,8,1.2
β)].,8,1.2
44.00,8,1.2
1.1.6,8,1.2
crm,8,1.2
σαουδικός,8,1.2
παιχνίδιο,8,1.2
1.1.1.1.4.3,8,1.2
1.1.1.1.5,8,1.2
1.1.2.1.4,8,1.2
1.1.2.1.4.3,8,1.2
1.1.2.1.5,8,1.2
1.2.1.4.3,8,1.2
f-irb,8,1.2
διαρκειας,8,1.2
εκπονούνται,8,1.2
4.α,8,1.2
ετήσιο,8,1.2
xxvii,8,1.2
θ)·,8,1.2
49·ς,8,1.2
υποβάλλοντες,8,1.2
bad.ενεργητικό(1,8,1.2
δπχας,8,1.2
εκτ]·,8,1.2
πιστώσεων»·,8,1.2
δανείων·,8,1.2
εξυπηρετούμενο·,8,1.2
ανασυσκευασία,8,1.2
40.1,8,1.2
14.3.2014,8,1.2
αραβικός,8,1.2
διαστασιολογημένο,8,1.2
εμβόλος,8,1.2
συναρμογή,8,1.2
αντίθλιψη,8,1.2
αναρρόφηση,8,1.2
cvt,8,1.2
γεωργικοί,8,1.2
ανεμιστήρας,8,1.2
διαταξη,8,1.2
μοτίβο,8,1.2
σκαριφήματα,8,1.2
ερπυστριοφόρος,8,1.2
παραλείπεται,8,1.2
πράξεις·,8,1.2
ad-hoc,8,1.2
αμερόληπτου,8,1.2
πριγκιπάτου,8,1.2
ανατρέπω,8,1.2
aml,8,1.2
ισοδύναμό,8,1.2
ασφαλιστηρίων,8,1.2
καταχωρισμένη,8,1.2
βελγίου,8,1.2
αντιπροέδρου,8,1.2
ορίο,8,1.2
μείγματα,8,1.2
ασταθέςς,8,1.2
έντομα,8,1.2
ιοειδή,8,1.2
ολιστικός,8,1.2
στρέφω,8,1.2
έγκαιρου,8,1.2
αρνήθηκε,8,1.2
αραβικά,8,1.2
εμιράτα,8,1.2
περιλαμβανόταν,8,1.2
αναδιαρθρώσεις,8,1.2
επιλέξιμας,8,1.2
2015/774,8,1.2
ρσδ,8,1.2
fma,8,1.2
μανιτόμπα,8,1.2
κεμπέκ,8,1.2
ομολόγων·,8,1.2
οαπι,8,1.2
9999-01-01,8,1.2
cpr,8,1.2
λιγότερος,8,1.2
κεφαλαιοποιημένας,8,1.2
μείωσε,8,1.2
κορυφαίος,8,1.2
υπερβάλλουσα,8,1.2
inflows,8,1.2
fei,8,1.2
αποκλειστούν,8,1.2
μοντέλο·,8,1.2
2.1.4.1.3,8,1.2
δυσμενέστερα,8,1.2
μηχανικώς,8,1.2
κατέρχω,8,1.2
αδιαλείπτως,8,1.2
εντοπίνω,8,1.2
ψυχρός,8,1.2
θερμών,8,1.2
επισώτρων,8,1.2
σιαγόνος,8,1.2
mm·,8,1.2
χρηματιστηριακά,8,1.2
συνέβαινε,8,1.2
c030·,8,1.2
c040·,8,1.2
περιβαλλοντικοί,8,1.2
καουτσούκ,8,1.2
ανόδου,8,1.2
πλούσες,8,1.2
σπογγώδους,8,1.2
σενίλλη,8,1.2
μπλούζα,8,1.2
φόδρα,8,1.2
σλιπ,8,1.2
φόρμα,8,1.2
νυχτικά,8,1.2
πιτζάμες,8,1.2
λουτρού,8,1.2
δωματίο,8,1.2
μεσοφόριο,8,1.2
πολυαιθυλένιο,8,1.2
πολυπροπυλένιο,8,1.2
στριμμένος,8,1.2
τάπητες,8,1.2
βελόνα,8,1.2
σχέδιο·,8,1.2
κάνναβη,8,1.2
απορρίμματα,8,1.2
στουπιά,8,1.2
επιχειρηματικοι,8,1.2
30.10.2014,8,1.2
+30,8,1.2
+357,8,1.2
myr,8,1.2
αντισυμβαλλόμενοι·,8,1.2
εξέδωσαν,8,1.2
συμφώνως,8,1.2
27.6.2014,8,1.2
αργεντινή,8,1.2
αιε,8,1.2
συμμετεχόντων·,8,1.2
σσσπ·ς,8,1.2
αλληλεξαρτήσεων,8,1.2
υποσυντονιστής,8,1.2
υποσυντονιστή,8,1.2
εγκεκριμένα,8,1.2
συντριπτικός,8,1.2
διασταυρώνω,8,1.2
προσέφερε,8,1.2
εργαλειων,8,1.2
συγκεντρωση,8,1.2
μορφοποίηση,8,1.2
1.2.1.6,8,1.2
1.1.2.2,8,1.2
ss.dddddd,8,1.2
δευτερολέπτου·,8,1.2
στρογγυλεύονται,8,1.2
euroswiss,8,1.2
gcf,8,1.2
bubor,8,1.2
σίτος,8,1.2
ουρία,8,1.2
υποσυστηματα,8,1.2
3.7,8,1.2
δηλητηρίαση,8,1.2
υποθετικά,8,1.2
αποτυχημένες,8,1.2
αντισυμβαλλομένων·,8,1.2
01.02,8,1.2
2016/1075,8,1.2
ζημιών·,8,1.2
99ε,8,1.2
ποσοστου,8,1.2
προσαυξήσεις,8,1.2
χρησιμοποιείται/-ούνται,8,1.2
μοίρες·,8,1.2
6.5.16,8,1.2
6.5.11ς,8,1.2
δυνατοτητα,8,1.2
β4.1.12,8,1.2
αλλαγώς,8,1.2
βαρέλιο,8,1.2
βαθμονομούνται,8,1.2
παραγωγων,8,1.2
λεωφορειακός,8,1.2
τιμολογίος,8,1.2
καννάβι,8,1.2
μελλοντοστραφής,8,1.2
εβδομάδα·,8,1.2
π.ε.δε.συς,8,1.2
2017/567,8,1.2
δημιουργούντας,8,1.2
γνωστοποιημένη,8,1.2
eru,8,1.2
αλγόριθμου,8,1.2
διαχωριζόμενα,8,1.2
επώνυμ,8,1.2
2017/784,8,1.2
αυτορρυθμιζόμενος,8,1.2
sro,8,1.2
ιατροτεχνολογικών,8,1.2
φαρμάκου,8,1.2
εμπειρογνώμονές,8,1.2
ανοσολογικός,8,1.2
μικροβιολογικός,8,1.2
καρκινογένεση,8,1.2
βλεννογόνος,8,1.2
στοματικός,8,1.2
2017/954,8,1.2
μέλος/-η,8,1.2
ακχα,8,1.2
9.4.3.5,8,1.2
7.24α(α,8,1.2
9.6,8,1.2
9.6.1,8,1.2
9.4.1.5,8,1.2
9.6.6.1,8,1.2
2.148,8,1.2
2.72,8,1.2
2.213-239,8,1.2
12.21(α)(iv,8,1.2
"9.6.5.15,.6.5.16",8,1.2
αποτιμώμενες,8,1.2
αντιλογισμών,8,1.2
συσσωρευμένης,8,1.2
επιμέτρησής,8,1.2
αναταξινομούνται,8,1.2
αναταξινομήσης,8,1.2
κόστους-τιμής,8,1.2
επιπέδες,8,1.2
uct,8,1.2
21.1.2017,8,1.2
συμβούλιο·,8,1.2
εναπομενουσα,8,1.2
040·,8,1.2
ενημερώσουμε,8,1.2
προσθέστε,8,1.2
παρέμεινε,8,1.2
19.10.2013,8,1.2
γιουγκοσλαβικής,8,1.2
εφάπτω,8,1.2
στενότερο,8,1.2
εύθραυστος,8,1.2
ημιρυμουλκούμενο,8,1.2
1009/2010,8,1.2
nox,8,1.2
αμαξιδίων,8,1.2
2.5.2,8,1.2
whtc,8,1.2
κανονισμού.»·,8,1.2
μεταλλαξιγένεση,8,1.2
φιλιππίνων,8,1.2
αναθέτοντος,8,1.2
0320,8,1.2
περικοπης,8,1.2
qtd,8,1.2
0020,8,1.2
καταχωρίζοντα,8,1.2
αδιάλυτη,8,1.2
κοινοποιούντος,8,1.2
εισπνέω,8,1.2
μώλωπες·,8,1.2
ερεθιστικός,8,1.2
αφορολόγητος,8,1.2
φοροτεχνικός,8,1.2
21/15,8,1.2
80/08,8,1.2
2.8.2013,8,1.2
2019/1156,8,1.2
21.11.2018,8,1.2
ασφαλειολήπτης,8,1.2
σμε,8,1.2
2019/815,8,1.2
θύελλα,8,1.2
υποενοτητα,8,1.2
προεξαγωγικός,8,1.2
εεδ,8,1.2
ηγετικός,8,1.2
48β,8,1.2
υποεπικεφαλίδα,8,1.2
2020/1229,8,1.2
διασπώμενης,8,1.2
2016/14,8,1.2
χρεογραφων,8,1.2
234i,8,1.2
14.01,8,1.2
srt,8,1.2
εξυπηρετουμενων,8,1.2
1.2.2.1.4,8,1.2
1.2.2.1.5,8,1.2
ελαχιστης,8,1.2
qccp,8,1.2
έκτο,8,1.2
0470-0510,8,1.2
άξονα/-ων,8,1.2
επαναλάβετε,8,1.2
εξοικονομήσεις,8,1.2
¶ρθρο,8,1.2
κατανοητή,7,1.05
24ας,7,1.05
επενδυμένος,7,1.05
πράξεων·,7,1.05
εξορυκτικός,7,1.05
σημαντικού,7,1.05
βραχύτερος,7,1.05
υπέρμετρα,7,1.05
καλωδιακή,7,1.05
ραδιοκυματική,7,1.05
κοινοποίησης·,7,1.05
συνελεύσεων,7,1.05
υποψιάζομαι,7,1.05
προληπτικάς,7,1.05
2004/8/εκ,7,1.05
21.7.1998,7,1.05
παραδειγμάτων,7,1.05
υπάρχουσες,7,1.05
επιλεγείσα,7,1.05
εντοπίσουν,7,1.05
συνήθεια,7,1.05
προμηθευθεί,7,1.05
τηλέφωνος,7,1.05
πληροφορίες·ς,7,1.05
σποραδικός,7,1.05
περιγράφονται,7,1.05
εποπτικα,7,1.05
καταβληθείσας,7,1.05
προνομίο,7,1.05
άυλη,7,1.05
διαμεσολαβητών,7,1.05
ενήργησαν,7,1.05
παραθέτο,7,1.05
κατώτερης,7,1.05
καταπίστευσης,7,1.05
ισοζύγιο,7,1.05
ειδη,7,1.05
παρατεταμένη,7,1.05
2086/2004,7,1.05
βρει,7,1.05
πολλές,7,1.05
θεωράνω,7,1.05
εισπραξιμότητα,7,1.05
απομειωμένο,7,1.05
αποπληρωμός,7,1.05
17-23,7,1.05
διακανονίζονται,7,1.05
αθετήνω,7,1.05
89-102,7,1.05
απομειωθεί,7,1.05
εξαφάνιση,7,1.05
μόνα,7,1.05
αποτιμηθούν,7,1.05
εκπνεύνω,7,1.05
επιδρά,7,1.05
προσεχές,7,1.05
δυνατότητάς,7,1.05
τεκμαρτών,7,1.05
διακεκριμένα,7,1.05
εύλογή,7,1.05
νμ80ς,7,1.05
απορροφάται,7,1.05
συγκρίσεων,7,1.05
λήξεως,7,1.05
υιοθετείται,7,1.05
αντιστάθμισής,7,1.05
στοιχειώδη,7,1.05
αντιλαμβάνομαι,7,1.05
αντλείται,7,1.05
τησ,7,1.05
16.6.2004,7,1.05
62.,7,1.05
πρίγκιπας,7,1.05
νικόλαος,7,1.05
τιμές·,7,1.05
λεγόμενος,7,1.05
2004/5/εκ,7,1.05
91/675/εοκ,7,1.05
αφορουν,7,1.05
ενάρξεως,7,1.05
διεπόμενες,7,1.05
11.8.1992,7,1.05
δεκτοί,7,1.05
συντομότερα,7,1.05
συνεταιριστικές,7,1.05
συνεργαζόμενος,7,1.05
–όπως,7,1.05
ομόφωνος,7,1.05
περιείχε,7,1.05
εκπλήρωσε,7,1.05
χαρακτηρισθεί,7,1.05
πραγματοποιώντας,7,1.05
κληθούν,7,1.05
πρωτοτύπος,7,1.05
αμείβω,7,1.05
προέγκριση,7,1.05
ηλιακός,7,1.05
παρακρατηθέντα,7,1.05
διανεμήθηκαν,7,1.05
εισπραχθέντων,7,1.05
προϋπάρχοντα,7,1.05
ενδοκοινοτικός,7,1.05
αμελητέα,7,1.05
ελκυστικός,7,1.05
κρατικοί,7,1.05
πραγμάτος,7,1.05
νομίμος,7,1.05
λογιστών,7,1.05
πρόσφορο,7,1.05
λ.χ.,7,1.05
πτυχίο,7,1.05
συλλέξει,7,1.05
κυρίου,7,1.05
αναδιατύπωσή,7,1.05
αποτραπούν,7,1.05
διατηρούμενων,7,1.05
πεδιο,7,1.05
επαναπώλησης·,7,1.05
σκοπίμως,7,1.05
χαρτοφυλακίος,7,1.05
καταταγεί,7,1.05
αγοράζομαι,7,1.05
μετακινώ,7,1.05
βάσεως,7,1.05
ενεργώς,7,1.05
εννοιολογικά,7,1.05
αντισταθμίσουν,7,1.05
εφ',7,1.05
διανεμώ,7,1.05
ερμηνευτικός,7,1.05
έθιγε,7,1.05
αντιδράσει,7,1.05
εξωχρηματιστηριακό,7,1.05
επιτυγχάνονταν,7,1.05
σύζυγος,7,1.05
αδυναμιών,7,1.05
ανάθεση·,7,1.05
καλόπιστα,7,1.05
33.,7,1.05
βέλτιστη,7,1.05
συχνότερη,7,1.05
εκδίδουσας,7,1.05
μορφές,7,1.05
σύναψής,7,1.05
συμβατική,7,1.05
σάββατο,7,1.05
εκφρασμένου,7,1.05
επαναπωλήζω,7,1.05
χρόνο,7,1.05
διαπραγματεύσιμη,7,1.05
ανελήφθη,7,1.05
μετρηθεί,7,1.05
δοσοληψία,7,1.05
έβδομης,7,1.05
καθοριζόμενη,7,1.05
εκτελώντας,7,1.05
οργανωμένο,7,1.05
μετοχή·,7,1.05
δημοσιοποιώνη,7,1.05
παρερμηνεία,7,1.05
μεριδίων·,7,1.05
φιλανθρωπικός,7,1.05
31βα,7,1.05
ενέκριναν,7,1.05
επέτρεπε,7,1.05
προσπελάσιμου,7,1.05
επιχειρείται,7,1.05
κατοίκους,7,1.05
σημειώματα,7,1.05
πάγιων,7,1.05
απλοποιημένης,7,1.05
viι,7,1.05
if_req_nav,7,1.05
ομόσπονδα,7,1.05
υπολειπόμενου,7,1.05
συστάσεως,7,1.05
επισφαλή,7,1.05
παλαιά,7,1.05
γραμμάτος,7,1.05
εκδιδόμενοι,7,1.05
νεοσύστατος,7,1.05
λήπτης,7,1.05
ανταλλασσόμενος,7,1.05
ecb_ofi1,7,1.05
μπλε,7,1.05
επανακατηγοριοποίηση,7,1.05
μηνιαίου,7,1.05
αντιπροσωπεία,7,1.05
επίθημα,7,1.05
διαβιβαζόμενων,7,1.05
plc,7,1.05
υπόθεμα,7,1.05
2007/9,7,1.05
αυτόνομα,7,1.05
πολυεθνικός,7,1.05
τεχνητά,7,1.05
ανακύψουν,7,1.05
νοητός,7,1.05
διαβιβαστούν,7,1.05
498/2007,7,1.05
πρωτότυπα,7,1.05
διαβεβαιώσεις,7,1.05
πιλοτικός,7,1.05
μίος,7,1.05
επιτεύγματα,7,1.05
αποσύρθηκαν,7,1.05
διδάγμα,7,1.05
αλληλοενημερώνω,7,1.05
καθιερώνεται,7,1.05
χιv,7,1.05
προσδιορισμος,7,1.05
άκρες,7,1.05
χρωμάτων,7,1.05
πλαισιώνω,7,1.05
αντικαταστάθηκαν,7,1.05
ελεγχου,7,1.05
ανταποκρίθηκαν,7,1.05
τηρήθηκαν,7,1.05
αρμοδίου,7,1.05
ολοκληρώθηκαν,7,1.05
εργαζομένου,7,1.05
ζημία·,7,1.05
παρούσες,7,1.05
ιστών,7,1.05
εικονόγραμμα,7,1.05
πιστοποιητικών·,7,1.05
διορισθέντων,7,1.05
κατασκευαζόμενος,7,1.05
έχει(-ουν,7,1.05
εκ.,7,1.05
γ1,7,1.05
γ2ς,7,1.05
e1,7,1.05
σχετικό(-ά,7,1.05
εναρμονισμένο(-α,7,1.05
κρίνεται,7,1.05
λαϊκής,7,1.05
αποκτώμενα,7,1.05
παγίων,7,1.05
παγίου,7,1.05
εταίρους,7,1.05
συμπληρώσουν,7,1.05
συναπόφαση,7,1.05
21.10.2006,7,1.05
προσαρμοσθούν,7,1.05
υπογράμμισαν,7,1.05
ευρωσυστήματος+,7,1.05
λίστα,7,1.05
μετρολογία,7,1.05
αιτήσεις,7,1.05
προηγηθεί,7,1.05
2185/96,7,1.05
επιτοπίως,7,1.05
15.1.2002,7,1.05
επαναταξινομήσεις,7,1.05
κεφαλαιοποιώ,7,1.05
παρατεταμένο,7,1.05
βαθμιαία,7,1.05
ρευμάτων,7,1.05
θεματικός,7,1.05
παρατεινόμενος,7,1.05
όγδοου,7,1.05
ενέχυρος,7,1.05
λυμάτων,7,1.05
συμφωνηθέν,7,1.05
διαθέσιμα·,7,1.05
δικαιωμα,7,1.05
εξαντλώ,7,1.05
κεφαλίδα,7,1.05
προσέθεσε,7,1.05
κυκλοφορούντων,7,1.05
κατοχυρωμένος,7,1.05
κυβικός,7,1.05
επικρατούσες,7,1.05
26-28,7,1.05
αποθέματα,7,1.05
άσχετα,7,1.05
αποκτός,7,1.05
ελέγχουσας,7,1.05
41·,7,1.05
κύριου-τροφοδοτικού,7,1.05
τες,7,1.05
προγραμματισμένης,7,1.05
εξακριβώσεων,7,1.05
αναθεωράνω,7,1.05
νυν,7,1.05
ιδρυθεί,7,1.05
αποκαλυφθούν,7,1.05
εμμένω,7,1.05
επιδίδομαι,7,1.05
διακόφω,7,1.05
τετραετία,7,1.05
σύνοδό,7,1.05
γενικής,7,1.05
αυτούσιος,7,1.05
εναρμονισμένου,7,1.05
εκφεύγω,7,1.05
προβάλω,7,1.05
επεμβαίνω,7,1.05
παραιτούμαι,7,1.05
διακανονισμοί,7,1.05
χωριστούς,7,1.05
συνεκτιμάται,7,1.05
γνωστοποιώντας,7,1.05
μισθοδοσία,7,1.05
συνέργεια,7,1.05
νομοθετήματα,7,1.05
μονίμως,7,1.05
κοπή,7,1.05
ηηε·,7,1.05
εμφυτεύσιμ,7,1.05
χρωματικός,7,1.05
χαλκός,7,1.05
λαμπτήρων,7,1.05
φωνητικός,7,1.05
λέιζερ,7,1.05
μετασχηματιστής,7,1.05
κύματος,7,1.05
ιχνηλασιμότητα·,7,1.05
10.10.2009,7,1.05
πρόσθετοι,7,1.05
ανταποκριτριών,7,1.05
fm,7,1.05
παραληφθεί,7,1.05
γνήσιος,7,1.05
εκκαθαριστής,7,1.05
ενδελεχής,7,1.05
τεκμηριώνεται,7,1.05
επιείκεια,7,1.05
περιθώρια,7,1.05
καλυμμένες,7,1.05
bbb,7,1.05
aaa,7,1.05
ανταποκρίτρια,7,1.05
ενεχύρο,7,1.05
στρογγυλοποιούνται,7,1.05
βββ,7,1.05
διαδικασία·,7,1.05
συναλλαγές·,7,1.05
πρόσωπό,7,1.05
καλύφθηκε,7,1.05
ελαφρυντικός,7,1.05
δεδικασμένος,7,1.05
παράτυπο,7,1.05
διαταχθεί,7,1.05
36ας,7,1.05
κοινοποιούσα,7,1.05
κοινολογηθώ,7,1.05
προστίμο,7,1.05
μήπως,7,1.05
παρέλθουν,7,1.05
εκουσίως,7,1.05
δίκτυα,7,1.05
καλλιτεχνικός,7,1.05
εγκαταάτσση,7,1.05
94.,7,1.05
παροπλισμός,7,1.05
φοροαπαλλαγή,7,1.05
πηγή·,7,1.05
πράσινη,7,1.05
δικαιοπρακτικός,7,1.05
παραπόνων,7,1.05
δευτερευόντων,7,1.05
συνεκτικά,7,1.05
βελτιωμένη,7,1.05
περικλείω,7,1.05
θίγομαι,7,1.05
χρεωκοπία,7,1.05
κοινοποιηθούν,7,1.05
αμφισημία,7,1.05
κλήση,7,1.05
σχεδιαγράμματα,7,1.05
διοικεί,7,1.05
οε99στ,7,1.05
τυχαία,7,1.05
βασιλειο,7,1.05
εγκαθίδρυση,7,1.05
γειτονικός,7,1.05
ευημερία,7,1.05
ευρύτερης,7,1.05
παγκόσμιου,7,1.05
αρμονικός,7,1.05
ομολόγους,7,1.05
συναλλαγματικοί,7,1.05
συναώνφ,7,1.05
μεταδοτικός,7,1.05
κοινοβουλευτική,7,1.05
επιδοσεις,7,1.05
2)·,7,1.05
σωλήνων,7,1.05
γρήγορος,7,1.05
επωφεληθεί,7,1.05
τριμήνου·,7,1.05
ασύμμετρη,7,1.05
12.3,7,1.05
συνταγή,7,1.05
ανακατατάσσει,7,1.05
επιμετρούνται,7,1.05
υιοθετούντες,7,1.05
εάν,7,1.05
δομημένοι,7,1.05
επενδυτες,7,1.05
εμφανίζομαι,7,1.05
ασυνεπής,7,1.05
αντιπροσώπευση,7,1.05
επιβεβαιώσω,7,1.05
συμπεριλάβετε,7,1.05
εξασφαλίζεται,7,1.05
6.2.1.1,7,1.05
311,7,1.05
αναπληρωτής,7,1.05
γραμματείς,7,1.05
κεφάλαιο·,7,1.05
6.2.2.1,7,1.05
καλαθία,7,1.05
λίτρων,7,1.05
118z,7,1.05
indicação,7,1.05
επιμέλειας·,7,1.05
μνημονίου,7,1.05
fsb,7,1.05
25·,7,1.05
γαλακτοκομικά,7,1.05
δασοκομικά,7,1.05
απέστειλε,7,1.05
φορολογούνταν,7,1.05
θεμιτών,7,1.05
1987,7,1.05
ανακτάται,7,1.05
217/03,7,1.05
χωρώ,7,1.05
διαφανείς,7,1.05
καιρό,7,1.05
9].,7,1.05
34.1,7,1.05
2006/502/εκ,7,1.05
επιστρεπτέων,7,1.05
αρμοδιοτή,7,1.05
εκπροσωπούμενου,7,1.05
κυριαρχείται,7,1.05
υιοθετούνται,7,1.05
σκοπούμενων,7,1.05
στελέχους,7,1.05
πληροφοριων,7,1.05
ταυτότητά,7,1.05
πλήξουν,7,1.05
αποδειχθούν,7,1.05
κινητοποιώ,7,1.05
ευρημάτων,7,1.05
καθοδηγώ,7,1.05
συμβουλό,7,1.05
δυαδικός,7,1.05
εξηκοστής,7,1.05
εθελοντικά,7,1.05
καταγραφόμενο,7,1.05
in-the-money,7,1.05
μέσον,7,1.05
ασυνήθιστα,7,1.05
κατεπείγοντος,7,1.05
μυστικός,7,1.05
προταθούν,7,1.05
προέβλεψε,7,1.05
ημιτελέςς,7,1.05
διευθυντήριοι,7,1.05
σφόνδυλος,7,1.05
συνεργάζονται,7,1.05
οδηγού·,7,1.05
προφυλακτήρες,7,1.05
προσώπου(-ων,7,1.05
αληθή,7,1.05
επανέκδοση,7,1.05
ενημερωμένης,7,1.05
ημιτελές,7,1.05
εφαρμογήν,7,1.05
ατέλεια,7,1.05
διαπιστευμένη,7,1.05
2009/64/εκ,7,1.05
17.12.1997,7,1.05
30.7.2009,7,1.05
9.10.2007,7,1.05
rvcr,7,1.05
περιστροφικός,7,1.05
αζώτου,7,1.05
ελαίου,7,1.05
ημιτελή,7,1.05
76.,7,1.05
αρμπιτράζς,7,1.05
συγκεντρώση,7,1.05
παράπλευρα,7,1.05
καθαυτή,7,1.05
μεταβιβαζόντων,7,1.05
πληρείται,7,1.05
λαβαίνω,7,1.05
καν,7,1.05
καθοριζόμενων,7,1.05
επενδυτή·,7,1.05
ελαχιστοποιήνω,7,1.05
κλειδώματος,7,1.05
ομαλή,7,1.05
αφήστε,7,1.05
ταμειακής,7,1.05
παρέχοντας,7,1.05
διασφαλισμένος,7,1.05
δυσανάλογο,7,1.05
αποφασίστηκε,7,1.05
προοπτικών,7,1.05
2003/71/εκ·,7,1.05
8γ,7,1.05
εργαλείων,7,1.05
οπουδήποτε,7,1.05
δημοσιοποιήση,7,1.05
παρελθοντικός,7,1.05
αντιδιαστολή,7,1.05
καταβληθής,7,1.05
κινήτρος,7,1.05
εσόδων-εξόδων,7,1.05
εκδίδοντος,7,1.05
ενυπόθηκες,7,1.05
μισθωτή,7,1.05
πιστούχους,7,1.05
αδικαιολόγητα,7,1.05
διαβαθμισης,7,1.05
πιστούχο,7,1.05
επίκαιρος,7,1.05
παρατηρηθείσες,7,1.05
ενταγμένος,7,1.05
συμβάσεις-πλαίσια,7,1.05
αλληλεπικαλυπτόμενος,7,1.05
epe,7,1.05
δέλτα-ισοδύναμη,7,1.05
πολύτιμων,7,1.05
287,7,1.05
μεγαλύς,7,1.05
αλγεβρικός,7,1.05
προκαταβεβλημένες,7,1.05
χορηγήσεις,7,1.05
κατάστασή,7,1.05
καθυστερημένες,7,1.05
66.,7,1.05
χρηματοδοτούμενων,7,1.05
μόχλευσής,7,1.05
παγκόσμιας,7,1.05
αποδεδειγμένο,7,1.05
173,7,1.05
πελάτα,7,1.05
καμπύλα,7,1.05
δημόσιοι,7,1.05
2533/98,7,1.05
προδρόμων,7,1.05
χρησιμοποιήθηκε,7,1.05
ναρκωτικών,7,1.05
28.11.2001,7,1.05
διακριτότητα,7,1.05
λήξεις,7,1.05
εναπομείναντα,7,1.05
αντιδραστήριο,7,1.05
ψυχόμενος,7,1.05
θερμής,7,1.05
ηλεκτρικά,7,1.05
κάλυμμα,7,1.05
καλύμμα,7,1.05
πάσα,7,1.05
φωτίζων,7,1.05
ομίχλη,7,1.05
πρόσθια,7,1.05
8]·,7,1.05
στερεός,7,1.05
καμπυλότητα,7,1.05
β4,7,1.05
31.8.2010,7,1.05
σχεδιαστούν,7,1.05
αναστολών,7,1.05
στηρίσσω,7,1.05
απομειώσεις,7,1.05
συνθέσεων,7,1.05
επικοινωνίας·,7,1.05
συμμορφούμενες,7,1.05
τηλεματικός,7,1.05
σηματοδότες,7,1.05
χρησιμοποιηθούν·,7,1.05
διατομή,7,1.05
δοχεία,7,1.05
καταπονήσεις,7,1.05
χειριστών,7,1.05
τοιχώματος,7,1.05
τηλεπικοινωνιών,7,1.05
φαινόμενος,7,1.05
εγκατάσταση·,7,1.05
συσκευή·,7,1.05
2009/23/εκ,7,1.05
πληρωτέας,7,1.05
μηδενισμός,7,1.05
5.4,7,1.05
διαγράμμα,7,1.05
ελαττωμάτων,7,1.05
εμφανή,7,1.05
τυπωμένος,7,1.05
εναρμονισμένο,7,1.05
χιλιόγραμμα,7,1.05
mwh,7,1.05
ζ.,7,1.05
παρίσταμαι,7,1.05
πληρώσεως,7,1.05
τάνυσμα,7,1.05
ορόφος,7,1.05
σταματά,7,1.05
3.4.1,7,1.05
ασφαλέσς,7,1.05
μεταχειρισμένο,7,1.05
εισαγάγουν,7,1.05
τομογραφία,7,1.05
στοιχεία,7,1.05
ελαχιστοποιηθούν,7,1.05
προσεγγίσεωνς,7,1.05
οφειλετών,7,1.05
αποδεχθεί,7,1.05
μπόρεσε,7,1.05
ανωνυμία,7,1.05
επανάληψή,7,1.05
2006/43/εκ·,7,1.05
ευρημάτο,7,1.05
δημοσία,7,1.05
υπονόμευση,7,1.05
αιτηθεί,7,1.05
δι,7,1.05
πληροφοριοδότης,7,1.05
ευχέρεια·,7,1.05
διερευνητικός,7,1.05
ακυρωμένος,7,1.05
430,7,1.05
εξάμηνο·,7,1.05
ενοποιημενη,7,1.05
μονάδες·,7,1.05
επαρκεια,7,1.05
επιχειρηματικη,7,1.05
δραστηριοτητα,7,1.05
ατομικο,7,1.05
0%,7,1.05
ετος-2,7,1.05
πωληση,7,1.05
εσωτερικη,7,1.05
χωρο,7,1.05
εργασιας,7,1.05
προιοντα,7,1.05
περιουσιακα,7,1.05
διακοπη,7,1.05
δραστηριοτητασς,7,1.05
δυσλειτουργια,7,1.05
εκτελεση,7,1.05
παραδοση,7,1.05
χαμηλοτερο,7,1.05
υψηλοτερο,7,1.05
"12,0",7,1.05
αιγύπτου,7,1.05
λίτας,7,1.05
δηνάριος,7,1.05
sft,7,1.05
47·,7,1.05
δεύτερου,7,1.05
)-1,7,1.05
διαβαθμιση,7,1.05
προσεγγιση,7,1.05
110-130,7,1.05
κατοικιών·,7,1.05
εφαρμοστηκε,7,1.05
αφιερωμένη,7,1.05
050/060,7,1.05
280-300,7,1.05
021/022,7,1.05
020-040,7,1.05
15(β,7,1.05
37.προσάρτημα,7,1.05
39.102(α,7,1.05
7.24,7,1.05
1.35(δ,7,1.05
7.37(β,7,1.05
7.42δ.(ε,7,1.05
2.90,7,1.05
κοινοπραξίες,7,1.05
"36.126(α),(β",7,1.05
36.10β,7,1.05
36.88-99,7,1.05
12.b26(β,7,1.05
12.b26.(ε,7,1.05
12.12(α,7,1.05
21(α)(i,7,1.05
12.12.(β,7,1.05
21.(α).(iii,7,1.05
12.10(α)(iς,7,1.05
12.21(β,7,1.05
c.,7,1.05
40.76(δ,7,1.05
78(ε,7,1.05
1.106(α,7,1.05
32.33ς,7,1.05
1.106.(δ,7,1.05
1.81a.(γ,7,1.05
κεφαλαιων,7,1.05
ιεραρχια,7,1.05
ειλημμένες,7,1.05
χαρτοφυλάκια·,7,1.05
26.00,7,1.05
δικαίο,7,1.05
εμπιπτουν,7,1.05
εποπτικης,7,1.05
"lrcalc,020,3",7,1.05
αντισυμβαλλόμενο,7,1.05
μορφώμα,7,1.05
1.1.1.2,7,1.05
εξαιρουνται,7,1.05
1.9.1,7,1.05
4.10,7,1.05
1.2.2.1.1,7,1.05
1.2.2.1.2,7,1.05
γραμμης,7,1.05
μακροπρόθεσμη,7,1.05
ενεχυριάσεις,7,1.05
φράγκος,7,1.05
διύλιση,7,1.05
ανέλθουν,7,1.05
εμε,7,1.05
ισομερώς,7,1.05
κατόπτρων,7,1.05
προβολέας,7,1.05
πιστωση,7,1.05
16.00,7,1.05
υπο-ομίλων,7,1.05
κκα)/ανοιγμάτων,7,1.05
απώτερα,7,1.05
εκτιμωμενη,7,1.05
13.93,7,1.05
σημείων,7,1.05
άργυρο,7,1.05
νιf,7,1.05
δανείστηκαν,7,1.05
16.1,7,1.05
παραχωρηθεί,7,1.05
7.20.(γ).(i)].,7,1.05
ακίνητα·,7,1.05
ευνοϊκότερων,7,1.05
αναχρηματοδοτημένος,7,1.05
1422,7,1.05
80/1269/εοκ,7,1.05
2005/78/εκ,7,1.05
τροποποιηθούν,7,1.05
υδραυλική,7,1.05
άξονα(-ες,7,1.05
ινώδη,7,1.05
υποστηρίγμα,7,1.05
κρίκος,7,1.05
λωρίδα,7,1.05
στηριγμάτων,7,1.05
5.3.2,7,1.05
λαδιού,7,1.05
συμβαλλόμενα,7,1.05
γραμματοσειρά,7,1.05
αμαξώματο,7,1.05
20.3.2014,7,1.05
εγκαταστάσεως,7,1.05
0240,7,1.05
δηλούντων,7,1.05
πρόσωπα,7,1.05
κατόχου,7,1.05
προϋπαρχόντων,7,1.05
kyc,7,1.05
χρηματοοικονομικούς,7,1.05
συμμετέχοντες·,7,1.05
διορίστηκε,7,1.05
λέβητης,7,1.05
δίσκος,7,1.05
31.12.2008,7,1.05
2.2.1,7,1.05
—ή,7,1.05
καθορίζονται,7,1.05
ερρο,7,1.05
κρυοσυντήρηση,7,1.05
νόσους,7,1.05
σμέουρου,7,1.05
ετκε,7,1.05
ηη,7,1.05
εντοπισθείσες,7,1.05
γρήγορο,7,1.05
εσωτερικοποιητές,7,1.05
παραπεμφθεί,7,1.05
οντότητής,7,1.05
λαμβάνον,7,1.05
προχρηματοδότηση,7,1.05
προτεραιότητά,7,1.05
τοποθεσιών,7,1.05
2015/5,7,1.05
υποβαλλόμενων,7,1.05
απόσχω,7,1.05
msc,7,1.05
2015/3,7,1.05
πολυκατοικία,7,1.05
ενοικίο,7,1.05
τοκοφόρων,7,1.05
διαχειριστή·,7,1.05
2α·,7,1.05
εκταμιευθούν,7,1.05
28.2.2014,7,1.05
φιλοκυκλικός,7,1.05
dan,7,1.05
στάθμευσης,7,1.05
—όπως,7,1.05
2.2.1.29.2,7,1.05
1:2007,7,1.05
1.2.1.2,7,1.05
—εκτός,7,1.05
άκρος,7,1.05
εκδοθηκαν,7,1.05
ενεχυριαστει,7,1.05
πηγες,7,1.05
περιλαμβάνονται,7,1.05
παρακρατείται,7,1.05
αποαναγνωριστώ,7,1.05
επιβαρυνθούν,7,1.05
τιτλοποιήσεων·,7,1.05
κλιμακίος,7,1.05
βεβαρημένη,7,1.05
1ος,7,1.05
προτεινόταν,7,1.05
υπέβαλε,7,1.05
ανασφάλεια,7,1.05
διανομής·,7,1.05
12.12.2014,7,1.05
επανεισαγωγή,7,1.05
άνδρες,7,1.05
τόπιο,7,1.05
ενδύματος,7,1.05
επιχρισμένος,7,1.05
ινών,7,1.05
λαιμός,7,1.05
ima,7,1.05
διαπραγμάτευση”·,7,1.05
πιστώσεων”·,7,1.05
ενεργητικοy,7,1.05
κυκλοφορούντος,7,1.05
μετάρλω,7,1.05
2015/1556,7,1.05
επιχειρηματίης,7,1.05
λαϊκή,7,1.05
ομοσπονδιακό,7,1.05
9.6.2015,7,1.05
εισαγγελικός,7,1.05
806/2014·,7,1.05
παραδεκτός,7,1.05
συνάδελφος,7,1.05
βερμούδων,7,1.05
αυτορύθμιση,7,1.05
sra,7,1.05
μακροζωία,7,1.05
θεσπίσθηκε,7,1.05
συμπληρώζω,7,1.05
ανέκυψε,7,1.05
προέβαλε,7,1.05
κενές,7,1.05
76.00,7,1.05
1.1.1.1,7,1.05
1.1.2.2.2,7,1.05
r260,7,1.05
υποσύνολα·,7,1.05
nibo,7,1.05
wibo,7,1.05
trea,7,1.05
fusw,7,1.05
σιτηρά,7,1.05
βραχίονας,7,1.05
παράγοντες·ς,7,1.05
στερεού,7,1.05
ιοντίζουσας,7,1.05
βάθους,7,1.05
22.5.2014,7,1.05
"260,010",7,1.05
2016/445,7,1.05
2016/4,7,1.05
164α,7,1.05
υστερων,7,1.05
0διάρκεια,7,1.05
εκκρεμεί,7,1.05
ύποπτου,7,1.05
κυριότερες,7,1.05
σταθεροποίησης·,7,1.05
ευνοϊκά,7,1.05
2016/1401,7,1.05
διορθωθούν,7,1.05
μεσοπρόθεσμης,7,1.05
4.3.3,7,1.05
7.1.1,7,1.05
7.2.1,7,1.05
σμ100,7,1.05
κατασχεθέντων,7,1.05
imv,7,1.05
eurostoxx,7,1.05
ημερολόγιο,7,1.05
ουγγιές,7,1.05
ζευγών,7,1.05
ψύκτης,7,1.05
wol,7,1.05
εποπτικες,7,1.05
2014/96/εε,7,1.05
διευκρίνισε,7,1.05
συνεκδικασθείσες,7,1.05
αγοράς-στόχος,7,1.05
2017/105,7,1.05
υποεκτίμησης,7,1.05
συνεργάστηκε,7,1.05
γνωμοδοτήσεις·,7,1.05
διαδικασιών·,7,1.05
υπάρχει/-ω,7,1.05
κατ-εκδότη,7,1.05
c0040,7,1.05
συμμετέχοντος·,7,1.05
άνοδος,7,1.05
τοπους,7,1.05
εύρυθμες,7,1.05
υποβάλλουσα,7,1.05
απιστία,7,1.05
γνωστοποίησε,7,1.05
2017/575,7,1.05
στοπ,7,1.05
χρηματική,7,1.05
διαχειρίσιμος,7,1.05
2017/589,7,1.05
etn,7,1.05
κανονίζω,7,1.05
προσφορών,7,1.05
επιτοκιο,7,1.05
11.8.2012,7,1.05
a4,7,1.05
υπερτερώ,7,1.05
προνομιούχων,7,1.05
2001/83/eκ,7,1.05
93/42/eοκ,7,1.05
2015/1535,7,1.05
ανήλικος,7,1.05
2004/23/εκ,7,1.05
οποιανδήποτε,7,1.05
ιοντίζουσες,7,1.05
συσκευάζω,7,1.05
4.8,7,1.05
αρτηρία,7,1.05
εγκέφαλος,7,1.05
σκε,7,1.05
είι,7,1.05
akxa,7,1.05
2017/1443,7,1.05
2.13,7,1.05
"7.24γ(β)(i),.24e(α",7,1.05
β5.4.9,7,1.05
εναπομένουσες,7,1.05
2.173(α,7,1.05
2.183-184,7,1.05
.ba.1,7,1.05
2.311(β,7,1.05
11.3.1,7,1.05
δημιουργόμενης,7,1.05
2017/1943,7,1.05
2017/1944,7,1.05
εισπραχθείσα,7,1.05
080·,7,1.05
προσυμπτωματικός,7,1.05
περιμέτρος,7,1.05
270α,7,1.05
διασυνδεσιμότητα,7,1.05
αναδιαρθρωμένος,7,1.05
ανανεώσει,7,1.05
πρότερης,7,1.05
επικρατέστερων,7,1.05
ημερομηνία/-ες,7,1.05
2018/633,7,1.05
γεννητικός,7,1.05
2.4.2,7,1.05
αυτί,7,1.05
τόνους·,7,1.05
απώτατος,7,1.05
7.7.2017,7,1.05
13-h.,7,1.05
1008/2010,7,1.05
70/157/εοκ,7,1.05
αμαξίδιο,7,1.05
16.06,7,1.05
δοκιμάστηκαν,7,1.05
μετρο,7,1.05
συνεισφέροντος,7,1.05
οικοτοξικολογικός,7,1.05
προσρόφηση,7,1.05
τοξικοκινητικός,7,1.05
q)sar,7,1.05
θραύσμα,7,1.05
πνεύμονας,7,1.05
εξέπεσαν,7,1.05
être,7,1.05
soit,7,1.05
sont,7,1.05
1247/2002/εκ,7,1.05
ομαδοποιημένου,7,1.05
τρίτου,7,1.05
ασφαλίσεω,7,1.05
εύχρηστος,7,1.05
αποταμιευτών,7,1.05
2020/1689,7,1.05
vix,7,1.05
0313,7,1.05
79/2019,7,1.05
δευτεροφειλέτος,7,1.05
αναγράψτες,7,1.05
αναγράπω,7,1.05
αριθμός/-οίς,7,1.05
κινητή,7,1.05
2019/2033,7,1.05
430α,7,1.05
μεταγενέστερή,7,1.05
0281,7,1.05
429ζ,7,1.05
428λγ,7,1.05
428ιθ,7,1.05
428λθ,7,1.05
έκτακτη,7,1.05
αριθμός/-οί,7,1.05
πίεση/-εις,7,1.05
υλικό/-ά,7,1.05
2019/1238·,7,1.05
εκκαθαρισθούν,7,1.05
μετα-συναλλακτικός,7,1.05
23.12.2003,6,0.9
χρειαστούν,6,0.9
μεθοδολογικός,6,0.9
3.3.3,6,0.9
πεπεισμένος,6,0.9
αμελητέος,6,0.9
σχετιζόμενου,6,0.9
τυπολογία,6,0.9
ακάλυπτης,6,0.9
ευθέτω,6,0.9
ελεγκτός,6,0.9
αμοιβής,6,0.9
2001/34/εk,6,0.9
αποτελεσματικότερα,6,0.9
επαφίω,6,0.9
επείγουσες,6,0.9
αντιπροσωπευόμενος,6,0.9
ψήφου·,6,0.9
ισόβιος,6,0.9
αυτόν·ς,6,0.9
αυτές·,6,0.9
κωλύω,6,0.9
διαβουλευθεί,6,0.9
ενημερώτω,6,0.9
37·,6,0.9
προταθεί,6,0.9
2003/71/eκ·,6,0.9
απαριθμεί,6,0.9
δημοσιευση,6,0.9
κινητού,6,0.9
διπλώματα,6,0.9
ασυνήθη,6,0.9
διαχειριστικα,6,0.9
οργάνων·,6,0.9
ετερόρρυθμης,6,0.9
τρεχόντων,6,0.9
συμπληρωματικες,6,0.9
συμφεροντων,6,0.9
δικαίωμα·,6,0.9
προοριζόταν,6,0.9
τοποθετήνω,6,0.9
ελέγχνω,6,0.9
δημοσιευμένων,6,0.9
λιγότερων,6,0.9
ενημερωθούν,6,0.9
εκδοση,6,0.9
παριστώμενων,6,0.9
ελεγχόμενων,6,0.9
σύστημα·,6,0.9
παράγωγα·,6,0.9
προσθετων,6,0.9
δαπανηρός,6,0.9
επιτοκιακός,6,0.9
γεωλογικός,6,0.9
σύντομα,6,0.9
εξατομικευμένων,6,0.9
προσδιοριστέες,6,0.9
καταβολής,6,0.9
κυρίων,6,0.9
εκχωρητήςς,6,0.9
περιγράφηκαν,6,0.9
παρατηρήσιμων,6,0.9
προεξοφλημένος,6,0.9
αξιολογήθηκε,6,0.9
89α,6,0.9
σωρευμένο,6,0.9
κριθούν,6,0.9
επανεκτιμώ,6,0.9
δεικτοποιημένη,6,0.9
συμβαλλομένου,6,0.9
παραιτείτο,6,0.9
διπλούν,6,0.9
εξαρτώμενων,6,0.9
συμφέρων,6,0.9
επουσιώδης,6,0.9
καταλληλότερα,6,0.9
εξαγοραστεί,6,0.9
49.,6,0.9
ευθυγραμμισμένος,6,0.9
επιμετρήζω,6,0.9
81a,6,0.9
προσδιορίνω,6,0.9
συμπέρανε,6,0.9
εξατομικεύω,6,0.9
αποτυχημένος,6,0.9
υποπαράγραφος,6,0.9
υποκαταστήνω,6,0.9
ενσωματώνεται,6,0.9
7.6.2004,6,0.9
μισθωμένες,6,0.9
αποφανθεί,6,0.9
s,6,0.9
αδόμητος,6,0.9
απαριθμώ,6,0.9
σετ,6,0.9
απονέμω,6,0.9
2004/9/εκ,6,0.9
2004/6/εκ,6,0.9
επιφορτίζω,6,0.9
μερίδιό,6,0.9
ανήλθαν,6,0.9
απασχολούμενος,6,0.9
νόμοι,6,0.9
ιστορικο,6,0.9
48α,6,0.9
υποπαράγραφο,6,0.9
οε99b,6,0.9
αναγνωρισθέν,6,0.9
ακαδημαϊκός,6,0.9
συμπεριλαμβανόμενων,6,0.9
εξουδετερώνω,6,0.9
έλαβε,6,0.9
παρακινώ,6,0.9
πλεονεκτήματα,6,0.9
θεσπίσθηκαν,6,0.9
αποτελέσμας,6,0.9
95.,6,0.9
ανεπηρέαστος,6,0.9
βρουν,6,0.9
εξαιρέσουν,6,0.9
ελέγχους·,6,0.9
διαδικασίες·,6,0.9
γράφω,6,0.9
γραφεία·ς,6,0.9
πόρους·,6,0.9
χρόνο·,6,0.9
γραφείων·,6,0.9
αντιστοίχων,6,0.9
παραδείγματι,6,0.9
στενής,6,0.9
αμελητέες,6,0.9
απόψη,6,0.9
ανταλλαγεί,6,0.9
αντισυμβαλλόμενός,6,0.9
ενεχυριάζω,6,0.9
–ή,6,0.9
καλύπτουσα,6,0.9
επιχειρήσεων·,6,0.9
διασαφήνιση,6,0.9
απαριθμούμενα,6,0.9
ουδέποτε,6,0.9
αντιστοιχίσεις,6,0.9
παρόλα,6,0.9
μοχλευμένων,6,0.9
κατατεθειμένων,6,0.9
ων,6,0.9
απομένουσα,6,0.9
μετρά,6,0.9
ανεπαρκέςς,6,0.9
παρέμεναν,6,0.9
άρουν,6,0.9
συνομολογώ,6,0.9
τέλει,6,0.9
αξιολόγηση·,6,0.9
υπόδειγμα·,6,0.9
αναιρώ,6,0.9
απαιτήζω,6,0.9
részvénytársaság,6,0.9
προφανώς,6,0.9
προμηθειά,6,0.9
διαπραγματευτεί,6,0.9
τηλεοπτικός,6,0.9
ραδιοφωνικός,6,0.9
ακριβείς,6,0.9
τέκνο,6,0.9
κατάστασής,6,0.9
ανεκτός,6,0.9
νόημα,6,0.9
σαφήνεια·,6,0.9
υπερβαίνουσα,6,0.9
ομαδοποάιλω,6,0.9
ομαδοποιεί,6,0.9
αντιμετωπισθεί,6,0.9
συγκατατίθω,6,0.9
2002/10,6,0.9
αποκάλυψή,6,0.9
ον,6,0.9
χ.,6,0.9
κρατούσες,6,0.9
παρελθόντας,6,0.9
ετε,6,0.9
ευρωσυστή-ματος,6,0.9
προεξοφλητικοί,6,0.9
καταθετής,6,0.9
εγγυητικοί,6,0.9
συμμετεχουσών,6,0.9
πραγματοποιηθέντας,6,0.9
κεντρικής,6,0.9
περιλαμβάνουν,6,0.9
συμφωνούμενος,6,0.9
repurchase,6,0.9
συναλλαγματική,6,0.9
αποτελούμενα,6,0.9
αποτίμησής,6,0.9
μεταλλευτικός,6,0.9
υπερπληθωρισμός,6,0.9
ανταλλάχνω,6,0.9
αγοράς-επαναπώλησης,6,0.9
προσβάσιμο,6,0.9
διαβιβάσει,6,0.9
διαύλους,6,0.9
εκτελεσθεί,6,0.9
μετακύλιση,6,0.9
αναλώσιμος,6,0.9
παραχωρήθηκαν,6,0.9
διαφημίση,6,0.9
29βα,6,0.9
εστάλη,6,0.9
αποθηκευμένες,6,0.9
κόστους-οφέλους,6,0.9
ωριμότητα,6,0.9
ειδίκευση,6,0.9
νομίσματα·,6,0.9
ρευστοποιήσιμοι,6,0.9
σαφός,6,0.9
παρέλαβαν,6,0.9
2000/46/εκ,6,0.9
αναλυόμενος,6,0.9
τετάρτου,6,0.9
πληροφοριακά,6,0.9
διαφορετικοί,6,0.9
διορθωμένων,6,0.9
ξένα,6,0.9
αναθεωρήσει,6,0.9
εα,6,0.9
επανακατηγοριοποίησης,6,0.9
υπερανάληψη,6,0.9
έκλεισε,6,0.9
ανταλλάξω,6,0.9
bsi,6,0.9
διασπάσεις,6,0.9
απαλειώνφ,6,0.9
περιγραφόμενα,6,0.9
διαγεγραμμένου,6,0.9
ltd,6,0.9
non_mfi_id,6,0.9
ισχύει·,6,0.9
αποτυγχάνω,6,0.9
μεταβλητές,6,0.9
ηλεκτρομηχανικός,6,0.9
διακριτή,6,0.9
subordinated,6,0.9
υποστηρίζεται,6,0.9
αναφορή,6,0.9
αναπροσαρμογής·,6,0.9
άτυπη,6,0.9
εξαρτά,6,0.9
διατυπώσεων,6,0.9
τόνωση,6,0.9
παράκτιος,6,0.9
μεσοπρόθεσμων,6,0.9
πρωτοκόλλος,6,0.9
δεξιοτήτων,6,0.9
επιλέχθηκε,6,0.9
εξουσιοδοτημένων,6,0.9
τυχαίου,6,0.9
24].,6,0.9
προγραμμα,6,0.9
ουρανός,6,0.9
χρυσά,6,0.9
αναπροσανατολισμός,6,0.9
τουρισμός,6,0.9
λειτούργησαν,6,0.9
πιστοποιηθεισών,6,0.9
ετησια,6,0.9
εκθεση,6,0.9
παράσταση,6,0.9
καθορισθείσα,6,0.9
εργαζομένος,6,0.9
έσοδά,6,0.9
αναλήφθηκε,6,0.9
αποκαλύψει,6,0.9
προσαρμόζεται,6,0.9
διαπίστευσης·,6,0.9
θεσμοθετείται,6,0.9
πρότυπο(-α,6,0.9
παραγόμενης,6,0.9
ινστιτούτο,6,0.9
ορκωτών,6,0.9
κερδών·,6,0.9
εξαιρέσω,6,0.9
vennootschap,6,0.9
λουξεμβουργιανός,6,0.9
23.2.2007,6,0.9
τηρούμενοι,6,0.9
τιτλοποιούμενος,6,0.9
τιτλοποιούμενα,6,0.9
ειδικότερος,6,0.9
απουσιάζω,6,0.9
αεροπορία,6,0.9
1605/2002,6,0.9
εγκαθίσταμαι,6,0.9
δρομολογούνται,6,0.9
αρχη,6,0.9
τμηματικός,6,0.9
οικοδομικός,6,0.9
ολοκληρωμένων,6,0.9
υιοθετώνς,6,0.9
μετρητοίςς,6,0.9
συναφείς,6,0.9
εσοχπ,6,0.9
ανταμείβω,6,0.9
τεχνικών,6,0.9
καθορισμένης,6,0.9
1289/2008,6,0.9
5β,6,0.9
19.12.2008,6,0.9
καραϊβική,6,0.9
πραξικόπημα,6,0.9
μαυριτανικός,6,0.9
εκλογικός,6,0.9
αυτοδικαίως,6,0.9
χρησιμεύσουν,6,0.9
μοτοσυκλετών,6,0.9
παντού,6,0.9
16a,6,0.9
ανακατατάσνω,6,0.9
22a,6,0.9
σταθεροποιώ,6,0.9
δημοσιοποιήθηκαν,6,0.9
απάλειψε,6,0.9
41γ,6,0.9
παγίο,6,0.9
ενος,6,0.9
αναπροσαρμοσμένη,6,0.9
σταδίων,6,0.9
συμφωνία·,6,0.9
ταξινομήθηκε,6,0.9
επέτρεπαν,6,0.9
αναγνωριζόταν,6,0.9
2010/5,6,0.9
διενεργώντας,6,0.9
ασφαλείς,6,0.9
εκπρόθεσμες,6,0.9
υπονομεύζω,6,0.9
αδικαιολόγητων,6,0.9
καταγεγραμμένων,6,0.9
εντολές·,6,0.9
εξακριβώσουν,6,0.9
εκτέλεσαν,6,0.9
εχεμύθεια,6,0.9
ισχύον,6,0.9
επικοινωνήσουν,6,0.9
τροφοδοτικόςς,6,0.9
θεματοφύλακες,6,0.9
άλλο·,6,0.9
κοινοποιησης,6,0.9
συνέχεια·,6,0.9
ελάχιστονς,6,0.9
βοηθούνται,6,0.9
δημοσιεύεται,6,0.9
πραγματικοί,6,0.9
πολύπλοκη,6,0.9
διαβίβασαν,6,0.9
εξεταστικός,6,0.9
υλικοτεχνικός,6,0.9
θεσπιστούν,6,0.9
προερχόμενου,6,0.9
ευπάθεια,6,0.9
διορίνω,6,0.9
ηγέτης,6,0.9
δεσμεύτηκαν,6,0.9
κζ,6,0.9
παραβεί,6,0.9
μονίμου,6,0.9
εκτιμητή,6,0.9
συγκατατεθεί,6,0.9
ισοδύναμους,6,0.9
απωλεία,6,0.9
διμερώς,6,0.9
πρόσβαση·,6,0.9
συμμορφωνόταν,6,0.9
θέζω,6,0.9
εγγυώ,6,0.9
εξισορροπούνται,6,0.9
αρμοδίως,6,0.9
προκαλέζω,6,0.9
έκλυση,6,0.9
επεξεργασίας·,6,0.9
ζ)·,6,0.9
μεγάλες,6,0.9
τριφωσφορικός,6,0.9
συζευκτήρων,6,0.9
κρυστάλλος,6,0.9
κατεργασμένος,6,0.9
παράθυρ,6,0.9
ψευδάργυρος,6,0.9
αισθητήρες,6,0.9
αισθητήρεςς,6,0.9
ραδιοσυχνοτήτων,6,0.9
υπόσταση,6,0.9
21β,6,0.9
βάση.»·,6,0.9
παραδώσουν,6,0.9
μεικτης,6,0.9
διαμεσολαβητός,6,0.9
εκφρασμένων,6,0.9
διενέργειάς,6,0.9
αντικατέστησε,6,0.9
2532/98,6,0.9
1999/4,6,0.9
εμπορεύσιμο,6,0.9
υπάρχει)·,6,0.9
ομοειδής,6,0.9
εξασφαλιζόμενης,6,0.9
κομιστών,6,0.9
ολόκληρον,6,0.9
διακανονισμού/,6,0.9
εμπρόθεσμος,6,0.9
αποδίδεται,6,0.9
π.μ.,6,0.9
ωραρίος,6,0.9
6.2.2,6,0.9
επιτρεπόταν,6,0.9
επετράπη,6,0.9
αφερέγγυος,6,0.9
χάριτο,6,0.9
νομιμοποιείται,6,0.9
αξιώζω,6,0.9
τροποποίησαν,6,0.9
αντικαταστώ,6,0.9
32)·,6,0.9
επουσιώδεις,6,0.9
ανατιθέμενου,6,0.9
αίτησης·,6,0.9
23β,6,0.9
ελαφρυντικοί,6,0.9
μεταβατικά,6,0.9
αντίγραφά,6,0.9
διαρθρωμένων,6,0.9
μετριασθούν,6,0.9
ρυθμίσεών,6,0.9
κλοπή,6,0.9
αξιολογήσεων,6,0.9
επαναξιολογήζω,6,0.9
συστήματός,6,0.9
εξετασθούν,6,0.9
ψευδή,6,0.9
δημοσιογράφος,6,0.9
διαχειριστών,6,0.9
ενέργειά,6,0.9
ενέργειας·,6,0.9
ειδήσεων,6,0.9
γνώριζε,6,0.9
συνδιαλέξη,6,0.9
764/2008,6,0.9
χρηματοδοτώνη,6,0.9
κατατεθούν,6,0.9
αποδεικτικά,6,0.9
δευτερεύοντας,6,0.9
εισέλθει,6,0.9
μικρότερα,6,0.9
αμφιβάλλω,6,0.9
ανακοινώσουν,6,0.9
αντιγράφων,6,0.9
κινητά,6,0.9
πρωτότυπο,6,0.9
προσαρτηθεί,6,0.9
ελάττωση,6,0.9
υπαγορεύω,6,0.9
εξάσκηση,6,0.9
εξηγώνη,6,0.9
συνενώνω,6,0.9
παγκόσμιες,6,0.9
αντιμετωπισθούν,6,0.9
υγιών,6,0.9
συστήζω,6,0.9
παραπτωμάτων,6,0.9
επαναξιολογώ,6,0.9
πετυχαίνω,6,0.9
διανέμεται,6,0.9
οικονομικοί,6,0.9
επισυνάπτομαι,6,0.9
προσήλωση,6,0.9
διακήρυξη,6,0.9
άργυρος,6,0.9
επενδυσεις,6,0.9
υπηκόων,6,0.9
πλωτός,6,0.9
φοροαποφυγή,6,0.9
σεμιναρίο,6,0.9
αμυντικός,6,0.9
σταθεροί,6,0.9
διαρθρώσεων,6,0.9
επικοινωνιακός,6,0.9
μικρομεσαίων,6,0.9
επανεισδοχή,6,0.9
ψηφίσματος,6,0.9
κοινοβουλευτικός,6,0.9
παρατηρηθούν,6,0.9
39α,6,0.9
κλήσεις,6,0.9
ανατολή,6,0.9
ανενεργή,6,0.9
αναίτιος,6,0.9
αδειών,6,0.9
χρήσης·,6,0.9
2010/21,6,0.9
15a,6,0.9
σήματο,6,0.9
προσαρμόζει,6,0.9
e3,6,0.9
μετακινούνται,6,0.9
επιτόπιας,6,0.9
επιδοτούμενος,6,0.9
προπληρωμός,6,0.9
di,6,0.9
επίπεδα,6,0.9
υποθηκός,6,0.9
εκατοστιαία,6,0.9
συλλέχθηκαν,6,0.9
εννεάμηνος,6,0.9
ενδείξη,6,0.9
nd3,6,0.9
συμβάντων,6,0.9
αντιληπτής,6,0.9
μεσάνυχτας,6,0.9
χειροκίνητα,6,0.9
αυτοματοποιημένη,6,0.9
γλεύκος,6,0.9
σταφυλία,6,0.9
νωπός,6,0.9
προστατευόμενης,6,0.9
ιχα,6,0.9
ίχνος,6,0.9
ar,6,0.9
vīna,6,0.9
álló,6,0.9
σεε,6,0.9
n.o,6,0.9
παρακολούθησης·,6,0.9
δέντρων,6,0.9
υλοτόμηση,6,0.9
μετρούνται,6,0.9
δηλωθείσα,6,0.9
εγγραφων,6,0.9
κυριότητά,6,0.9
918/2012,6,0.9
χρηματομεσιτών,6,0.9
γενομένος,6,0.9
επιτοκίων·,6,0.9
‰,6,0.9
προέβαλαν,6,0.9
υπουργών,6,0.9
πριγκιπάτο,6,0.9
μετέχοντες,6,0.9
ισχύουν·,6,0.9
2013/6,6,0.9
τπς,6,0.9
υγιή,6,0.9
συνηγορώ,6,0.9
ακυρότητα,6,0.9
εακκα,6,0.9
αποκομίστηκε,6,0.9
μετρήσιμο,6,0.9
αντιποίνων,6,0.9
υποεκτίμηση,6,0.9
δράσεις,6,0.9
ενεχύρων,6,0.9
ποικιλότητα,6,0.9
συχνότερες,6,0.9
81.,6,0.9
υποενοποιημένο,6,0.9
επανακαθορίζω,6,0.9
πεπείζω,6,0.9
δέκατο,6,0.9
υπολογισμένες,6,0.9
παραβιάσεις,6,0.9
διευκόλυνε,6,0.9
ετχς,6,0.9
ανταποκρίνεται,6,0.9
εξυπηρετείται,6,0.9
στοιχείων)·,6,0.9
κλιμακωτός,6,0.9
εξουσιοδότησε,6,0.9
απόκεντρων,6,0.9
εργασίας,6,0.9
καταγόμενος,6,0.9
εξαμήνο,6,0.9
τίθω,6,0.9
αιτιολογημένα,6,0.9
οργάνωσης,6,0.9
τού,6,0.9
αυτεπάγγελτη,6,0.9
κεντρική,6,0.9
ομαλά,6,0.9
εξαρτήματα·,6,0.9
παραλλαγών,6,0.9
υαλοπινάκων,6,0.9
ουσίες·,6,0.9
χρηστικότητα,6,0.9
χειριστηρίων,6,0.9
οδηγία-πλαίσιο,6,0.9
ορθώς,6,0.9
σημανσης,6,0.9
ρητό,6,0.9
πλαστογράφηση,6,0.9
τύπου,6,0.9
κανονισμοί,6,0.9
διαπιστεώνυ,6,0.9
78/764/εοκ,6,0.9
9.7.2003,6,0.9
12.7.2000,6,0.9
δικύκλων,6,0.9
τρικύκλος,6,0.9
ολίσθηση,6,0.9
ενήλικος,6,0.9
ασταθή,6,0.9
θερμαίνω,6,0.9
l2,6,0.9
ελαφριά,6,0.9
αλληλουχία,6,0.9
β1,6,0.9
χιιι,6,0.9
αποδειχτεί,6,0.9
διαχωρισμένη,6,0.9
side-pockets,6,0.9
πρότυπου,6,0.9
πάρα,6,0.9
παραποιημένος,6,0.9
κίνδυνοι·,6,0.9
τιτλοποιημένη,6,0.9
τιτλοποιημένες,6,0.9
προφυλάξεων,6,0.9
δις,6,0.9
μετατρέπτω,6,0.9
ανώτερη,6,0.9
ρευστοποιηθεί,6,0.9
προκλήσεων,6,0.9
διασυνδεδεμένος,6,0.9
καταχωρίτω,6,0.9
72.,6,0.9
δημοσιεύσεων,6,0.9
κυκλοφορουσών,6,0.9
τόπο·,6,0.9
διαφυλάξει,6,0.9
προεπιλογή,6,0.9
προκαταβεβλημένη,6,0.9
μεσα,6,0.9
διαβαθμισμένας,6,0.9
γαλλικά,6,0.9
ομόλογων,6,0.9
προκαθοριόμενσς,6,0.9
αρχίνω,6,0.9
επιστρεπτέες,6,0.9
αθετημένου,6,0.9
ελάσσονα,6,0.9
tk,6,0.9
αναδιάταξη,6,0.9
κατάλληλων,6,0.9
αθέτησε,6,0.9
232,6,0.9
επιστρέψουν,6,0.9
μεταφερθέντα,6,0.9
υπολογίζονταν,6,0.9
χαμηλόςς,6,0.9
προγνωστικός,6,0.9
επεξεργάζεται,6,0.9
ασκήση,6,0.9
ευάλωτα,6,0.9
πρόγνωση,6,0.9
301,6,0.9
107,6,0.9
απομειωμένη,6,0.9
προσθετέος,6,0.9
ιδιοσυγκρατικός,6,0.9
413,6,0.9
ενυπόθηκη,6,0.9
viii,6,0.9
χρησιμοποιηθείσες,6,0.9
δημοσιοποιούνταν,6,0.9
δημοσιοπόιηση,6,0.9
437,6,0.9
δικαιολογήσουν,6,0.9
δυσχερής,6,0.9
376,6,0.9
462,6,0.9
89.,6,0.9
εκκαθαρισμένος,6,0.9
υποκατάστατων,6,0.9
εμπορεύσιμους,6,0.9
2.111,6,0.9
βρισκόταν,6,0.9
κώδικος,6,0.9
εφεδρίνη,6,0.9
ψευδοεφεδρίνη,6,0.9
συμφωνημένα,6,0.9
καθορίστε,6,0.9
ανακυκλοφορία,6,0.9
ντιζελοκινητήρης,6,0.9
βενζινοκινητήρης,6,0.9
ψυχρή,6,0.9
πφα,6,0.9
κατευθείαν,6,0.9
εναλλασσόμενος,6,0.9
διάφραγμα,6,0.9
πλέγμα,6,0.9
εσαε,6,0.9
πλαισίου·,6,0.9
σύρμα,6,0.9
στερεά,6,0.9
φωτίζω,6,0.9
όπισθεν,6,0.9
μακριά,6,0.9
γωνιακός,6,0.9
ανδρείκελος,6,0.9
επίπεδης,6,0.9
ταμιευτηρίο,6,0.9
επαχθές,6,0.9
δάνειο·,6,0.9
ελεγκτικό,6,0.9
πυρομαχικών,6,0.9
ιστότοπου,6,0.9
ενοικίαση,6,0.9
αποσόβηση,6,0.9
σωστά·,6,0.9
πυροτεχνικός,6,0.9
πυροσωλήνας,6,0.9
μελετώνται,6,0.9
πυροκροτητής,6,0.9
αποσύνθεση,6,0.9
δοχείου·,6,0.9
νομοθέτημα,6,0.9
3.2.2,6,0.9
συσκευής·,6,0.9
κατασκευασμένες,6,0.9
ευκρινός,6,0.9
αναλογίανς,6,0.9
τοποθετηθεί·,6,0.9
απόβαρος,6,0.9
μετρητέου,6,0.9
επήρεια,6,0.9
αποσυνδεθεί,6,0.9
μελετώμενος,6,0.9
αρχείος,6,0.9
αυτοεξυπηρέτηση,6,0.9
ταξιμέτρος,6,0.9
επανεκκίνηση,6,0.9
ελκτικός,6,0.9
ε1,6,0.9
καταχωριώνσ,6,0.9
θαλαμίσκου,6,0.9
συρματόσχοινος,6,0.9
ανοίξουν,6,0.9
καιρικός,6,0.9
σταγονιδίο,6,0.9
παραστάση,6,0.9
στεγανότητα,6,0.9
προκληθούν,6,0.9
κατοικίδιο,6,0.9
1999/5/εκ,6,0.9
2007/23/εκ,6,0.9
87/95/εοκ,6,0.9
1673/2006/εκ,6,0.9
λευκόχρυσου,6,0.9
αναλύνω,6,0.9
αντασφαλίσεωνς,6,0.9
δεσπόζουσος,6,0.9
υποτιμώ,6,0.9
συγγραφή,6,0.9
απαγορευμένος,6,0.9
σημειωθούν,6,0.9
συζητήθηκαν,6,0.9
δρα,6,0.9
συνδιαλέξεις,6,0.9
αποστέρηση,6,0.9
παρότρυνση,6,0.9
δεσπόζων,6,0.9
διενεργηθείσες,6,0.9
μεμονωμένες,6,0.9
χρησιμοποιεί,6,0.9
εδεκε,6,0.9
20χχ,6,0.9
μήνα·,6,0.9
πρότυπο·,6,0.9
πληρως,6,0.9
μερικως,6,0.9
κατανομης,6,0.9
προβλεψεων,6,0.9
ετος-3,6,0.9
τυποποιημενη,6,0.9
330:060,6,0.9
εσωτερικο,6,0.9
κατωτάτος,6,0.9
κατωτάτου,6,0.9
χρηματοδοτουμενη,6,0.9
010/010,6,0.9
010/030,6,0.9
218-236,6,0.9
440)/μετά,6,0.9
080-090,6,0.9
190·,6,0.9
420-470,6,0.9
διαβαθμίσεων·,6,0.9
στηλός,6,0.9
340-360,6,0.9
προγραμμάτο,6,0.9
σωρευθείσες,6,0.9
27.28,6,0.9
18.35(β)(iii,6,0.9
18.35(β)(v,6,0.9
ii-v,6,0.9
φορου,6,0.9
81(β,6,0.9
38.85-86,6,0.9
39.97-101,6,0.9
1.83(β)(i,6,0.9
1.83(β)(ii,6,0.9
39.46(γ,6,0.9
2.49-50,6,0.9
2.52(δ,6,0.9
39.89a,6,0.9
39.59,6,0.9
2.81,6,0.9
2.91,6,0.9
2.107,6,0.9
40.in5,6,0.9
2.117(α,6,0.9
2.117(γ,6,0.9
2.117(δ,6,0.9
2.117(ε,6,0.9
12.b26(ε,6,0.9
24.19(στ,6,0.9
24.19(ζ,6,0.9
δοθεισών,6,0.9
2.122,6,0.9
124(γ,6,0.9
124(στ,6,0.9
12.21(iv,6,0.9
124(ι,6,0.9
124(ια,6,0.9
39.11,6,0.9
16.29,6,0.9
37.70-83,6,0.9
19.140(α)(i,6,0.9
19.142(β,6,0.9
19.142(γ,6,0.9
19.142(δ,6,0.9
19.140(α)(iii,6,0.9
19.140(β,6,0.9
19.141(α,6,0.9
19.141(β,6,0.9
19.141(στ,6,0.9
19.141(γ)(ii,6,0.9
19.141(γ)(iii,6,0.9
19.141(ε,6,0.9
19.141(ζ,6,0.9
19.141(δ,6,0.9
19.141(η,6,0.9
2.139(β,6,0.9
2.142,6,0.9
εθνικα,6,0.9
11)-(13,6,0.9
υλικα,6,0.9
αγκυλών,6,0.9
2.10].,6,0.9
ανακλήθηκε,6,0.9
28.00,6,0.9
κληρονόμων,6,0.9
αχυράνθρωπων,6,0.9
statistique,6,0.9
activités,6,0.9
άμεσου,6,0.9
προσθετη,6,0.9
42.00,6,0.9
αχρησιμοποίητων,6,0.9
ταυτόσημο,6,0.9
μεταβατικόςς,6,0.9
4.9,6,0.9
αληθές,6,0.9
αποαναγνωρίζονται,6,0.9
εμς,6,0.9
σομαλία,6,0.9
230-240,6,0.9
480-490,6,0.9
5.8,6,0.9
δοκιμαστεί,6,0.9
mhz,6,0.9
roc,6,0.9
www.leiroc.org,6,0.9
διακρατουνται,6,0.9
β)(γ)(δ)(ε,6,0.9
ανοχη,6,0.9
χρήσης»·,6,0.9
προκαθορισμένοι·,6,0.9
μεταβίβασης·,6,0.9
ενοποιημένες·,6,0.9
40.2·,6,0.9
δεσμεύσεις·,6,0.9
τεκμηρίων,6,0.9
εξυπηρετούμενη·,6,0.9
390,6,0.9
εμφάνιζαν,6,0.9
18.7.2009,6,0.9
επωνυμία(-ες,6,0.9
πραγματική,6,0.9
ξεκινάει,6,0.9
της(των,6,0.9
ρυθμιστών,6,0.9
γεωμετρία,6,0.9
παραθύρων,6,0.9
φωτεινότητα,6,0.9
ανάπτυγμα,6,0.9
υποστήριγμα,6,0.9
ορθοστάτης,6,0.9
άγκιστρο,6,0.9
ερπύστριας,6,0.9
κατασκευη,6,0.9
προηγούμενο(-α,6,0.9
ανατραπεί,6,0.9
ερεισίνωτου,6,0.9
μανδάλων,6,0.9
γιγγλυμός,6,0.9
vin,6,0.9
6-1,6,0.9
στίβος,6,0.9
ανανεώθηκε,6,0.9
ειδικής,6,0.9
o3,6,0.9
τριψήφιος,6,0.9
στηρίξουν,6,0.9
13.4.2012,6,0.9
88/357/εοκ,6,0.9
αφμ,6,0.9
ακαθάριστο,6,0.9
αναξιόπιστη,6,0.9
ελέγχον,6,0.9
κάτοχοι,6,0.9
ανοίχθηκε,6,0.9
εξαρτήματά,6,0.9
ανακούφιση,6,0.9
4)·,6,0.9
επαληθευση,6,0.9
αξιολογητής,6,0.9
διαφυγή,6,0.9
1829/2003,6,0.9
ποικιλίας·,6,0.9
μικροπολλαπλασιασμός,6,0.9
απρόσβλητες,6,0.9
καλλιεργητικός,6,0.9
εμβολιασμός,6,0.9
πρακτικώς,6,0.9
έρριζο,6,0.9
γενεών,6,0.9
amygdalus,6,0.9
σπόρων,6,0.9
φύλλων,6,0.9
εσπεριδοειδών,6,0.9
18·,6,0.9
παρακαλείστε,6,0.9
αξιολογήζω,6,0.9
επικαιροποιώνη,6,0.9
αποφάνθηκε,6,0.9
διαταγών,6,0.9
εσωτερικοποιημένος,6,0.9
προβλεπόμενες,6,0.9
δράσει,6,0.9
τυχών,6,0.9
νομικοί,6,0.9
απολογιστικός,6,0.9
ορισθέντων,6,0.9
φερέγγυα,6,0.9
επέρχομαι,6,0.9
παραβάση,6,0.9
27.6.2002,6,0.9
υποβάλλεται,6,0.9
3.1.1,6,0.9
1361/2014,6,0.9
2015/298,6,0.9
10.2,6,0.9
αναφερόντων,6,0.9
2015/730,6,0.9
2015/18,6,0.9
αξιολογούμενου,6,0.9
προσυπογεγραμμένος,6,0.9
isr,6,0.9
wr,6,0.9
αθροίστε,6,0.9
ποσά-στόχος,6,0.9
ενοικιάσιμος,6,0.9
υποκατηγοριών,6,0.9
στηριχθεί,6,0.9
εξυγιανθεί,6,0.9
μυϊκός,6,0.9
τροχούς,6,0.9
συνδέσμων,6,0.9
κατάντη,6,0.9
ρυμουλκούν,6,0.9
εξαέρωση,6,0.9
dm,6,0.9
συγκρατήζω,6,0.9
προσαρτημάτων,6,0.9
προσομοιωτός,6,0.9
2.4.1,6,0.9
τροχοπέδη,6,0.9
επανάταξη,6,0.9
απεμπλακεί,6,0.9
προαναφερόμενου,6,0.9
έδρανο,6,0.9
διαθέσιμων,6,0.9
βεβαρημένα,6,0.9
αεν,6,0.9
αποαναγνωρισμένες,6,0.9
ενεργητικού-παθητικός,6,0.9
1.5.1,6,0.9
4/20,6,0.9
κγπς,6,0.9
σγπ,6,0.9
κλίνη,6,0.9
στάτω,6,0.9
απορροφητικός,6,0.9
απελευθερώνω,6,0.9
μακροπρόθεσμου,6,0.9
προσόδους,6,0.9
παροχών·,6,0.9
γάζα,6,0.9
σενίλλης,6,0.9
πουκαμισάκι,6,0.9
πουλόβερ,6,0.9
παντελόνια,6,0.9
μπάνιου,6,0.9
ίνες·,6,0.9
καθαριότητα,6,0.9
κρεβατιού,6,0.9
επίπλωση,6,0.9
κόμπος,6,0.9
σάλιο,6,0.9
σάρπες,6,0.9
κασκόλ,6,0.9
μαντίλα,6,0.9
βέλα,6,0.9
βελάκι,6,0.9
πιλήματα,6,0.9
σπάγκος,6,0.9
υφασμένα,6,0.9
σιζάλ,6,0.9
ξετύλιγμα,6,0.9
νηματοποιημένες,6,0.9
στελέχη·,6,0.9
κirb,6,0.9
"020,050",6,0.9
τόκους”·,6,0.9
δυσμενήςς,6,0.9
109α,6,0.9
+39,6,0.9
+370,6,0.9
βιομηχανίας,6,0.9
χρονοδιαγραμμάτων,6,0.9
αγοράς-επαναπώληση,6,0.9
31θ,6,0.9
206/2016,6,0.9
δισεκ,6,0.9
αναταξινόμησης,6,0.9
ετπα,6,0.9
προκηρύξεις,6,0.9
συμφωνία(-ες,6,0.9
θυρίδας(-ων)·,6,0.9
παράπτωμα,6,0.9
επικρατούσα,6,0.9
σσσπ·,6,0.9
λογικοφανείς,6,0.9
nostro,6,0.9
φερέγγυος,6,0.9
13.5.2014,6,0.9
γραπτά,6,0.9
μεταβαλλόμενες,6,0.9
2016/230,6,0.9
μελών·,6,0.9
2016/2275,6,0.9
2016/2277,6,0.9
2016/2278,6,0.9
2016/2358,6,0.9
αναλογιστής,6,0.9
ασφαλέστερη,6,0.9
μοδ·,6,0.9
διακυβέρνησης·,6,0.9
308β,6,0.9
φερέγγυο,6,0.9
2016/2248,6,0.9
2016/36,6,0.9
εποπτευόμενα,6,0.9
εντατικοποίηση,6,0.9
συντονισμένων,6,0.9
ειδοποιώνη,6,0.9
παρατώνε,6,0.9
ελεύθερου,6,0.9
σημαντικότερους,6,0.9
επαναληπτικός,6,0.9
χονδρικης,6,0.9
εξασφαλισμένοι,6,0.9
70.00,6,0.9
2/3,6,0.9
μείζωνς,6,0.9
προτιμησιακή,6,0.9
75.00,6,0.9
υπολογισμοι,6,0.9
σταθμιστεί,6,0.9
ροές,6,0.9
"040,060-090,120",6,0.9
"130,150-260,290",6,0.9
εκροής·,6,0.9
76.00·,6,0.9
θαλασσινά,6,0.9
ντίζελ,6,0.9
ξηρό,6,0.9
νικέλιο,6,0.9
εξοφλητική,6,0.9
υποσυστήματος,6,0.9
συρματόσχοινα·,6,0.9
2.6.1,6,0.9
επιβλαβή,6,0.9
ιοντίζουσα,6,0.9
αιχμηρός,6,0.9
πνιγμός,6,0.9
έρθουν,6,0.9
ψύχος,6,0.9
θερμογόνος,6,0.9
3.3.2,6,0.9
rsa,6,0.9
"lr3,085,010",6,0.9
"240,010",6,0.9
"130,010",6,0.9
"050,010",6,0.9
"020,020",6,0.9
εξαιρούνταν,6,0.9
συμπερασματικά,6,0.9
απόδοσης·,6,0.9
19.5.2015,6,0.9
κοινοποιήσιμων,6,0.9
αγοραστικός,6,0.9
υποκατασταθεί,6,0.9
12.12.2015,6,0.9
ταχυδρομικώς,6,0.9
ανακοινωθείσα,6,0.9
αντιστήριξη,6,0.9
αντικρουόμενο,6,0.9
ανάμειξή,6,0.9
ρητής,6,0.9
προσχεδίου,6,0.9
πωλάνω,6,0.9
1.81a(α,6,0.9
38.2,6,0.9
εγγυήσεις·,6,0.9
bb-,6,0.9
3/4/5,6,0.9
διέγερση,6,0.9
μο*,6,0.9
1.4.6,6,0.9
θολότητα,6,0.9
επικαλείται,6,0.9
υπάρχει·,6,0.9
6.5.8–6.5.14ς,6,0.9
89–94,6,0.9
υστερήσεων,6,0.9
5.7,6,0.9
διακριτάς,6,0.9
αντιπροσωπευτικοί,6,0.9
μεσαίου-χαμηλού,6,0.9
s&p,6,0.9
2027,6,0.9
irs,6,0.9
bcbs-ioscoς,6,0.9
επικαιρότητα,6,0.9
1275/2008,6,0.9
2015/1095,6,0.9
2015/1185,6,0.9
2015/1189,6,0.9
2016/2281,6,0.9
ρούχων,6,0.9
w,6,0.9
θύρες,6,0.9
pl,6,0.9
ηs,6,0.9
σβόλος,6,0.9
πέλετ,6,0.9
πλεον,6,0.9
ατγ,6,0.9
εξήγησαν,6,0.9
υπαρξη,6,0.9
οχηματων,6,0.9
λεωφορείου-ταξί,6,0.9
τους—,6,0.9
μετονομάζω,6,0.9
αιι,6,0.9
δδζ,6,0.9
βαθμονομηθεί,6,0.9
2.12.2016,6,0.9
15.12.2016,6,0.9
εγγυητή·,6,0.9
γενικευμένος,6,0.9
κυβερνοεπιθέσεις,6,0.9
δρομολογητής,6,0.9
εξωχρηματιστηριακά·,6,0.9
συνδετικότητας,6,0.9
συνεχιζόμενες,6,0.9
ρολόγιο,6,0.9
μεγέθους-χρόνου,6,0.9
συνδεσιμότητα,6,0.9
netting,6,0.9
μεταθέσεις,6,0.9
απαιτήθηκε,6,0.9
μετάλλων,6,0.9
11.2,6,0.9
δευτερόλεπτο·,6,0.9
avt,6,0.9
επώνυμο,6,0.9
εισαχθείσα,6,0.9
2017/591,6,0.9
2006/112/εκ,6,0.9
1934,6,0.9
μάρτυρας,6,0.9
καταπιστευματοδόχου,6,0.9
27.12.2017,6,0.9
συντονιστικό,6,0.9
ανίκανος,6,0.9
παρενεργεία,6,0.9
σοιπ,6,0.9
δειγμάτο,6,0.9
κατατεθείσα,6,0.9
ενώπιόν,6,0.9
κλινικη,6,0.9
αιτιώδης,6,0.9
βιοσυμβατότητας,6,0.9
επικυρωμένος,6,0.9
συναρμοζόμενου,6,0.9
βιβλιογραφικός,6,0.9
οφθαλμικός,6,0.9
καρδιά,6,0.9
σπονδυλικός,6,0.9
2017/751,6,0.9
υπαναχωρήνω,6,0.9
ποιες,6,0.9
συμπλήρωμά,6,0.9
ενημερωτικό,6,0.9
συναπτός,6,0.9
υποπέσει,6,0.9
akxa·,6,0.9
29.11.2016,6,0.9
b5.7.1,6,0.9
"1.7(ε),δπχα",6,0.9
"9.5.7.5,.6.5.8(α),παράρτημα",6,0.9
"7.24γ(β)(i),.24e",6,0.9
δ5-δ8,6,0.9
2.33,6,0.9
9.5.7.1a,6,0.9
2.43,6,0.9
2.44,6,0.9
2.47,6,0.9
1.82(εα,6,0.9
44(β,6,0.9
2.85(α,6,0.9
2.85(β,6,0.9
2.85(γ,6,0.9
2.85(δ,6,0.9
2.85(ε,6,0.9
2.85(στ,6,0.9
2.85(ζ,6,0.9
συνολο,6,0.9
2.98(α,6,0.9
2.98(δ,6,0.9
2.98(ε,6,0.9
2.99-100,6,0.9
2.110,6,0.9
9.ba.7(α,6,0.9
2.133-135,6,0.9
2.129(α,6,0.9
2.129(β,6,0.9
2.129(γ,6,0.9
2.129(δ,6,0.9
2.129(ε,6,0.9
2.129(στ,6,0.9
2.141(β,6,0.9
2.141(γ,6,0.9
2.209,6,0.9
δ5-d8,6,0.9
2.233(α,6,0.9
2.233(β,6,0.9
2.233(γ,6,0.9
2.220,6,0.9
2.264(β,6,0.9
2.249(β,6,0.9
2.273,6,0.9
2.288-289,6,0.9
292-293,6,0.9
296(γ,6,0.9
296(στ,6,0.9
296(ι,6,0.9
296(ια,6,0.9
296(ιβ,6,0.9
296(ιδ,6,0.9
296(ιη,6,0.9
δ(iii)(2,6,0.9
1.34(δ,6,0.9
1.24(α,6,0.9
τους)·,6,0.9
διαγραφέν,6,0.9
9.5.5.15,6,0.9
2017/1538,6,0.9
680/2014·,6,0.9
10.3.2017,6,0.9
"1,2,3",6,0.9
-αξία,6,0.9
παρέρχομαι,6,0.9
ημερών”·,6,0.9
εβδομάδος,6,0.9
cqs1,6,0.9
λήγων,6,0.9
2.1.1.1.1,6,0.9
αλυσίδας,6,0.9
έμμεσου,6,0.9
παρακρατηθέντων,6,0.9
αδειοδοτούνται,6,0.9
26.ς,6,0.9
2016/1011·,6,0.9
2018/171,6,0.9
προφορικώς,6,0.9
αναληώνφ,6,0.9
18/2019,6,0.9
συνδεσης,6,0.9
31βγ,6,0.9
εακαα»·,6,0.9
εζες»·,6,0.9
περίπτωση.»·,6,0.9
τροποποιήσεων·,6,0.9
κάθοδος,6,0.9
πείρος,6,0.9
κάθω,6,0.9
ρυμουλκουμένου,6,0.9
εδράνου,6,0.9
έλκον,6,0.9
13-η,6,0.9
109/2011,6,0.9
δεξαμενές,6,0.9
ομοιώματος,6,0.9
φώτων,6,0.9
582/2011,6,0.9
επιβαίνοντος,6,0.9
περιοριζόμενος,6,0.9
τεύχος,6,0.9
bi,6,0.9
κύριοι,6,0.9
07.03,6,0.9
παραγομενων,6,0.9
1.3.1.3,6,0.9
στήλη·,6,0.9
120·,6,0.9
υποβάλλοντος,6,0.9
συνεισφέροντος·,6,0.9
οδόςς,6,0.9
διαλυτής,6,0.9
οκτανόλης,6,0.9
δερματικός,6,0.9
noael,6,0.9
2016/245,6,0.9
2016/2,6,0.9
821/2014,6,0.9
ευρώ)»·,6,0.9
καυτός,6,0.9
σκάλα,6,0.9
τραυματίζω,6,0.9
τύπος/-οι,6,0.9
διάσειση·,6,0.9
συσσωρευθείσες,6,0.9
φορολογητέων,6,0.9
καταδείχθηκε,6,0.9
μητρικών-θυγατρικών,6,0.9
κατέβαλλαν,6,0.9
δικονομικός,6,0.9
pas,6,0.9
numéros,6,0.9
ανακαθορισμός,6,0.9
νέα,6,0.9
υπο-προϊόν,6,0.9
knf,6,0.9
μεταφορτωμένο,6,0.9
προαγορά,6,0.9
συσκευασμένες,6,0.9
καθίζηση,6,0.9
κατοικημένη,6,0.9
συνεργάσιμων,6,0.9
κερδίνω,6,0.9
εισαγγελία,6,0.9
αρχής.»·,6,0.9
2019/715,6,0.9
48ε,6,0.9
48θ,6,0.9
διακοπείσα,6,0.9
102ιγ,6,0.9
2020/1225,6,0.9
αρμοδια,6,0.9
2020/188,6,0.9
12.2.2020,6,0.9
2015/32,6,0.9
παράγρα-φος,6,0.9
γραμματικός,6,0.9
2020/1503,6,0.9
διασπώμενος,6,0.9
εταιρεια,6,0.9
32018,6,0.9
16.47(α,6,0.9
10.6.2016,6,0.9
13.01,6,0.9
0220,6,0.9
0280,6,0.9
2.173(β)(ii,6,0.9
2.173(β)(iii,6,0.9
194i,6,0.9
μάρκετινγκ,6,0.9
224-234,6,0.9
2.239vii,6,0.9
239vii,6,0.9
2.239vi,6,0.9
259-262,6,0.9
2.222,6,0.9
235-236,6,0.9
223-239,6,0.9
2.239iii-239v(γ,6,0.9
2.239iii-239v(ε,6,0.9
2.239iii-239v(στ,6,0.9
2.347,6,0.9
357-358,6,0.9
2.355,6,0.9
περατώθηκαν,6,0.9
αναταξινομήθηκαν,6,0.9
1.2.1.1.4,6,0.9
1.2.1.1.2,6,0.9
1.2.1.1.3,6,0.9
1.2.1.1.7,6,0.9
1.2.2.1.3,6,0.9
1.2.2.1.7,6,0.9
470-510,6,0.9
ανάδοχης/-ων,6,0.9
εγγράφο,6,0.9
2020/873,6,0.9
501α,6,0.9
ληφθείσεςχρηματοοικονομικός,6,0.9
"0190,0010",6,0.9
απαιτουμενη,6,0.9
0269,6,0.9
0273,6,0.9
0277,6,0.9
0309,6,0.9
0317,6,0.9
0333,6,0.9
0341-0345,6,0.9
αντιστοιχισμένου,6,0.9
vh,6,0.9
καταλύτη,6,0.9
83/2019,6,0.9
εκκαθαρίσεως,6,0.9
29.4.2004,5,0.75
έλεγχους,5,0.75
2000/12/eκ,5,0.75
κρατη,5,0.75
προτεραιότητάς,5,0.75
ακιδωτός,5,0.75
προοδευτικά,5,0.75
μονωμένος,5,0.75
λογιστικού,5,0.75
δικηγόρος,5,0.75
ομπρέλα,5,0.75
κινδύνου—,5,0.75
υποχρεώνομαι,5,0.75
προαχθεί,5,0.75
ανακάλυψη,5,0.75
χρειασθούν,5,0.75
καθοριζόμενες,5,0.75
προαναφερθέντες,5,0.75
υπερπόντια,5,0.75
ακαταλληλότητα,5,0.75
εκτελεστικα,5,0.75
θεσπισθέντων,5,0.75
ευεργέτημα,5,0.75
17.7.2003,5,0.75
εκφρασμένοι,5,0.75
10.4,5,0.75
οργανισμούς·ς,5,0.75
απαιτητικός,5,0.75
παραλείπτω,5,0.75
17·,5,0.75
περιεχομένων·,5,0.75
υποβληθέν,5,0.75
παραπομπής·,5,0.75
δραστηριοτητας,5,0.75
διαρθρωση,5,0.75
εξοπλισμος,5,0.75
σημαντικότερες,5,0.75
κερδων,5,0.75
στων,5,0.75
αναφέρεται,5,0.75
λήξασας,5,0.75
δηλωσεις,5,0.75
διαθεση,5,0.75
υποστηριχθούν,5,0.75
εγγράψουν,5,0.75
οικογενείας,5,0.75
ενδεχόμενοι,5,0.75
απέκτησαν,5,0.75
καθέναν,5,0.75
κατάρτισαν,5,0.75
εκδότριος,5,0.75
μέσο(-α,5,0.75
βαθμοί,5,0.75
υπόχρεου,5,0.75
ροες,5,0.75
έκαστο,5,0.75
δημιουργήνω,5,0.75
πρωτότυπων,5,0.75
μελετά,5,0.75
εκκρεμούν,5,0.75
κ.λπ,5,0.75
αρμόζουσα,5,0.75
διαχωρίσιμες,5,0.75
αναγνωρίστηκε,5,0.75
υιοθετηθούν,5,0.75
15-37,5,0.75
ήσαν,5,0.75
οε80,5,0.75
οε81,5,0.75
διαφορικό,5,0.75
αυτοτελέςς,5,0.75
παράγωγου,5,0.75
συμβόλαιό,5,0.75
ταμιακών,5,0.75
συγκριθεί,5,0.75
16(α,5,0.75
ενεχυριασμένος,5,0.75
εξαγοράσει,5,0.75
μεταβιβαζόμενων,5,0.75
διακρατούμενη,5,0.75
πτωχεύνω,5,0.75
προκύπτοντα,5,0.75
υπαώνχ,5,0.75
ελευθέρος,5,0.75
αναγνωρισθέντα,5,0.75
αποσβεστεί,5,0.75
αναπροσαρμόζονται,5,0.75
πρακτορεία,5,0.75
κεφαλαιοποιημένος,5,0.75
εξοφλήνω,5,0.75
υπάρχον,5,0.75
ενσωματωμένα,5,0.75
καταβολές,5,0.75
καταβαλλόταν,5,0.75
περιστάσεως,5,0.75
εισπρακτέου,5,0.75
νμ120,5,0.75
διαγράφει,5,0.75
διακανονίστηκε,5,0.75
ωφελειών,5,0.75
νμ9000,5,0.75
μετρητα,5,0.75
νμ300,5,0.75
άτοκης,5,0.75
επιτόκι,5,0.75
κατασχέσεως,5,0.75
ομότιμων,5,0.75
πωληθένς,5,0.75
αποδείχθηκε,5,0.75
προπληρωθεί,5,0.75
προπληρώνω,5,0.75
27a,5,0.75
27α,5,0.75
γ.π.λ.α,5,0.75
ποσοτικοποιώ,5,0.75
εκείνα,5,0.75
16.2.2005,5,0.75
11.2.2005,5,0.75
1073/2005,5,0.75
α.υ,5,0.75
δικτύο,5,0.75
24.4.2002,5,0.75
3.»·,5,0.75
συσταθένς,5,0.75
2004/10/εκ,5,0.75
6γ,5,0.75
ελαχίστος,5,0.75
δραστηριοτητων,5,0.75
5.12.1998,5,0.75
1.5.2004,5,0.75
περιλάμβαναν,5,0.75
3285/94,5,0.75
αύξησε,5,0.75
ομόφωνη,5,0.75
ισχύσουν,5,0.75
9.12.2004,5,0.75
εκδοχών,5,0.75
παρουσιάσουν,5,0.75
οε4ια,5,0.75
οε33α,5,0.75
επιμετρούνταν,5,0.75
2106/2005,5,0.75
κάτωθς,5,0.75
δραστηριότητής,5,0.75
αγοράζων,5,0.75
108/2006,5,0.75
17.11.2000,5,0.75
παραβλάπτω,5,0.75
σχόλιά,5,0.75
νομοδιατάγματος,5,0.75
ιταλός,5,0.75
κληρονομιά,5,0.75
ασυμβίβαστο,5,0.75
υπέκειτο,5,0.75
69.,5,0.75
ανακτηθούν,5,0.75
έτυχαν,5,0.75
μνημόνιο,5,0.75
βασιζόμενων,5,0.75
ουδενί,5,0.75
σύντμηση,5,0.75
ανάλυση·,5,0.75
1999/93/εκ,5,0.75
κωλύματα,5,0.75
συνοδεύσουν,5,0.75
ελεγχο,5,0.75
δημοσιου,5,0.75
παρεμφερά,5,0.75
21].,5,0.75
περιτροπή,5,0.75
αποκλειστικώς,5,0.75
τίτλο·,5,0.75
εξασφαλιζόμενο,5,0.75
θυγατρικών·,5,0.75
τόσος,5,0.75
οίκων,5,0.75
ης,5,0.75
περίπτωσή,5,0.75
προσηκόντως,5,0.75
πρόσημό,5,0.75
παραδόσεως,5,0.75
πρέπουσα,5,0.75
δειγματοληπτικά,5,0.75
αντιστοιχισμένο,5,0.75
α)·,5,0.75
υπολογισθεί,5,0.75
απαίτησή,5,0.75
έχουσος,5,0.75
μεταφέρεται,5,0.75
συλλαμβάνω,5,0.75
υποεκτιμώ,5,0.75
καθεαυτός,5,0.75
προσαυξάνω,5,0.75
συσχετισμένων,5,0.75
1(7,5,0.75
77/91/εοκ,5,0.75
működő,5,0.75
ονόματί,5,0.75
23α,5,0.75
υπηρετεί,5,0.75
μεταβληθούν,5,0.75
δώρα,5,0.75
τερματίζεται,5,0.75
εμπόδιζε,5,0.75
απευθυνόμενες,5,0.75
σύντροφος,5,0.75
αρμοδιοτήτων·,5,0.75
συμβουλεύσει,5,0.75
τέρμα,5,0.75
ανατέθηκε,5,0.75
εποπτεία·,5,0.75
αυτόκλητος,5,0.75
αντιπαροχής,5,0.75
αποκρύπτω,5,0.75
παρασχένω,5,0.75
σχηματίσουν,5,0.75
ποσότητα·,5,0.75
εκτελεσθείσας,5,0.75
αναγνωρίσουν,5,0.75
47.2,5,0.75
αφανός,5,0.75
πληρώνονται,5,0.75
αναμεταβίβασης,5,0.75
τραπεζογραμμάτι,5,0.75
πωλούμενων,5,0.75
δικαιώμας,5,0.75
χρησεως,5,0.75
εναρκτήριος,5,0.75
amortisation,5,0.75
αμετάκλητης,5,0.75
ασώματων,5,0.75
δανειοδοτική,5,0.75
διανεμητέων,5,0.75
ανακτήσιμου,5,0.75
εξισώνω,5,0.75
αναπροσαρμόσει,5,0.75
πραγματοποιούνταν,5,0.75
κραμάτων,5,0.75
πωλητών,5,0.75
ενωρίτερη,5,0.75
γραπτό,5,0.75
ικανοποιούσε,5,0.75
δημοσιοποιημένων,5,0.75
επανυπολογισμός,5,0.75
πμδ·,5,0.75
γνωστοποιούσας,5,0.75
πελάτη,5,0.75
υβριδικό,5,0.75
παρακάτως,5,0.75
5.12.2006,5,0.75
31δ,5,0.75
20.3.2007,5,0.75
εφάμιλλος,5,0.75
διακομιστής,5,0.75
καταχωρημένος,5,0.75
καταχωρήσεις,5,0.75
ατόμο,5,0.75
αρχιτεκτονική,5,0.75
βλέπω,5,0.75
εναρμονιόμενσς,5,0.75
έγκαιρων,5,0.75
αντιληφθώ,5,0.75
τυποποιημένων,5,0.75
παράλειψής,5,0.75
κοινολογούν,5,0.75
ορίου·,5,0.75
καλώς,5,0.75
χρηματαγοράς·,5,0.75
αυτόνομου,5,0.75
συναντώ,5,0.75
αντιταχθούν,5,0.75
επιχειρήνω,5,0.75
υποψηφίο,5,0.75
εξάγουν,5,0.75
ακριβέστερων,5,0.75
ημερολογιακή,5,0.75
πρόσφορων,5,0.75
παροχέας,5,0.75
ανακατανέμουν,5,0.75
επεξεργάζομαι,5,0.75
κρατιδίο,5,0.75
κατοίκος,5,0.75
εσωτερικό/,5,0.75
μέλη/,5,0.75
ανωτάτων,5,0.75
διπλών,5,0.75
περίπλοκη,5,0.75
μετεγκατάσταση,5,0.75
ακύρωσή,5,0.75
φαινομένου,5,0.75
εντοπισθεί,5,0.75
διαρθρωτικοί,5,0.75
κωδικοποιημένος,5,0.75
δεκαδικά,5,0.75
ofi,5,0.75
επενδυτικων,5,0.75
ετερογένεια,5,0.75
ex,5,0.75
εισερχόμενων,5,0.75
εξερχόμενων,5,0.75
απάλειψη,5,0.75
επισφαλών,5,0.75
αποστελλόμενος,5,0.75
σηματοδοτώ,5,0.75
απόλυτης,5,0.75
επικουρικοί,5,0.75
2007/2,5,0.75
πιστωθεί,5,0.75
καταλλήλος,5,0.75
αλιείας,5,0.75
προγράμμα,5,0.75
άγριος,5,0.75
14].,5,0.75
90/424/εοκ,5,0.75
συσταθείσα,5,0.75
εργοτάξιο,5,0.75
αναρτά,5,0.75
ρευστοποιήσεις,5,0.75
διαπιστωθείσος,5,0.75
εγκρίνεται,5,0.75
1083/2006,5,0.75
αναίρεση,5,0.75
συμπεράσμα,5,0.75
παραδεκτό,5,0.75
επιχειρησιακου,5,0.75
αντλήθηκαν,5,0.75
επιπεδο,5,0.75
διατεταγμένα,5,0.75
τόνου,5,0.75
αναδιαρθρώθηκαν,5,0.75
λιμένας,5,0.75
πραγματοποίησα,5,0.75
πιστοποιημένες,5,0.75
φορεις,5,0.75
αντίστοιχη,5,0.75
συνοχής,5,0.75
θιγεί,5,0.75
διακανονιζόμενες,5,0.75
μήτρα,5,0.75
οργανώσει,5,0.75
έπραξε,5,0.75
αποσβέσιμος,5,0.75
απαλλάξει,5,0.75
15γ,5,0.75
31εα,5,0.75
υπάρχοντος,5,0.75
φυτοϋγειονομικός,5,0.75
συνοδευόμενη,5,0.75
κατασκευαστής·,5,0.75
πράξη].,5,0.75
r17,5,0.75
...,5,0.75
μεταποιητικός,5,0.75
κατασκευασθέντων,5,0.75
επιβλώνη,5,0.75
υπ,5,0.75
σπ,5,0.75
συμβουλεύτηκε,5,0.75
ανακοίνωσαν,5,0.75
χαρτοσήμου,5,0.75
στρεβλώνω,5,0.75
δι’,5,0.75
anonyme,5,0.75
a,5,0.75
προσθέσουν,5,0.75
ολικώς,5,0.75
τιτλοποιήσεις·,5,0.75
προσομοιάζω,5,0.75
εμπιστευτική,5,0.75
εσδ,5,0.75
απέδειξε,5,0.75
επιβλητέος,5,0.75
διασυνοριακά,5,0.75
ζώντα,5,0.75
συνοριακός,5,0.75
αποσύρομαι,5,0.75
καταστρέφω,5,0.75
υιοθετήνω,5,0.75
αναταραχή,5,0.75
50β,5,0.75
ανακτησιμότητας,5,0.75
πιθανολογώ,5,0.75
περατωθεί,5,0.75
τμήματός,5,0.75
εξαργυρωθούν,5,0.75
14.6.2006,5,0.75
μικροοικονομικός,5,0.75
εντείνω,5,0.75
απόσπαση,5,0.75
υψηλόβαθμος,5,0.75
ισλαμική,5,0.75
παρασχεθείσα,5,0.75
παρίσι,5,0.75
συνείδηση,5,0.75
διατάκτης,5,0.75
στηρίξει,5,0.75
1/t,5,0.75
αθροισμάτων,5,0.75
2001/17/εκ,5,0.75
92.,5,0.75
εξαιρένω,5,0.75
επιτύγχανε,5,0.75
3.5.1,5,0.75
θυγατρικές·,5,0.75
ροές·,5,0.75
ανακατάταξή,5,0.75
υποδεέστερη,5,0.75
αναγνωριζόμενος,5,0.75
αποκτηθείσα,5,0.75
στης,5,0.75
συγγενούς,5,0.75
68a,5,0.75
καταβλητέος,5,0.75
ζωές,5,0.75
συμπεράνω,5,0.75
μετασχηματισμός,5,0.75
προέλθω,5,0.75
προέκταση,5,0.75
κτιρίου,5,0.75
αντικαταστήσει,5,0.75
αναλαμβανόμενων,5,0.75
ανανεώσεις,5,0.75
διευθετεί,5,0.75
44στ,5,0.75
ανατεθεισών,5,0.75
επηρεαώνσ,5,0.75
ακρίβεια·,5,0.75
εμπιστευθεί,5,0.75
διαμορφώσουν,5,0.75
δομες,5,0.75
εκχωρήσεων,5,0.75
πρακτόρων,5,0.75
κρατούνται,5,0.75
πράξη·,5,0.75
εξελιχθεί,5,0.75
μεσολαβητών,5,0.75
εφαρμόσθηκαν,5,0.75
αποκάλυψε,5,0.75
ψηφίσματα,5,0.75
προσυπέγραψε,5,0.75
καταθετός,5,0.75
μεταφρασμένος,5,0.75
επιφορτισμένων,5,0.75
παράγει,5,0.75
41α,5,0.75
απορριπτικός,5,0.75
συστημάτος,5,0.75
αναθέζω,5,0.75
σωμάτος,5,0.75
καταργήω,5,0.75
προστατευμένου,5,0.75
εξουσιες,5,0.75
εδραιώνω,5,0.75
διορισθεί,5,0.75
αποποιώ,5,0.75
εοχδ,5,0.75
ελλείψη,5,0.75
συνδέεται,5,0.75
83/349/εοκ·,5,0.75
εντίμως,5,0.75
ανωτέρος,5,0.75
επανασυσκευάζουν,5,0.75
ανατεθείσα,5,0.75
ουσίαν,5,0.75
υποστώ,5,0.75
ανανεωθούν,5,0.75
εμπορικα,5,0.75
εργάσνω,5,0.75
ορκωτό,5,0.75
ευπρόσιτος,5,0.75
εμπορικά·,5,0.75
καταστρατηγούνται,5,0.75
ών,5,0.75
2002/95/εκ,5,0.75
pbb,5,0.75
σκοπούς·,5,0.75
93/42/εοκ,5,0.75
διεκπεραιώζω,5,0.75
κινήνω,5,0.75
20.7.1990,5,0.75
εφαρμογές,5,0.75
κράματα,5,0.75
διαλύμα,5,0.75
περιβλήματα,5,0.75
αεροσυμπιεστής,5,0.75
επίπεδος,5,0.75
μελάνα,5,0.75
φινιρίσματα,5,0.75
οξείδιο,5,0.75
αγωγών,5,0.75
συνδετικός,5,0.75
ηλεκτροχημικός,5,0.75
2.»·,5,0.75
ένωση.»·,5,0.75
συμπληρωματικη,5,0.75
σκοποί,5,0.75
εκτάκτως,5,0.75
οριοθετώ,5,0.75
διενεργούμενες,5,0.75
εκτ)·,5,0.75
δμ,5,0.75
επιτοκίου)·,5,0.75
μειούμενος,5,0.75
γραμμάτιος,5,0.75
διαβιβάζομαι,5,0.75
28ος,5,0.75
ανεπιφύλακτα,5,0.75
υπογράψουν,5,0.75
προσκομίνω,5,0.75
6.2.3,5,0.75
κειμένων,5,0.75
αναμεταβίβαση,5,0.75
δ8,5,0.75
εκκρεμούσες,5,0.75
αναδιαρθρώσεων,5,0.75
προϊστάμενος,5,0.75
ανέθεσαν,5,0.75
άπαντηση,5,0.75
σφραγίζω,5,0.75
23ε,5,0.75
δυνάμενων,5,0.75
έννομου,5,0.75
σωμάτο,5,0.75
διορίσει,5,0.75
μοντέλας,5,0.75
συντομότερος,5,0.75
αναγνωριζόμενου,5,0.75
ποσοτήτα,5,0.75
επιρρεπής,5,0.75
ηλεκτροπαραγωγή,5,0.75
πληροφοριών,5,0.75
αγοράσνω,5,0.75
συμπεριλαμβανόμενη,5,0.75
συναχθούν,5,0.75
τελεστεί,5,0.75
δράσης,5,0.75
3δ,5,0.75
11.12.2010,5,0.75
βίβλο,5,0.75
αδικήματα,5,0.75
επενδυτικη,5,0.75
επικαιροποιεί,5,0.75
διαβεβαιώνω,5,0.75
βασιζομένη,5,0.75
σώρευση,5,0.75
τριάντα,5,0.75
εντεταλμένων,5,0.75
16].,5,0.75
19.3.2008,5,0.75
ελαττώνω,5,0.75
νέον,5,0.75
προσαρμόσουν,5,0.75
ανεξαρτήτων,5,0.75
πιστοληπτικής,5,0.75
εφαρμόνω,5,0.75
κανένα,5,0.75
εμπιστευτικά,5,0.75
σοσιαλιστικός,5,0.75
δασε,5,0.75
επιθυμωντας,5,0.75
προθυμία,5,0.75
κλίμα,5,0.75
αποσπαστεί,5,0.75
χύδην,5,0.75
επιστήμη,5,0.75
ενέργειας,5,0.75
πολεοδομικός,5,0.75
τελωνεία,5,0.75
συνεργασια,5,0.75
εκλαμβάνομαι,5,0.75
εσκτ·,5,0.75
ρητή,5,0.75
ματος+,5,0.75
ω,5,0.75
πωλητός,5,0.75
31a,5,0.75
περιορισμένη,5,0.75
αντιληπτό,5,0.75
δευτερεύοντος,5,0.75
χρώματο,5,0.75
μερισμάτο,5,0.75
προσόδα,5,0.75
συμπιέζω,5,0.75
υπεβλήθη,5,0.75
υπογράφων,5,0.75
ημερομίσθιο,5,0.75
στέγαση,5,0.75
υπηρεσία·,5,0.75
εισόδημά,5,0.75
15.8.2012,5,0.75
ακρογωνιαίος,5,0.75
διακυβερνηση,5,0.75
κτ,5,0.75
υπεργολαβικός,5,0.75
ανάλογου,5,0.75
συνδεόμενο,5,0.75
εκδοτών·,5,0.75
διακανονισμό·,5,0.75
προγραμματιστεί,5,0.75
ευκρίνεια,5,0.75
εακαα·,5,0.75
μεταφορά·,5,0.75
ευανάγνωστα,5,0.75
διακινούνται,5,0.75
κανόνες·,5,0.75
φορτώνω,5,0.75
nr,5,0.75
λειτουργική,5,0.75
certificado,5,0.75
ελέγχων·,5,0.75
υπολογισμου,5,0.75
συνεδριάσεων·,5,0.75
μηχαναγνώσιμος,5,0.75
επαρκως,5,0.75
άρρηκτα,5,0.75
χρηματομεσίτη,5,0.75
aii,5,0.75
σήμαινε,5,0.75
υπερέβαινε,5,0.75
1970,5,0.75
1974,5,0.75
προκείμενος,5,0.75
πρωτοδικείο,5,0.75
επιβάρυνε,5,0.75
ασφαλεια,5,0.75
δικαιου,5,0.75
επιχειρήματος,5,0.75
συνελεύση,5,0.75
ματαίωση,5,0.75
εναπομενόντος,5,0.75
συγκαλέσει,5,0.75
μετοχών·,5,0.75
έβδομη,5,0.75
29.12.2012,5,0.75
παρατάθηκε,5,0.75
τεράστιος,5,0.75
εξειδικευθεί,5,0.75
περιείχαν,5,0.75
αυτεπαγγέλτως,5,0.75
συμφωνηθέντων,5,0.75
εκδηλώνω,5,0.75
ασήμαντων,5,0.75
συστημικοί,5,0.75
ευρισκόμενος,5,0.75
άνισης,5,0.75
διασύνδεσή,5,0.75
εκατομμυρίου,5,0.75
συγκεκριμενοποίηση,5,0.75
επειγουσών,5,0.75
αναπτυγμένος,5,0.75
υποτιμηθούν,5,0.75
o-sii,5,0.75
υποόμιλο,5,0.75
κρυφή,5,0.75
προθέσεων,5,0.75
τριετούς,5,0.75
κυρώσεων,5,0.75
αμφιβόλω,5,0.75
ηπα·,5,0.75
δραστηριότητα·,5,0.75
έτυχε,5,0.75
μεκ,5,0.75
αντιλλών,5,0.75
προϊόντο,5,0.75
353,5,0.75
στοχοθετημένα,5,0.75
c)·,5,0.75
εμφόρτου,5,0.75
επιγραφών,5,0.75
συναρμολογώνη,5,0.75
πορίσματός,5,0.75
συμπληρωμένο,5,0.75
επιλέγει,5,0.75
ακολουθηθούν,5,0.75
επαναληφθούν,5,0.75
ημιτελούς,5,0.75
νεα,5,0.75
εξαίρεση·,5,0.75
ημιτελών,5,0.75
εικαζόμενης,5,0.75
αναμφισβήτητος,5,0.75
εφιστάται,5,0.75
2009/63/εκ,5,0.75
3.10.2009,5,0.75
ops,5,0.75
καμπίνα,5,0.75
τροχαίος,5,0.75
χρώ,5,0.75
χειριστηρίου,5,0.75
μονάδα·,5,0.75
τετράτροχος,5,0.75
υγροποιημένο,5,0.75
quadri-mobile,5,0.75
μικροαυτοκίνητα,5,0.75
προωθούμενος,5,0.75
ηλεκτροκίνητος,5,0.75
iv·,5,0.75
αναδόχων,5,0.75
προσομοιώνω,5,0.75
ωσάν,5,0.75
ύστατος,5,0.75
ακυρώνομαι,5,0.75
ενδελεχώς,5,0.75
κοντινός,5,0.75
επανεξέτασης·,5,0.75
μοχλευόμενος,5,0.75
εκθέσεών,5,0.75
υπονομεύσουν,5,0.75
οφείλονται,5,0.75
θεματοφυλακή·,5,0.75
πιστεύεται,5,0.75
δικαιούχων·,5,0.75
επανεπενδυθεί,5,0.75
επαγγελματίες,5,0.75
ασκήζω,5,0.75
μετρήσιμου,5,0.75
ισότιμα,5,0.75
ανακάλλω,5,0.75
σημαντικότερα,5,0.75
εκδοθεισών,5,0.75
δυναμική,5,0.75
φραγμοί,5,0.75
συμβουλίων,5,0.75
σχολιάζω,5,0.75
εισήγαγαν,5,0.75
ελκυστικότητα,5,0.75
συνομολογήζω,5,0.75
8δ,5,0.75
6β,5,0.75
εκτελούμενης,5,0.75
ληφθεί·,5,0.75
φορά·,5,0.75
καταστροφικός,5,0.75
πρόσφατης,5,0.75
βραχυπρόθεσμο,5,0.75
αμοιβαιοποίηση,5,0.75
εύρη,5,0.75
δώζω,5,0.75
αυστηρή,5,0.75
ταμιευτηρίος,5,0.75
λεπτομερειακός,5,0.75
εισαγωγής,5,0.75
508,5,0.75
ενοποιησης,5,0.75
απορροφάς,5,0.75
πρόσθετου,5,0.75
αποπληρωθούν,5,0.75
ευρής,5,0.75
προσθετα,5,0.75
ολοκληρωμένη,5,0.75
ποιότητά,5,0.75
διατυπωμένος,5,0.75
δανειζομένος,5,0.75
κατέγραψαν,5,0.75
πιστούχοι,5,0.75
δανειστούν,5,0.75
αθετηθεί,5,0.75
πιστούχοις,5,0.75
παρατάσεων,5,0.75
καθιερωμένα,5,0.75
παρέχουσα,5,0.75
εμπορική(-ές,5,0.75
εμπράγματες,5,0.75
ρευστοποιήσεων,5,0.75
ενεχυριασμένα,5,0.75
σύμβασης-πλαισίου,5,0.75
τυποποιημένης,5,0.75
μονοκατάληκτο,5,0.75
σταθμίσεων,5,0.75
στερεότυπο,5,0.75
προσδιορισθείσα,5,0.75
πετύχαινε,5,0.75
μεγίστος,5,0.75
ξαφνικά,5,0.75
υπόδειγμά,5,0.75
απομακρυσμένο,5,0.75
απορροφήζω,5,0.75
εκκαθαριστή,5,0.75
λήξη·,5,0.75
χρηματιστηριακοί,5,0.75
κανονιστικοί,5,0.75
αποτελεσματικότητάς,5,0.75
αντιστοιχιστεί,5,0.75
τιτλοποιηθούν,5,0.75
ταχός,5,0.75
διακρατήθηκαν,5,0.75
484παράγραφος,5,0.75
παραιτώνη,5,0.75
αεροσκαφών,5,0.75
ανερχόμενος,5,0.75
προχρηματοδοτούμενων,5,0.75
ruf,5,0.75
209,5,0.75
341,5,0.75
348,5,0.75
πολλαπλασιασμένου,5,0.75
αξιοποιούνται,5,0.75
συνδυαστούν,5,0.75
2013/40,5,0.75
υπαιτιότητα,5,0.75
2.95,5,0.75
εκτιμώμενης,5,0.75
σχήματα,5,0.75
2001/82/εκ,5,0.75
άλατα,5,0.75
διέρχω,5,0.75
1»·,5,0.75
μετατρέψιμο,5,0.75
συσσωρευμένων,5,0.75
μετατροπέος,5,0.75
μέγιστη(-ες)/ελάχιστη(-ες,5,0.75
πάλμωση,5,0.75
κλίμακες,5,0.75
σωματίδια,5,0.75
συνεχέςς,5,0.75
στηρίγμα,5,0.75
αγώγιμα,5,0.75
βαφή,5,0.75
απενεργοποιείται,5,0.75
ταχυμέτρου,5,0.75
οδόμετρο,5,0.75
αντανακλαστήρας,5,0.75
ομαδοποιημένων,5,0.75
πορείας·,5,0.75
θύρη,5,0.75
b1,5,0.75
23.11.2011,5,0.75
τεκμηριώσουν,5,0.75
χαρακτηριώνσ,5,0.75
αφαιρουμένου,5,0.75
έκδοσης·,5,0.75
κάμψη,5,0.75
φραγμών,5,0.75
επιτυχών,5,0.75
11]·,5,0.75
προσιτής,5,0.75
μισό,5,0.75
ανιχνευσιμότητα,5,0.75
συμπίληση,5,0.75
απαραίτητων,5,0.75
cpc,5,0.75
2014/40,5,0.75
εκρηκτικά,5,0.75
2004/57/εκ,5,0.75
εγχυτή,5,0.75
ρίχνω,5,0.75
μεταδοθεί,5,0.75
φωτοβολίδες,5,0.75
βλήμα,5,0.75
προλαμβάνεται,5,0.75
κρούση,5,0.75
υπόγειος,5,0.75
μονοξείδιο,5,0.75
πυραύλων,5,0.75
κατασκευασμένων,5,0.75
επαληθεώνυ,5,0.75
κεκραμένο,5,0.75
πυθμένος,5,0.75
συναρμολογήσεις,5,0.75
ραδιοεπικοινωνία,5,0.75
συμβατότητάς,5,0.75
ραδιοερασιτέχνες,5,0.75
δέκτης,5,0.75
θερμιδόμετρα,5,0.75
περιβάλλοντα,5,0.75
δονήσεων,5,0.75
μίζα,5,0.75
ηλεκτροστατικός,5,0.75
επαναληφθεί,5,0.75
σφράγιση,5,0.75
q4,5,0.75
εκμεταλλεύω,5,0.75
μετρούμενου,5,0.75
προβλεπτός,5,0.75
φ,5,0.75
αισθητήρος,5,0.75
θερμιδόμετρου,5,0.75
λίτρα,5,0.75
υγροποιημένος,5,0.75
ανακόπτω,5,0.75
στρογγυλεμένη,5,0.75
βαγονιού,5,0.75
ταξί,5,0.75
σβήνω,5,0.75
αντιγραφή,5,0.75
μετροταινία,5,0.75
κλάσματο,5,0.75
διέθεσαν,5,0.75
εξοπλιστεί,5,0.75
ακεραιότητάς,5,0.75
ορυχείων,5,0.75
οικόσιτο,5,0.75
εκτόνωση,5,0.75
δυσχερεία,5,0.75
περιβλήματος,5,0.75
ανάσχεση,5,0.75
απαγωγή,5,0.75
ηλεκτροδότηση,5,0.75
παράσιτο,5,0.75
ραδιοκύματα,5,0.75
676/2002/εκ,5,0.75
κεραία,5,0.75
ghz,5,0.75
οδηγια,5,0.75
μικροδιαύλων,5,0.75
πλακιδίων,5,0.75
ασύρματος,5,0.75
κρυστάλλων,5,0.75
υδραργύρους,5,0.75
—δηλαδή,5,0.75
χειροποίητος,5,0.75
τέχνα,5,0.75
λειτουργήσουν,5,0.75
δημόσιας,5,0.75
αλληλένδετες,5,0.75
προχρηματοδοτημένοι,5,0.75
ενωτικός,5,0.75
επιδεινωθεί,5,0.75
θυγατρικό·,5,0.75
ευρος,5,0.75
κάλυψης·,5,0.75
κοινωνική,5,0.75
οριζόμενους,5,0.75
συγκροτήζω,5,0.75
επιθεωρήσεων·,5,0.75
επιθεωρούμενος,5,0.75
τοπίο,5,0.75
κγπ,5,0.75
καπ,5,0.75
ζω,5,0.75
αδειοδοτημένους,5,0.75
2014/57/εε,5,0.75
απρόβλεπτης,5,0.75
κατηγορούμενος,5,0.75
αρμοδία,5,0.75
σπίτι,5,0.75
σταθερότητας·,5,0.75
επιδράζω,5,0.75
αποκαλυφθεί,5,0.75
καταδείξουν,5,0.75
ακολούθησε,5,0.75
αποφευχθεισών,5,0.75
κατηγορώ,5,0.75
μεταβατική,5,0.75
δυ,5,0.75
αναστολές,5,0.75
υποβληθεισών,5,0.75
εξασφαλιζονται,5,0.75
τριακοστή,5,0.75
διορισμενο,5,0.75
θετικης,5,0.75
ά,5,0.75
7.β5.(δ)(i,5,0.75
140-150,5,0.75
010-040·,5,0.75
290-400·,5,0.75
ναι·,5,0.75
οτ,5,0.75
1.82(ε,5,0.75
7.9,5,0.75
διαθεσιμα,5,0.75
αποτιμώμενος,5,0.75
13.93(β,5,0.75
39.55(α,5,0.75
2.99(γ,5,0.75
32.4,5,0.75
12.b12(β,5,0.75
124(ιη,5,0.75
12.21.(β)(iii,5,0.75
39.11a-12,5,0.75
παθητικό(9,5,0.75
παθητικό(14,5,0.75
χονδρεμπόριο,5,0.75
7.16,5,0.75
απομειωμενα,5,0.75
υποβληθής,5,0.75
κατηγοριοποιηθούν,5,0.75
αναταξινομηθούν,5,0.75
απαιτείται–,5,0.75
εκχωρηθείσας,5,0.75
020-250,5,0.75
αγορασθείσα,5,0.75
εμπορίου·,5,0.75
συμψηφίσουν,5,0.75
crd,5,0.75
1/1,5,0.75
λευκόχρυσος,5,0.75
δεικτης,5,0.75
μεταβατικώς,5,0.75
σταθμίσεωνς,5,0.75
υπολογίσιμο,5,0.75
ενεχυριασθέντα,5,0.75
asa,5,0.75
β9,5,0.75
οίκον,5,0.75
-και,5,0.75
εκαχ,5,0.75
252,5,0.75
-sa,5,0.75
le4,5,0.75
έλεγχος)·,5,0.75
αποτέλεσμα·,5,0.75
μόλυβδου,5,0.75
pvc,5,0.75
εποπτικό,5,0.75
φορτωμένος,5,0.75
προκαταρκτικοί,5,0.75
υπονοούμενος,5,0.75
129,5,0.75
"12.29(α),(β",5,0.75
πλαισιου,5,0.75
περιλαμβάνεται·,5,0.75
δυσχέρειες·,5,0.75
ανακλητής,5,0.75
ρητρών·,5,0.75
μεγάλων,5,0.75
170-180,5,0.75
360-370,5,0.75
340-350,5,0.75
2015/488,5,0.75
πιστοποιείται,5,0.75
ονομασία(-ες,5,0.75
δεξιάς,5,0.75
αριστερής,5,0.75
αρθρωτής,5,0.75
προπορεία,5,0.75
dm3,5,0.75
στομίου,5,0.75
πλευρών,5,0.75
ανακλαστήρας,5,0.75
min,5,0.75
εναλλάκτης,5,0.75
κλειδαριά,5,0.75
ερπύστριος,5,0.75
αποσβεστήρες,5,0.75
συμπιεστής,5,0.75
κολόνα,5,0.75
μάνδαλα,5,0.75
εμπρόσθιου,5,0.75
23.1.2015,5,0.75
πεζός,5,0.75
κεφαλαίος,5,0.75
χειρότερα,5,0.75
κοινοποίηση·,5,0.75
attesterer,5,0.75
riktigheten,5,0.75
84/641/εοκ,5,0.75
87/344/εοκ,5,0.75
74.,5,0.75
δηλωτέων,5,0.75
ασφαλιστήριου,5,0.75
εξαιρούμενοι,5,0.75
δικαιοδοσία·,5,0.75
αυτοπιστοποίησης,5,0.75
ταυτοποιώνη,5,0.75
ευλογοφάνεια,5,0.75
αναξιόπιστος,5,0.75
χρηματοοικονομικού,5,0.75
επανεπενδύσεις,5,0.75
πρόγραμμα·ς,5,0.75
2015·,5,0.75
καταπιστεύματος,5,0.75
προσδόκιμος,5,0.75
ασφαλίστρου,5,0.75
κατοχυρωμένη,5,0.75
συμμετέχουσας,5,0.75
—που,5,0.75
έμπειρος,5,0.75
νήσος,5,0.75
μαν,5,0.75
τζέρζι,5,0.75
εδαφων,5,0.75
αντιπροέδρος,5,0.75
bar·l,5,0.75
ενσωμάτωσή,5,0.75
αποστράγγιση,5,0.75
γενός,5,0.75
γενεά,5,0.75
σκόπιμα,5,0.75
επικονίαση,5,0.75
παρουσιάστε,5,0.75
1210/2003,5,0.75
κατακερματισμένος,5,0.75
κοινοποιήνω,5,0.75
καταβάλουν,5,0.75
διασταυρούμενης,5,0.75
αδιανέμητων,5,0.75
διαλειτουργικοί,5,0.75
έκβασής,5,0.75
1187/2014,5,0.75
προκύπτοντος,5,0.75
υγροποιημένου,5,0.75
δηλούντες,5,0.75
εφεδρεία,5,0.75
δηλούσας,5,0.75
ημέρες,5,0.75
συναφθείσα,5,0.75
αναφερθείσας,5,0.75
δηλούσα,5,0.75
μονοσήμαντα,5,0.75
πρωτογενείς,5,0.75
συντονίζονται,5,0.75
ελάμβανε,5,0.75
κωλύουσας,5,0.75
παρακώλυση,5,0.75
ανήκει·,5,0.75
6.6.2014,5,0.75
διακρίβωση,5,0.75
ρυθμίση,5,0.75
finmaς,5,0.75
dbp,5,0.75
γραμματίων,5,0.75
συναλλαγή·,5,0.75
αναγράφονται,5,0.75
επιβεβαιώστε,5,0.75
λάβετε,5,0.75
ενοικιάσιμου,5,0.75
περιγράψετε,5,0.75
μεικτό,5,0.75
επισκευές,5,0.75
μεσεγγυήσεις,5,0.75
κενής,5,0.75
διακατοχής,5,0.75
ενοικιαστή,5,0.75
τελή,5,0.75
τελευταίας,5,0.75
iv)·,5,0.75
ιδιοσυγκρασιακός,5,0.75
31·,5,0.75
υποθηκευθεί,5,0.75
87/102/εοκ,5,0.75
22.5.2008,5,0.75
τερματιστούν,5,0.75
παράγωγο·,5,0.75
προσμέτρηση,5,0.75
αφερεγγυότητας·,5,0.75
καλυπτόμενες,5,0.75
16028:2006,5,0.75
ακινητοποιώνη,5,0.75
κλειστή,5,0.75
ελευθερώνεται,5,0.75
τροφοδοτούμενος,5,0.75
2.5.6,5,0.75
r4a,5,0.75
v1ς,5,0.75
σταθεροποιείται,5,0.75
απορροφούμενος,5,0.75
τζόγος,5,0.75
7)·,5,0.75
πολυαξονικά,5,0.75
έλξης·,5,0.75
πηδάλιο,5,0.75
πιέζω,5,0.75
2.1.4,5,0.75
3.1.3,5,0.75
ελεγχόμενοι,5,0.75
kh,5,0.75
εφοδιασμένη,5,0.75
ιδιοι,5,0.75
εκδοθεντες,5,0.75
ομολογων,5,0.75
γραμμες,5,0.75
εκτελεσμένος,5,0.75
παρακρατηθέντης,5,0.75
r010,5,0.75
πειρατικός,5,0.75
ληστειών,5,0.75
ακτός,5,0.75
atalanta/,5,0.75
2ος,5,0.75
μικρόφωνο,5,0.75
διεισδύω,5,0.75
απαγορευτεί,5,0.75
2009/48/εκ,5,0.75
παιχνιδιών,5,0.75
άφεση,5,0.75
εκφραστούν,5,0.75
απορριφθείσα,5,0.75
2015/923,5,0.75
γιλέκα,5,0.75
λαναρισμένο,5,0.75
κάλτσες,5,0.75
υφασμάτων,5,0.75
ινός,5,0.75
επεξεργασμένος,5,0.75
2015/942,5,0.75
2015/1278,5,0.75
κiνδυνος,5,0.75
13.6.2014,5,0.75
χαρακτηριστικά·,5,0.75
+32,5,0.75
bp,5,0.75
αυτοαπασχολούμενοι,5,0.75
ημερομηνίος,5,0.75
παράρτημα·,5,0.75
2015/2344,5,0.75
προτύπο,5,0.75
αποφάσεις,5,0.75
κλιμακίων,5,0.75
2015/28,5,0.75
1”·,5,0.75
οφείλονταν,5,0.75
επονομαζόμενος,5,0.75
23.7.2014,5,0.75
γνωστοποάιλω,5,0.75
διαρθρωτικά,5,0.75
λογαριασμός(-ός,5,0.75
συμφωνίας(-ιών,5,0.75
καιρόνς,5,0.75
9.4,5,0.75
εισάγετε,5,0.75
πληρούν,5,0.75
απειλητικός,5,0.75
ασφαλειοδότη,5,0.75
αντιτίμος,5,0.75
συμμετέχοντα·,5,0.75
εμβλήμα,5,0.75
ανακλαστικός,5,0.75
αναγνωσιμότητα,5,0.75
βαίνω,5,0.75
2015/2290,5,0.75
πρόσκαιρης,5,0.75
κακάο,5,0.75
επιπλήξεις,5,0.75
χρηματιστήρια,5,0.75
meti,5,0.75
ντουμπάι,5,0.75
2016/1034,5,0.75
απόηχος,5,0.75
χρηματοδοτούσες,5,0.75
ελιγμή,5,0.75
μεσοδιάστημα,5,0.75
σ',5,0.75
αποθεματικών·,5,0.75
κατοβάλλω,5,0.75
χαρακτηρίστηκε,5,0.75
μεσοσταθμικός,5,0.75
φερέγγυων,5,0.75
εβδομαδιαίων,5,0.75
συντονισμένη,5,0.75
αιθοξυλιωμένες,5,0.75
εννεϋλοφαινόλες,5,0.75
ρευστότητα·,5,0.75
υπο-δομή,5,0.75
υποτώνε,5,0.75
προϊόν·,5,0.75
fv,5,0.75
2016/200,5,0.75
lrqua,5,0.75
2016/313,5,0.75
uwf,5,0.75
igcp,5,0.75
μετατρέπονταν,5,0.75
mtm,5,0.75
1/2/3,5,0.75
δανειζόμενο,5,0.75
1.1.7.2,5,0.75
1.1.7,5,0.75
εξασφαλισμένης,5,0.75
κεφαλαιαγοράς·,5,0.75
1.1.11,5,0.75
150·,5,0.75
οικία,5,0.75
εμπορευματοκιβωτίων,5,0.75
νιτρικός,5,0.75
κασσίτερος,5,0.75
αναδυόμενες,5,0.75
δεξαμενόπλοια,5,0.75
αποκλίνουσα,5,0.75
σταθμών,5,0.75
μεταφράζομαι,5,0.75
εκτροχιασμός,5,0.75
χρησιμοποιούνται·,5,0.75
εξασθένιση,5,0.75
απορρίπτομαι,5,0.75
ιοντίζων,5,0.75
συστατικών,5,0.75
τοποθετήθηκαν,5,0.75
αναγραφόμενα,5,0.75
3.4.3,5,0.75
2016/428,5,0.75
41.00,5,0.75
υπολογισμος,5,0.75
"110,010",5,0.75
"250,010",5,0.75
2018·,5,0.75
2019·,5,0.75
2020·,5,0.75
25.6.2014,5,0.75
επιτάσσω,5,0.75
προσκρούω,5,0.75
έργου·,5,0.75
πρόσωπα·,5,0.75
βασιζόμενου,5,0.75
συνδεόμενου,5,0.75
2016/778,5,0.75
ενδοημερησίων,5,0.75
δήλωση·,5,0.75
→,5,0.75
ανώτερο,5,0.75
επιπτωσεις,5,0.75
ρήτρας,5,0.75
αλληλέγγυας,5,0.75
σχολίων,5,0.75
εξαλείψουν,5,0.75
παραβιάστηκαν,5,0.75
†,5,0.75
2016/22,5,0.75
εξαγάγουν,5,0.75
επικαιροποιήζω,5,0.75
4.0.2,5,0.75
διευκρινιστούν,5,0.75
3.2.5,5,0.75
6.7,5,0.75
6.5.10,5,0.75
5.7.8,5,0.75
7.1.2,5,0.75
β4.1.9δ,5,0.75
7.2.15,5,0.75
7.2.2,5,0.75
εκκαθαριστικοί,5,0.75
ρυθμισμένος,5,0.75
αποσβεστούν,5,0.75
6.5.11,5,0.75
δ19,5,0.75
β8α,5,0.75
εννοώ,5,0.75
ζημίας·,5,0.75
hyp,5,0.75
βαθμίδα/-ες,5,0.75
μεσοπρόθεσμο,5,0.75
πενταετές,5,0.75
πραγματικές/365,5,0.75
κανονιστικό,5,0.75
107.02,5,0.75
2016/2148,5,0.75
δικαιώ,5,0.75
υποθήκευση,5,0.75
συλλέγων,5,0.75
αντισυμβαλλόμενου·,5,0.75
1016/2010,5,0.75
1253/2014,5,0.75
υπολογίσθηκαν,5,0.75
θερμαντήρων,5,0.75
τεμαχίου,5,0.75
"1,00",5,0.75
νάρκη,5,0.75
καλλιεργούμενος,5,0.75
σαξονία,5,0.75
αμφισβήτησε,5,0.75
ενδιαφέρομαι,5,0.75
αβέβαια,5,0.75
ανατροφοδότηση,5,0.75
εισέπραξαν,5,0.75
στοιχηματίζεται,5,0.75
παύλα,5,0.75
ανέπτυξε,5,0.75
κατ-παρόχους,5,0.75
αξιόγραφ,5,0.75
συστημά,5,0.75
διαβουλευση,5,0.75
δικαιοδοσιών,5,0.75
2014/65/εε,5,0.75
εμπόρευμα·,5,0.75
εσωτερικεύω,5,0.75
2017/572,5,0.75
δοθείσα,5,0.75
τόπου·,5,0.75
bbo,5,0.75
ανύπαρκτα,5,0.75
λανθασμένων,5,0.75
συνδετικότητα,5,0.75
χιλιοστό,5,0.75
ολικά,5,0.75
2017/583·,5,0.75
αυτοματοποιώνη,5,0.75
οργανωμένους,5,0.75
21.3.2014,5,0.75
μείον)·,5,0.75
εκτελέσιμο,5,0.75
10.3,5,0.75
πρόσληψή,5,0.75
15.9.2015,5,0.75
2017/23,5,0.75
μείζονοςς,5,0.75
cea,5,0.75
εντάλματα,5,0.75
αδικημάτων,5,0.75
αλληλεξαρτώμενες,5,0.75
επανεπεξεργαστής,5,0.75
επανεπεξεργασμένου,5,0.75
συγκροτήσει,5,0.75
νόσο,5,0.75
ράμμα,5,0.75
βίδα,5,0.75
σφήνα,5,0.75
ορθοπεδικός,5,0.75
srn,5,0.75
σωματίδι,5,0.75
ενδοκρινικός,5,0.75
διαταράκτη,5,0.75
επικυρωμένων,5,0.75
συναρμογών,5,0.75
αρμοδίων,5,0.75
εγκεφαλικός,5,0.75
δόντι,5,0.75
ημερομηνία].,5,0.75
ηη.μμ.εεεε,5,0.75
2017/988,5,0.75
2017/1110,5,0.75
80/390/εοκ,5,0.75
εκτύπωσή,5,0.75
21·,5,0.75
διασυνοριακες,5,0.75
πωλούντα,5,0.75
πανικός,5,0.75
σμδζ,5,0.75
ληκτοτήτων,5,0.75
19.120(γ,5,0.75
9.5.7.10-11,5,0.75
9.5.5.2,5,0.75
φορων,5,0.75
φορους,5,0.75
β)(i,5,0.75
2.107-108,5,0.75
9.6.5.2(β,5,0.75
89a,5,0.75
114-132,5,0.75
2.171-172,5,0.75
2.179,5,0.75
"7.8(α)(ii),δπχα",5,0.75
9.προσάρτημα,5,0.75
2.241(α,5,0.75
2.284(η,5,0.75
2.288-291,5,0.75
bad.παθητικό(12,5,0.75
bad.παθητικό(14,5,0.75
bad.παθητικό,5,0.75
1.25,5,0.75
1.16(α,5,0.75
11.4,5,0.75
256(β,5,0.75
αφαιρούμενων,5,0.75
πιστοληπτικης,5,0.75
μετρίου,5,0.75
σαββατοκύριακα,5,0.75
cq,5,0.75
φυσιολογία,5,0.75
συμμορφώνονταν,5,0.75
παλιός,5,0.75
μηδέν·,5,0.75
sec-irba,5,0.75
επίμαχης,5,0.75
2018/165,5,0.75
περιθωρια,5,0.75
τύπο·,5,0.75
12κθ,5,0.75
30.9.2014,5,0.75
28.11.2015,5,0.75
2894/94,5,0.75
30.11.1994,5,0.75
3.1.1994,5,0.75
2016/1675,5,0.75
πλαστός,5,0.75
7.2.34,5,0.75
2018/815,5,0.75
αναφέρεται·,5,0.75
λαβή,5,0.75
ευθραυστότητα,5,0.75
96/53/εκ,5,0.75
συνεργαζόμενες,5,0.75
ασθενοφόρα,5,0.75
αμαξίδιος,5,0.75
ημιρυμουλκουμένου,5,0.75
τοίχωμα,5,0.75
κεκλιμένος,5,0.75
n2,5,0.75
n3,5,0.75
ημιρυμουλκούμενα,5,0.75
άλλο)·,5,0.75
3833:1977,5,0.75
διώροφος,5,0.75
130/2012,5,0.75
υπερκατασκευή,5,0.75
kn,5,0.75
επιβεβαιώνο,5,0.75
αντιγράψτε,5,0.75
καταχώρισε,5,0.75
07.04,5,0.75
0380,5,0.75
0520,5,0.75
επενδυτικα,5,0.75
συνολικη,5,0.75
0100,5,0.75
αντιστοιχιστούν,5,0.75
αρμόδιο/-α,5,0.75
εφαρμοζόμενης,5,0.75
2018/1845,5,0.75
2018/26,5,0.75
καταχώριση.»·,5,0.75
2.4.5,5,0.75
προσκαλώ,5,0.75
πιθανολογούμενος,5,0.75
επιλογης,5,0.75
43α,5,0.75
223/2014,5,0.75
απόκειται,5,0.75
εισέλθουν,5,0.75
κεφάλι,5,0.75
σπάσιμο,5,0.75
ασφυξία,5,0.75
αναφερθείσα,5,0.75
πώμα,5,0.75
δείτε,5,0.75
αρχίστε,5,0.75
πιάνω,5,0.75
ακρωτηριασμός,5,0.75
κλονισμός,5,0.75
στραγγαλισμός,5,0.75
χαλάρωση,5,0.75
παρισιού,5,0.75
τριπλής,5,0.75
φορολογούμενες,5,0.75
χόλντινγκ,5,0.75
1929,5,0.75
l'article,5,0.75
qui,5,0.75
2.α,5,0.75
22.3.2019,5,0.75
141β,5,0.75
μ-μδπ,5,0.75
2019/356,5,0.75
επανεπενδυόμενων,5,0.75
2019/357,5,0.75
αντίστοιχο,5,0.75
2017/587,5,0.75
2019/630,5,0.75
47β,5,0.75
αποδόθηκαν,5,0.75
εξής:»·,5,0.75
i)»·,5,0.75
ποσό.»·,5,0.75
εοχ·,5,0.75
αποζημιώσεις,5,0.75
2019/1020,5,0.75
2016/97,5,0.75
χορηγηθέντα,5,0.75
ασυνεπών,5,0.75
ένωσης·»·,5,0.75
πράξεις.»·,5,0.75
εξακριβώσιμοι,5,0.75
38θ,5,0.75
38ια,5,0.75
38ιδ,5,0.75
48ιβ,5,0.75
διευκολυντικός,5,0.75
2020/525,5,0.75
εικόνα1].,5,0.75
άτακτος,5,0.75
2.12.2020,5,0.75
4.6.2020,5,0.75
εες,5,0.75
2020/187,5,0.75
2020/8,5,0.75
2014/62,5,0.75
26ε,5,0.75
26ε.»·,5,0.75
απορροφώμενης,5,0.75
31.1.2017,5,0.75
ημεδαπές,5,0.75
επαναγορασθέν,5,0.75
οικιστικό,5,0.75
cdr,5,0.75
κριτηρίου,5,0.75
μειούμενου,5,0.75
παραιτηθούν,5,0.75
7.35ιγ(α,5,0.75
7.35ιγ(β)(i,5,0.75
2008)1,5,0.75
φθαλοκυανίνη,5,0.75
15:3,5,0.75
τολουιδίνος,5,0.75
25.3.2020,5,0.75
2019/515·,5,0.75
30.10.2018,5,0.75
αντιστοιχει,5,0.75
0090-0130,5,0.75
2.194ii,5,0.75
2.284(ιστ,5,0.75
τελος,5,0.75
υπερβάλλουσες,5,0.75
xxiv,5,0.75
1.2.6,5,0.75
7.6.2019,5,0.75
34.08,5,0.75
35.03,5,0.75
κλιμακα,5,0.75
132α,5,0.75
0120,5,0.75
297(ε,5,0.75
428δ,5,0.75
παραλλαγή/-ές,5,0.75
βαρέων,5,0.75
rde,5,0.75
οικολογική/-ές,5,0.75
καινοτομία/-ες,5,0.75
ρυθμιζομένων,5,0.75
επιτροπής(1,5,0.75
επιτροπής(2,5,0.75
2001/108/eκ,4,0.6
διαμορφωμένα,4,0.6
συγκλίνων,4,0.6
13.2.2002,4,0.6
επιλυθούν,4,0.6
επιδείξει,4,0.6
καταβλητέων,4,0.6
επενδυτής·,4,0.6
ποιο,4,0.6
ακριβέστερη,4,0.6
πολυάριθμος,4,0.6
γνήσιας,4,0.6
δεκτοίς,4,0.6
πληρέστερος,4,0.6
αποτελεσματικότερο,4,0.6
αρχειοθέτηση,4,0.6
οργανωθεί,4,0.6
παραβάσεων·,4,0.6
2001/34/eκ,4,0.6
12]·,4,0.6
13]·,4,0.6
πενταετή,4,0.6
καταρτιώνσ,4,0.6
εποπτικά,4,0.6
ανταλλάγματι,4,0.6
μετόχου,4,0.6
εγκυκλίος,4,0.6
προσκληθούν,4,0.6
κοινολογεί,4,0.6
κοινολογούνται,4,0.6
θεσπισθείσε,4,0.6
διαγράφονται·,4,0.6
υπεισέρχομαι,4,0.6
προστατεύσει,4,0.6
ιιi,4,0.6
έκαστος(-ο,4,0.6
πληρέσς,4,0.6
εγκριθέντα,4,0.6
χρήσεων·,4,0.6
συνταχθείσα,4,0.6
οργανα,4,0.6
επιβληθείσα,4,0.6
ετεροχρονισμένης,4,0.6
καταλογίσει,4,0.6
καταρτιστούν,4,0.6
συντάχνω,4,0.6
δημοσιευθούν,4,0.6
επαρκέζω,4,0.6
προαναγγελθεισών,4,0.6
οποία(-ες,4,0.6
δυνατής,4,0.6
επενδυόμενο,4,0.6
συνάφθηκε,4,0.6
διακοπούν,4,0.6
προκατόχος,4,0.6
περίληψή,4,0.6
εξηάγλω,4,0.6
εγγυησης,4,0.6
κοινο,4,0.6
πιστώ,4,0.6
κυριότερα,4,0.6
συμπληρωματικό,4,0.6
πολιτικη,4,0.6
εταιρειών)·,4,0.6
παρεμφερούς,4,0.6
εκφραόμενσς,4,0.6
ασυλία,4,0.6
καλυπτόμενοι,4,0.6
περιεχομενα,4,0.6
εκείνου,4,0.6
αποκαλούνται,4,0.6
2-7,4,0.6
επανακατατάξει,4,0.6
επιμετρήθηκε,4,0.6
κατ’αναλογία,4,0.6
μονόπλευρα,4,0.6
20(α,4,0.6
20(β,4,0.6
ανάμιξή,4,0.6
επανενεχυριάνω,4,0.6
μία,4,0.6
55(β,4,0.6
εξέταζε,4,0.6
δραστηριοποιείται,4,0.6
τούτοις,4,0.6
ανακύπτει,4,0.6
καταβολά,4,0.6
προσδιορίσθηκε,4,0.6
επενδύουσα,4,0.6
αναπροσαρμοστεί,4,0.6
εισπράξεών,4,0.6
επαναγοραστούν,4,0.6
συνδεμένος,4,0.6
οε27,4,0.6
λαμβανόταν,4,0.6
περιλάμβανε,4,0.6
στοιχέιου,4,0.6
18(β,4,0.6
μονόπλευρη,4,0.6
λήφνω,4,0.6
πωλήω,4,0.6
νμ9115,4,0.6
νμ10100,4,0.6
νμ40,4,0.6
νμ9090,4,0.6
νμ65,4,0.6
νμ25,4,0.6
επιμεριζόμενος,4,0.6
διατηρηθένς,4,0.6
εξαλείφεται,4,0.6
δέσμευσή,4,0.6
οε76,4,0.6
άτοκου,4,0.6
νμ2,4,0.6
απ’ότι,4,0.6
παράγωγης,4,0.6
κατ’ιδίαν,4,0.6
αντισταθμίνω,4,0.6
προσμετρηθεί,4,0.6
36a,4,0.6
σύμμορφη,4,0.6
ακινητοποιήσεις,4,0.6
ομοίων,4,0.6
κρατείται,4,0.6
εκτελεστέος,4,0.6
93/22/εoκ,4,0.6
10γ,4,0.6
24.11.2005,4,0.6
περιοριζόταν,4,0.6
διακρίσεως,4,0.6
αιτιολογημένες,4,0.6
έργων·,4,0.6
λήψεως,4,0.6
εαθ,4,0.6
μελών.»·,4,0.6
31.12.1991,4,0.6
2004/66/εκ,4,0.6
σημείωσε,4,0.6
διοχετευτεί,4,0.6
ημικατεργασμένος,4,0.6
αυξητικός,4,0.6
συγκεντρωθούν,4,0.6
συλλεχθούν,4,0.6
πολλά,4,0.6
γενικότερων,4,0.6
οε33β,4,0.6
τετραετής,4,0.6
2000/64/εκ,4,0.6
έμπρακτη,4,0.6
γδ,4,0.6
ολομέλεια,4,0.6
συσκέψεων,4,0.6
μετατράπηκε,4,0.6
κάλεσε,4,0.6
κλειστά,4,0.6
τροποποιεί,4,0.6
κινηση,4,0.6
ενδιαφερομενων,4,0.6
νοθεύσουν,4,0.6
794/2004,4,0.6
t-,4,0.6
μεριμνήω,4,0.6
υπήρξε,4,0.6
1984,4,0.6
διοικείται,4,0.6
ισοδυνάμων,4,0.6
θεωρία,4,0.6
πρότυπα·ς,4,0.6
προσόντα·,4,0.6
ελεγκτικά,4,0.6
μακροχρόνιας,4,0.6
καταχώρισης·,4,0.6
διευθύνσεων,4,0.6
απειλείται,4,0.6
οικειότητα,4,0.6
εκφοβισμός,4,0.6
κατεβλήθησαν,4,0.6
απασχοληθεί,4,0.6
συμφεροντος,4,0.6
διεθνεις,4,0.6
πληροφορούν,4,0.6
3)·,4,0.6
ορισθούν,4,0.6
αμετάβλητης,4,0.6
εμπορευσιμότητά,4,0.6
όρονς,4,0.6
γνώμονας,4,0.6
δανειοληπτής,4,0.6
ισόποσες,4,0.6
μόνη,4,0.6
κεφαλαιακή,4,0.6
υπόκεινταν,4,0.6
εναπομενουσών,4,0.6
προσυμφωνημένη,4,0.6
σκελός,4,0.6
σταυροειδούς,4,0.6
εξόφλησης·,4,0.6
διαμορφούμενους,4,0.6
ατελών,4,0.6
υπολογισθούν,4,0.6
συμψηφιζόμενος,4,0.6
συνεκτιμηθεί,4,0.6
έξαρση,4,0.6
αντιστοιχούντων,4,0.6
χαρτοφυλάκιά,4,0.6
υποδείγματος·,4,0.6
αποτύπωσή,4,0.6
ορίων·,4,0.6
παρεμπόδιζαν,4,0.6
διακανονισθεί,4,0.6
1976,4,0.6
διευθύνσεως,4,0.6
διευθύνση,4,0.6
ιδιαιτερότητές,4,0.6
συναφθούν,4,0.6
καταρτίσθηκε,4,0.6
ρυθμίνω,4,0.6
επανεπιμερισμός,4,0.6
επικαιροποιημένες·,4,0.6
πραγματογνωμοσύνη,4,0.6
παρακολουθούν·,4,0.6
καθοριστεί·,4,0.6
αντέβαινε,4,0.6
ανατίθενται·,4,0.6
ελλιπούς,4,0.6
καταθέσει,4,0.6
κέρδη·,4,0.6
διαδοχικής,4,0.6
διαδοθεί,4,0.6
συγκαλύπτω,4,0.6
αντιπρόσωπος·,4,0.6
εμπράγματου,4,0.6
ενταώνχ,4,0.6
πώληση·,4,0.6
καταάτσση,4,0.6
χαρτοφυλάκιο·,4,0.6
αντιμετωπιώνσ,4,0.6
τροποποιήσεις·,4,0.6
αντιπρόσωπο,4,0.6
περιληπτέο,4,0.6
προτιμήση,4,0.6
προτιμήσεως,4,0.6
παρήχθησαν,4,0.6
εισπραττόμενο,4,0.6
δημοσιευόμενων,4,0.6
μεταβατικοί,4,0.6
δηλώσουν,4,0.6
δεδουλευμενων,4,0.6
τραπεζογραμμα-τίων,4,0.6
2001/15,4,0.6
καθαροί,4,0.6
συμπεριλαμβανομένων,4,0.6
κτήσεώς,4,0.6
προσδιορίσιμες,4,0.6
δεσμευόμενος,4,0.6
εξερεύνηση,4,0.6
αναπροσαρμοσμένος,4,0.6
αντιλαμβάνω,4,0.6
διευρυνθούν,4,0.6
συζητήσουν,4,0.6
δεδώνο,4,0.6
εκδότης·,4,0.6
αγοραστών,4,0.6
σφαλμάτο,4,0.6
διατεθειμένοι,4,0.6
εκτελέσθηκαν,4,0.6
πηγές·,4,0.6
ανεπίδεκτος,4,0.6
μεταγωγή,4,0.6
ακυρώθηκε,4,0.6
50000000,4,0.6
1787/2006,4,0.6
αληθινός,4,0.6
8.12.2006,4,0.6
9.8.2007,4,0.6
περιελάμβανε,4,0.6
διαφορών·,4,0.6
ζητά,4,0.6
ετικετών,4,0.6
εκδότες·,4,0.6
ενημέρωσης·,4,0.6
16.8.2006,4,0.6
κατανοητα,4,0.6
μεριδιούχου,4,0.6
μερών·,4,0.6
αποσβεσθένς,4,0.6
κομβικός,4,0.6
καταλόγου,4,0.6
2223/96,4,0.6
εκκινώ,4,0.6
αυτούσιο,4,0.6
περίγραμμα,4,0.6
μικτά,4,0.6
όσες,4,0.6
διαγεγραμμένων,4,0.6
xlm,4,0.6
if_req_realloc,4,0.6
μεγεθών,4,0.6
αναδημοσιεύω,4,0.6
τριμηνιαίως,4,0.6
κάρτες,4,0.6
καταγραφόμενων,4,0.6
δεκτικός,4,0.6
κατωτάτων,4,0.6
κόσμου,4,0.6
bills,4,0.6
μεσοπρόθεσμοι,4,0.6
ευρωομόλογα,4,0.6
ανύπαρκτος,4,0.6
φανεί,4,0.6
αποφόρτιση,4,0.6
2005/16,4,0.6
obs_status,4,0.6
ηλεκτρονικη,4,0.6
σειρας,4,0.6
πολλαπλασιαστήςς,4,0.6
κοινές,4,0.6
pure_numb,4,0.6
τονισμένος,4,0.6
mir,4,0.6
προσδίδω,4,0.6
γνωρίσματος,4,0.6
προεπιλεγμένος,4,0.6
αιτιολογήσουν,4,0.6
στοιχειοσειρά,4,0.6
αντικαθιστώνται,4,0.6
υποβληθείσα,4,0.6
παρελθόντων,4,0.6
τούς,4,0.6
γραμμή·,4,0.6
παθητικού·,4,0.6
fund,4,0.6
eu_non_mfi_head,4,0.6
involved_mfi,4,0.6
involved_non_mfi,4,0.6
μοναδικότητα,4,0.6
λέξεων,4,0.6
καταστήματος·,4,0.6
ανακόλουθος,4,0.6
αλλοδαπού,4,0.6
not,4,0.6
involved_if,4,0.6
involved_non_ifς,4,0.6
άνεση,4,0.6
επικαρπία,4,0.6
κρατούσα,4,0.6
8.9.2007,4,0.6
υδατοκαλλιέργειας,4,0.6
ασθενειών,4,0.6
στόχευση,4,0.6
χρηματοδοτηθούν,4,0.6
απλουστεώνυ,4,0.6
συνεδρίου,4,0.6
προγραμματων,4,0.6
αξονες,4,0.6
παράκτια,4,0.6
συρόμενος,4,0.6
104/2000,4,0.6
τεχνητών,4,0.6
υπευθύνο,4,0.6
επιλεγμένο,4,0.6
διαπιστωμένος,4,0.6
παρατυπιες,4,0.6
εικασία,4,0.6
διαπράχθηκε,4,0.6
ανταλλαγη,4,0.6
ταμεία,4,0.6
προκρίνω,4,0.6
εμβληματος,4,0.6
μιάμιση,4,0.6
δεκαεξαδικός,4,0.6
υγιεινή,4,0.6
m2,4,0.6
ανασύσταση,4,0.6
δεξιοτή,4,0.6
οριζόντιων,4,0.6
προτάθηκαν,4,0.6
θεωρήθηκαν,4,0.6
ετων,4,0.6
δαπανων,4,0.6
δηλωσης,4,0.6
αναφερθείσες,4,0.6
αιτούμαι,4,0.6
ανακτηθηκαν,4,0.6
xiι,4,0.6
δηλώση,4,0.6
αποκεντρωμένος,4,0.6
..,4,0.6
μειώσουν,4,0.6
ευρατόμ,4,0.6
μεταποιητής,4,0.6
προσδιόρισαν,4,0.6
διερμηνεια,4,0.6
πραγματεύεται,4,0.6
οντότητας)·,4,0.6
αποδόσεώς,4,0.6
ξεχωριστή,4,0.6
εισοδήματος·,4,0.6
χώρες·,4,0.6
ζητηθεί,4,0.6
προμηθευτή·,4,0.6
εναρμονίσει,4,0.6
ζωοτροφό,4,0.6
φυτοπροστατευτικός,4,0.6
διαμορφώσει,4,0.6
αποφασιζουν,4,0.6
διατυπωμένες,4,0.6
κοινοτικη,4,0.6
αναλογίαν,4,0.6
διαπιστευμένα,4,0.6
τομεακής,4,0.6
αξιολόγηση—,4,0.6
μορφώνω,4,0.6
συνήψαν,4,0.6
χάρις,4,0.6
69/335/εοκ,4,0.6
1969,4,0.6
εναρμονισθεί,4,0.6
εκκαθαριστικό,4,0.6
εταίρο,4,0.6
επετεύχθη,4,0.6
επικράτειά,4,0.6
167,4,0.6
απαλείφεται,4,0.6
ρυθμιστεί,4,0.6
όλης,4,0.6
νοώνη,4,0.6
επιζητώ,4,0.6
αποδεσμευθεί,4,0.6
υπεβλήθησαν,4,0.6
παρασκεύασμα,4,0.6
ζωοτροφή,4,0.6
έλθει,4,0.6
απορρήτων,4,0.6
διεργαστηριακός,4,0.6
2988/95,4,0.6
19.10.1992,4,0.6
15.11.1996,4,0.6
επαναταξινομήνω,4,0.6
κατάστασης·,4,0.6
κεφαλαιοποιείται,4,0.6
κεφαλαιοποιηθεί,4,0.6
δαπανώ,4,0.6
οικόπεδο,4,0.6
επιβαρυνθεί,4,0.6
γέφυρα,4,0.6
παροχής,4,0.6
28α,4,0.6
κατάπτωση,4,0.6
συγκεντρώσουν,4,0.6
προσφερόμενη,4,0.6
εσόδου,4,0.6
επιμερίστηκε,4,0.6
ανταμοιβής,4,0.6
υπόσχεση,4,0.6
αβέβαιων,4,0.6
κρίθηκε,4,0.6
επικράτηση,4,0.6
παγκοσμιοποίηση,4,0.6
εναπομένοντα,4,0.6
απολύσεις,4,0.6
ανθρωπιστικός,4,0.6
αναπρογραμματισμός,4,0.6
πληρούσα,4,0.6
ενεχυριάζεται,4,0.6
ζωής·,4,0.6
συλλεχθεί,4,0.6
ελλειμματικός,4,0.6
αποθεματικών,4,0.6
πες,4,0.6
καθαρών,4,0.6
επιλέγεται,4,0.6
υποτιμήσεων,4,0.6
εκδούσα,4,0.6
διεκδίκηση,4,0.6
8a,4,0.6
τοποθετώντας,4,0.6
23a,4,0.6
75.,4,0.6
μετ,4,0.6
εξοδο,4,0.6
10a,4,0.6
κρατικη,4,0.6
41.,4,0.6
69a,4,0.6
εξοδου,4,0.6
προσδιορισμένο,4,0.6
όσοι,4,0.6
χορήγησή,4,0.6
συμψηφίζομαι,4,0.6
επαναδιατυπωμένες,4,0.6
ωφέλιμους,4,0.6
ποιός,4,0.6
δανεισμού·,4,0.6
παρεχομένων,4,0.6
όρου,4,0.6
απομακρυσμένων,4,0.6
δευτερευουσών,4,0.6
εξαντλούνται,4,0.6
αποδώσει,4,0.6
καλυπτόταν,4,0.6
ορόσημος,4,0.6
παρεμβάσεων,4,0.6
διατηρησιμότητα,4,0.6
αδυναμιών·,4,0.6
δίκαια,4,0.6
απέστειλαν,4,0.6
εταιρειας,4,0.6
ακολουθούμαι,4,0.6
φύλαξή,4,0.6
επαρκώς·,4,0.6
συγχωνευθούν,4,0.6
δικαστηρίο,4,0.6
περιοδικώς,4,0.6
επικαλύψεων,4,0.6
εισηόμενγς,4,0.6
προσφορά·,4,0.6
24β,4,0.6
άσκοπα,4,0.6
αρμοδιοτητες,4,0.6
αριθμείται,4,0.6
ιστοτόπο,4,0.6
64α,4,0.6
41β,4,0.6
63α,4,0.6
δέοντας,4,0.6
κολασμός,4,0.6
ανάλογοι,4,0.6
επιφορτισμένου,4,0.6
καθήκοντός,4,0.6
πάψουν,4,0.6
διάφορες,4,0.6
αντεπεξέλθει,4,0.6
οριζόντια,4,0.6
απώλειά,4,0.6
αναπόφευκτης,4,0.6
παρήγγειλε,4,0.6
αποδιοργάνωση,4,0.6
2002/14/εκ,4,0.6
πολλοί,4,0.6
εκαα,4,0.6
εξουσιοδοτημένους,4,0.6
σκοπού·,4,0.6
αναγνωρισμένη,4,0.6
ανήκοντης,4,0.6
παράγραφο·,4,0.6
εντάγω,4,0.6
εεσκ,4,0.6
απρογραμμάτιστο,4,0.6
εσωκλείω,4,0.6
μορφότυπα,4,0.6
ειδικοι,4,0.6
24·,4,0.6
απειλή·,4,0.6
εκτελεστικά,4,0.6
30].,4,0.6
έχοντες,4,0.6
26.3.1997,4,0.6
πολυβρωμοδιφαινυλαιθέρες,4,0.6
επιστημονικώς,4,0.6
υποκαταστάτων,4,0.6
υποκατάστατου,4,0.6
υποκαταστάτου,4,0.6
αντικαταστήζω,4,0.6
κατάλοιπο,4,0.6
ου,4,0.6
12.7.1993,4,0.6
εξασθενές,4,0.6
νατρίου,4,0.6
γυάλινος,4,0.6
ανθρακούχος,4,0.6
ψυγείο,4,0.6
οθόνα,4,0.6
γυαλιού,4,0.6
υαλότριμμα,4,0.6
μορφοτροπείς,4,0.6
υδράργυρο,4,0.6
αναστολέας,4,0.6
δοκίμια,4,0.6
ηλεκτροδίο,4,0.6
πλακίδιο,4,0.6
χοεδ.»·,4,0.6
6.»·,4,0.6
ουδένα,4,0.6
διευκολυνσεις,4,0.6
χρησιμεύσει,4,0.6
19.1,4,0.6
actual/360,4,0.6
επικρατέσς,4,0.6
29].,4,0.6
μεσολαβούν,4,0.6
φάσεις,4,0.6
συνολικά·,4,0.6
εοχ·ς,4,0.6
αχρησιμοποίητος,4,0.6
μητρώο·,4,0.6
ή·,4,0.6
δανείου-αξία,4,0.6
δδα,4,0.6
δικηγορικός,4,0.6
συγχρονίζω,4,0.6
οφειλέτας,4,0.6
εγγυητών,4,0.6
ceo,4,0.6
πλεονάζοντα,4,0.6
συμμετρικά,4,0.6
ανατιμήσεων,4,0.6
ευρισκόμενα,4,0.6
διασαφηνίζονται,4,0.6
12.10.1999,4,0.6
bank,4,0.6
αντιφατικός,4,0.6
δισεκατομμυρίου,4,0.6
παραδόσεων,4,0.6
παρασχεθέντα,4,0.6
εξακολούθηση,4,0.6
περιστάσεις·,4,0.6
149/2011,4,0.6
πρόσθεσαν,4,0.6
παραγράφους,4,0.6
προσδιορισμένου,4,0.6
εργαζόμενός,4,0.6
τιςβελτιώσεις,4,0.6
πρόσκτηση,4,0.6
λαθών,4,0.6
αρμόζον,4,0.6
αθώωση,4,0.6
ουσίανς,4,0.6
λαμβανόμενη,4,0.6
38α,4,0.6
καταναγκασμός,4,0.6
αστυνομία,4,0.6
αποφαώνν,4,0.6
νου,4,0.6
διεπράχθη,4,0.6
ανακαλέζω,4,0.6
19.2.2011,4,0.6
οιουσδήποτε,4,0.6
συμβόλο,4,0.6
21.07.2006,4,0.6
αργότερα.1,4,0.6
διατηρούμενος,4,0.6
μειονεκτώ,4,0.6
ευρωπαίους,4,0.6
ήθη,4,0.6
2009/73/εκ,4,0.6
περιέλθουν,4,0.6
μεταποιημένος,4,0.6
ορυκτός,4,0.6
παρακρατηθέν,4,0.6
ταχείος,4,0.6
επαχθών,4,0.6
αιώνας,4,0.6
ιδρύνω,4,0.6
ενασχόληση,4,0.6
επιλεγέντα,4,0.6
απορροφώμενοι,4,0.6
συνηθίζεται,4,0.6
επενδυτων,4,0.6
οπου,4,0.6
θεμιτή,4,0.6
ισοδυνάμους,4,0.6
επικαλούνται,4,0.6
δημοσιευθείσος,4,0.6
ερευνούμενος,4,0.6
επίρρωση,4,0.6
νεοεκδοθεισών,4,0.6
οε99ba,4,0.6
υγιέςς,4,0.6
συ,4,0.6
περασμένος,4,0.6
παραβάσεως,4,0.6
παρεχονται,4,0.6
στενότερος,4,0.6
σοβιετικός,4,0.6
ειρηνικός,4,0.6
οασε,4,0.6
ελσίνκι,4,0.6
μειονότητα,4,0.6
γειτονία,4,0.6
μεριμνώντας,4,0.6
ευνοούμενος,4,0.6
πλωτής,4,0.6
μηχανογραφημένος,4,0.6
καταπιστευματικό,4,0.6
υπήκοοι,4,0.6
προστασια,4,0.6
μετατροπές,4,0.6
rtd,4,0.6
συνεδρίων,4,0.6
σιδηροδρόμων,4,0.6
αναγνωρίζοντας,4,0.6
μεταναστής,4,0.6
αξιοπρεπής,4,0.6
πόλεμος,4,0.6
συζητήζω,4,0.6
β2,4,0.6
β11στ,4,0.6
χρησιμοποιηθείσα,4,0.6
ανταλλάσσονται,4,0.6
αυξήθηκαν,4,0.6
φόρων·,4,0.6
sdr,4,0.6
εκτ»+,4,0.6
ωφεληθούν,4,0.6
απολεσθέντων,4,0.6
εξωτερικού,4,0.6
σχολιασμός,4,0.6
γραμμένος,4,0.6
προστατευμένος,4,0.6
τελειώνω,4,0.6
αίτημα·,4,0.6
επιστολη,4,0.6
μεταφρασμένη,4,0.6
ιατροφαρμακευτικός,4,0.6
νομοθετικό,4,0.6
ευθυγραμμιστούν,4,0.6
2012/23,4,0.6
17.10.2012,4,0.6
kat,4,0.6
2009/6,4,0.6
λίθος,4,0.6
τ2s,4,0.6
2—επιπέδου,4,0.6
συνεδριάσεών,4,0.6
1.5.2012,4,0.6
υπέγραψε,4,0.6
τέσσερα,4,0.6
ομοφωνία,4,0.6
ιδεωδώς,4,0.6
μέλλον·,4,0.6
ευρωσύστημα·,4,0.6
συνομολογούν,4,0.6
πρόσοδοι,4,0.6
αποκλινόντων,4,0.6
απαγορεύσουν,4,0.6
αρνητικων,4,0.6
προσαυξανόμενος,4,0.6
παρομοίος,4,0.6
υποθέση,4,0.6
479/2008,4,0.6
αμπελουργικός,4,0.6
95α,4,0.6
ζύμωση,4,0.6
σήματος,4,0.6
τελωνείο,4,0.6
796ε,4,0.6
μονοποικιλιακός,4,0.6
σταφυλιών·,4,0.6
φορτηγό,4,0.6
βαγόνι,4,0.6
βουλγάρικος,4,0.6
ražas,4,0.6
norādi,4,0.6
vīnogu,4,0.6
et,4,0.6
registre,4,0.6
επαληθεύζω,4,0.6
27.12.2006,4,0.6
ιχνηλάτηση,4,0.6
εμπόρους,4,0.6
εξαιρέσιμων,4,0.6
236/2012·,4,0.6
προσδιορισμο,4,0.6
τοπου,4,0.6
μετοχής·,4,0.6
κοινοποιήθηκε,4,0.6
καθαρη,4,0.6
δομή·,4,0.6
εμφανίζοντας,4,0.6
επιβεβαιώσεων,4,0.6
προηγουμένη,4,0.6
χχιιι,4,0.6
επανεξισορρόπηση,4,0.6
προσωπου,4,0.6
διαμεσολαβητες,4,0.6
πληροφορούνται,4,0.6
πτώσεων,4,0.6
προθεσμίας·,4,0.6
επηρεαζόταν,4,0.6
ευθυγραμμισμένη,4,0.6
αποδεχτούν,4,0.6
μετακινείται,4,0.6
μοχλευμένο,4,0.6
φαινομένων,4,0.6
2013·,4,0.6
ir,4,0.6
2στ,4,0.6
2ζ,4,0.6
ελαιούχος,4,0.6
ήφιος,4,0.6
φορολογήσιμος,4,0.6
ανερχόταν,4,0.6
επηρέαζαν,4,0.6
ενίσχυσαν,4,0.6
αυστηρότερη,4,0.6
ανακτώμενος,4,0.6
συνεκδικαζόμενος,4,0.6
182/03,4,0.6
τηρήθηκε,4,0.6
λεπτομερέστερων,4,0.6
επιφυλασσομένων,4,0.6
μοχλευμένα,4,0.6
προερχομένος,4,0.6
18.7.2013,4,0.6
bbb+,4,0.6
2009/315/δευ,4,0.6
κατηγορουμένου,4,0.6
κριτικός,4,0.6
παιδικός,4,0.6
επιδόμα,4,0.6
κοινωφελής,4,0.6
kredito,4,0.6
ανακλήσεων,4,0.6
αποσπασμάτων,4,0.6
δυσανάλογη,4,0.6
εκλέψω,4,0.6
διέπραξε,4,0.6
πιστοληπτικών,4,0.6
πρόωρων,4,0.6
οριζόντων,4,0.6
επιφορτισθεί,4,0.6
97.ς,4,0.6
συχνότερων,4,0.6
377,4,0.6
sii,4,0.6
ανακατατάσω,4,0.6
εξατομικεώνυ,4,0.6
συντομότερης,4,0.6
μδπ,4,0.6
κατάληξη,4,0.6
απόφασης-πλαισίου,4,0.6
ταξιδιωτικός,4,0.6
151α,4,0.6
μεσαίων,4,0.6
εκπονείται,4,0.6
78/660/eok,4,0.6
δικαίος,4,0.6
συνοδεύζω,4,0.6
5.»·,4,0.6
αθροιζόμενος,4,0.6
ορισθέντος,4,0.6
διευκρινίσεων,4,0.6
1358/2011,4,0.6
2012/12,4,0.6
2013/2,4,0.6
αποπληρώσει,4,0.6
ενσωμάτωσής,4,0.6
1745/2003,4,0.6
εντάχθηκαν,4,0.6
εταιρειών·,4,0.6
δασμών,4,0.6
παραγωγικότητα,4,0.6
επικεντρωμένο,4,0.6
προφανέςς,4,0.6
προστατευμένη,4,0.6
αγνοεί,4,0.6
ρυμουλκούμενά,4,0.6
περιόρισε,4,0.6
ερπυστριοφόροι,4,0.6
t4.1,4,0.6
ρητά·,4,0.6
εξάρτημα·,4,0.6
ισχύος·,4,0.6
διαθένω,4,0.6
μαξιλάριο,4,0.6
εγκρισεων,4,0.6
δοκιμές·,4,0.6
παραχθέντος,4,0.6
σχεδια,4,0.6
ασυμβίβαστα,4,0.6
αριθμούνται,4,0.6
πυροσβεστικός,4,0.6
δικαιολογώνη,4,0.6
διαβουλευτεί,4,0.6
εγκαθιστά,4,0.6
οριστεί·,4,0.6
34·,4,0.6
άρθρο·,4,0.6
ανάκληση·,4,0.6
86/298/εοκ,4,0.6
86/415/εοκ,4,0.6
2009/57/εκ,4,0.6
2009/59/εκ,4,0.6
2009/60/εκ,4,0.6
2009/75/εκ,4,0.6
20.8.2009,4,0.6
28.7.2008,4,0.6
μεταφερθούν,4,0.6
τρίτου·,4,0.6
παρεμποδίσουν,4,0.6
υπο-)κατηγορία,4,0.6
ταχύτερος,4,0.6
ποδηλάτηση,4,0.6
ηλεκτροκινητήρας,4,0.6
υδρογονανθράκος,4,0.6
μονοξειδίου,4,0.6
οξειδίο,4,0.6
καυσαέριο,4,0.6
διαστολή,4,0.6
θορύβους,4,0.6
υγραέριο,4,0.6
κυψέλη,4,0.6
τρισδιάστατος,4,0.6
β·,4,0.6
υαλοπινάκος,4,0.6
συμπιεσμένου,4,0.6
υπο-)κατηγορίες,4,0.6
παρεκβολή,4,0.6
διαπερατότητα,4,0.6
15.5.1993,4,0.6
συνεταιρικός,4,0.6
διαθέσεις,4,0.6
ύψιστης,4,0.6
εμπλακούν,4,0.6
εξαντλητικά,4,0.6
ασυνήθης,4,0.6
τύπους,4,0.6
συμψηφισμού·,4,0.6
παραλείψεων,4,0.6
δοε,4,0.6
48·,4,0.6
δικαιολόγηση,4,0.6
εκθέσεων·,4,0.6
τιτλοποίησής,4,0.6
αντίστοιχων,4,0.6
δίκαιων,4,0.6
εκτιμητός,4,0.6
επαναχρησιμοποιήζω,4,0.6
δικαιοδοσίας·,4,0.6
εντοθίσπιμαι,4,0.6
έπαψε,4,0.6
παρελθόντα,4,0.6
υποδιαιρώ,4,0.6
προκαταβάλλω,4,0.6
αναστολός,4,0.6
αγορασθείσες,4,0.6
πρότυπη,4,0.6
μεταβλητότηταt,4,0.6
συμψηφισμένων,4,0.6
κρατικά,4,0.6
τέχνη,4,0.6
αποδείξιμος,4,0.6
αποκλινουσών,4,0.6
εξαρτήσεων,4,0.6
επανειλημμένως,4,0.6
εξαλειφθεί,4,0.6
διαρθρωθεί,4,0.6
εδραιώσουν,4,0.6
επηρεασθεί,4,0.6
στηρίχθηκαν,4,0.6
αξιολογήσεις,4,0.6
επανεκτιμά,4,0.6
προγράμματος·,4,0.6
διορίστηκαν,4,0.6
διεκπεραιωθούν,4,0.6
τμηματοποιείται,4,0.6
καθιερώθηκε,4,0.6
τέτοιοι,4,0.6
ολόκληρων,4,0.6
υποομίλου,4,0.6
αποκλίνων,4,0.6
συγγενικός,4,0.6
αντιθέτος,4,0.6
μειωτικός,4,0.6
παρόμοιοςς,4,0.6
απορροφά,4,0.6
διαμερικανική,4,0.6
αποφασιστεί,4,0.6
μακρούς,4,0.6
αναπτυγμένη,4,0.6
νεοσυσταθέντης,4,0.6
μακροπρόθεσμες,4,0.6
αναληφθέντας,4,0.6
αντιστοιχίζονται,4,0.6
>,4,0.6
μονομερός,4,0.6
αυτοεξοφλούμενες,4,0.6
ανομοιογένεια,4,0.6
μεταβολός,4,0.6
συναρτάται,4,0.6
εκταμιεύω,4,0.6
ανεξάρτητη,4,0.6
εφαρμοστικός,4,0.6
προστατευόμενου,4,0.6
αύξανε,4,0.6
στοιχείo,4,0.6
κλιμακώνω,4,0.6
δευτερεύουσαςς,4,0.6
σύνθετη,4,0.6
πίστεως,4,0.6
τιτλοποιημένης,4,0.6
ευνοϊκών,4,0.6
απορρέον,4,0.6
ενεργών,4,0.6
υποδείγματά,4,0.6
υπερβάλλουσας,4,0.6
συντηρητισμός,4,0.6
προκαταβεβλημένος,4,0.6
επανέλθει,4,0.6
πρόσθεση,4,0.6
—σε,4,0.6
τίτλας,4,0.6
369,4,0.6
βαθμονομήσεις,4,0.6
397,4,0.6
ενέγγυων,4,0.6
κτηματολόγιο,4,0.6
επικυρώζω,4,0.6
εγχωρίως,4,0.6
αναφορες,4,0.6
θεωρούνταν,4,0.6
ισόποσα,4,0.6
206,4,0.6
κατεβλήθη,4,0.6
εκδώζω,4,0.6
66στοιχείο,4,0.6
66στοιχεία,4,0.6
παρέμενε,4,0.6
465,4,0.6
αντικίνητρο,4,0.6
271,4,0.6
399,4,0.6
συλλογιστικός,4,0.6
υπεξαίρεση,4,0.6
υγιεινός,4,0.6
αναγνωρίσεις,4,0.6
συμπράξεων,4,0.6
κράτους,4,0.6
759/2013,4,0.6
ανταλλάξιμων,4,0.6
πλημμελή,4,0.6
επιχειρηματιών,4,0.6
ιδιότητάς,4,0.6
θυγατρικής·,4,0.6
υιοθετούσα,4,0.6
40α,4,0.6
προκύπτουσες,4,0.6
εκθέσουν,4,0.6
γέμισμα,4,0.6
άλας,4,0.6
ουσίας·,4,0.6
συμπερίληψης,4,0.6
άλατά,4,0.6
1).»·,4,0.6
ατομικό,4,0.6
καθορισμενο,4,0.6
αερίος,4,0.6
υπόστρωμα,4,0.6
αεραντλία,4,0.6
on,4,0.6
απόσταση(-εις,4,0.6
κατασκευή·,4,0.6
οργάνου(-ων,4,0.6
βραχίονες,4,0.6
καθαρίζω,4,0.6
εγκάρσιος,4,0.6
περίβλημα·,4,0.6
αντανάκλαση,4,0.6
φωτομετρικός,4,0.6
καθημένων·,4,0.6
μετατοπίζω,4,0.6
συντηρούμενο,4,0.6
ανεμοθώρακας,4,0.6
μερίδα,4,0.6
προβλέψιμου,4,0.6
titre,4,0.6
εξελίχθηκε,4,0.6
254/2014,4,0.6
θεματολόγιο,4,0.6
ψηφιοποίηση,4,0.6
καλοσχεδιασμένων,4,0.6
ζώνης,4,0.6
ανέρχεται,4,0.6
26.10.2012,4,0.6
προγράμματος,4,0.6
1074/1999,4,0.6
18.9.2013,4,0.6
διαδραστικός,4,0.6
απογραμμικός,4,0.6
κωδίκος,4,0.6
αντιδράσεων,4,0.6
κέντρα,4,0.6
ecc,4,0.6
αντιμετώπισαν,4,0.6
δικαιολογούμαι,4,0.6
ωστικός,4,0.6
υλών·,4,0.6
ανατίναξη,4,0.6
δοκιμάζομαι,4,0.6
βομβίδα,4,0.6
φυσίγγια,4,0.6
πυρίτιδα,4,0.6
πυρήνας,4,0.6
μοιάζω,4,0.6
πυροδότηση,4,0.6
ανθίστανται,4,0.6
ανατινάξεων,4,0.6
καταπόνηση·,4,0.6
πυροδοτώ,4,0.6
συγκολλημένος,4,0.6
συντηρούμαι,4,0.6
κατάσταση·,4,0.6
mm2,4,0.6
δοκίμιο,4,0.6
ελάσεως,4,0.6
συγκολλήσεων,4,0.6
περιμετρικός,4,0.6
διαμήκεις,4,0.6
προσ,4,0.6
σταθμοί,4,0.6
αυτόματων,4,0.6
τοποθέτησή,4,0.6
παραλληλόγραμμο,4,0.6
ελεγχθούν,4,0.6
ακέραιοςς,4,0.6
προκαθορισμός,4,0.6
15.2.1980,4,0.6
2.3.5,4,0.6
2.4.3,4,0.6
2.4.4,4,0.6
3.5.2,4,0.6
αποσυναρμολόγηση,4,0.6
dt,4,0.6
καταστραφούν,4,0.6
διενεργούν,4,0.6
μεταδιδόμενος,4,0.6
στερεωμένος,4,0.6
ε2,4,0.6
εκκενώσεις,4,0.6
παρανόηση,4,0.6
σχεδιασμου,4,0.6
υποδείξεων,4,0.6
συνεχές,4,0.6
καταναλώνω,4,0.6
πολυφασικοί,4,0.6
παροδικός,4,0.6
εκλύω,4,0.6
μεγίστων,4,0.6
μετριούνται,4,0.6
προσυσκευασία,4,0.6
αθροιστής,4,0.6
απενεργοποιημένος,4,0.6
διανυόμενος,4,0.6
cm,4,0.6
ογκομετρικός,4,0.6
χαραγή,4,0.6
δηλούμενος,4,0.6
εμβαδού,4,0.6
διαστάσεων,4,0.6
οξυγόνο,4,0.6
ppm,4,0.6
υδρογονάνθρακας,4,0.6
αληθής,4,0.6
vol,4,0.6
15.2.2012,4,0.6
καταπονήσεων,4,0.6
ix·,4,0.6
3.3.4,4,0.6
τροχαλία,4,0.6
προσπελάσιμα,4,0.6
κίνησης·,4,0.6
ορόφου,4,0.6
1.7.3,4,0.6
κ.λπ.)·,4,0.6
κατασκευαστεί·,4,0.6
εφαρμόζονται·,4,0.6
διεξαγάγουν,4,0.6
εξετάστηκε,4,0.6
οικόσιτος,4,0.6
γένεση,4,0.6
συνθηκών·,4,0.6
1.0.5,4,0.6
αέρα-σκόνης,4,0.6
εύφλεκτος,4,0.6
τόξο,4,0.6
2.1.2.3,4,0.6
ηλεκτροτεχνικής,4,0.6
σύμφωνης,4,0.6
κανάλιο,4,0.6
φορτιστής,4,0.6
ραδιοηλεκτρικός,4,0.6
οπτικοακουστικός,4,0.6
2014/53/εε,4,0.6
ηλεκτρονίος,4,0.6
φινιρίσμα,4,0.6
πλακετών,4,0.6
αντίξοες,4,0.6
επιπλατινωμένος,4,0.6
εηλ,4,0.6
πινακίδων,4,0.6
2011/61/εκ,4,0.6
αναπληρώνω,4,0.6
συνεισέφερε,4,0.6
άρρητος,4,0.6
υποτιμώνται,4,0.6
αποδοτικότερο,4,0.6
μεταβολή·,4,0.6
εφαρμογής·,4,0.6
αναδεικνύω,4,0.6
τομείς·,4,0.6
στοιχειοθετούν,4,0.6
κρίσεις,4,0.6
δημοσιοποιηθούν,4,0.6
απομακρυνθούν,4,0.6
αρχεία,4,0.6
αντίποινο,4,0.6
διαμεσολαβεί,4,0.6
αντιστρόφως·,4,0.6
πληροφορίας·,4,0.6
βασιζομένο,4,0.6
εκπλειστηριαστή,4,0.6
οσραε,4,0.6
διπλασιασμός,4,0.6
προσδιοριστεί·,4,0.6
υπάλληλοί,4,0.6
31.7.2002,4,0.6
496,4,0.6
φεβρουαρίου·,4,0.6
διακόψουν,4,0.6
ακαθαριστες,4,0.6
επιλέξιμη,4,0.6
πλήρωςς,4,0.6
προσαρμοσμενους,4,0.6
δανειοδοτης/,4,0.6
στοιχειου,4,0.6
χρίβνια,4,0.6
αυξημενους,4,0.6
μεταβολης,4,0.6
διαγραφόταν,4,0.6
ισοδυναμο,4,0.6
τροπο,4,0.6
άνηκε,4,0.6
αθέτησης/,4,0.6
διγράμματος,4,0.6
εξασφαλισμένα/,4,0.6
ενδιάμεσα/,4,0.6
330;060,4,0.6
ποθήκες,4,0.6
επαυξημένος,4,0.6
γ.9,4,0.6
27.4,4,0.6
1.35(ε,4,0.6
1.35(α,4,0.6
1.35(β,4,0.6
ξ,4,0.6
7.8(ε,4,0.6
18.35(β,4,0.6
αποτιμωνται,4,0.6
διακρατουμενες,4,0.6
2.99(α,4,0.6
2.99(β,4,0.6
2.99(ε,4,0.6
2.99(στ,4,0.6
7.24(α)(i,4,0.6
7.24(α)(ii,4,0.6
7.24(β,4,0.6
7.24(γ,4,0.6
39.67-70,4,0.6
39.63-65,4,0.6
7.20(δ,4,0.6
2.110-111,4,0.6
2.113-115,4,0.6
7.25-26,4,0.6
1.106.(δ).(i)-(ii,4,0.6
παθητικό(12,4,0.6
"2.56,58",4,0.6
2.15-17,4,0.6
συνταχθούν,4,0.6
39.47(α,4,0.6
39.4(β,4,0.6
47(δ)].,4,0.6
δ)(i,4,0.6
μερίσματα»·,4,0.6
oe90,4,0.6
σωρευτικών,4,0.6
ληξιπρόθεσμοι,4,0.6
εκδίδονται)·,4,0.6
τμήμα»)·,4,0.6
κατοχών,4,0.6
χαρτογραφούν,4,0.6
εκμισθωμένα,4,0.6
αναχθούν,4,0.6
ασφαλιστικά,4,0.6
cp18,4,0.6
σεεμε,4,0.6
υποχρεώσεις)·,4,0.6
αποαναγνωρισμένος,4,0.6
1.1.9,4,0.6
1.9.3,4,0.6
414,4,0.6
εξωσυμβατικός,4,0.6
1.2.2.2.1,4,0.6
1.7.2,4,0.6
υπομνήματα,4,0.6
ιii,4,0.6
ταυτοτητα,4,0.6
νοτια,4,0.6
μαροκινός,4,0.6
επίπλος,4,0.6
εργοδοτών·,4,0.6
έργων,4,0.6
ενδοφλέβιας,4,0.6
υπερηχογραφικός,4,0.6
2015/81,4,0.6
φορολογοόμενυς,4,0.6
1024/2013·,4,0.6
oee,4,0.6
λασπωτήρες,4,0.6
προσχωρήση,4,0.6
προκυπτουν,4,0.6
–η,4,0.6
εξυπηρετούμενας,4,0.6
προκαταβολή·,4,0.6
εγγύηση·,4,0.6
178·,4,0.6
le4)·,4,0.6
le5,4,0.6
vα,4,0.6
πηλίκος,4,0.6
μηχανημάτος,4,0.6
εξοπλισμένα,4,0.6
σταδίου(-ων,4,0.6
προηγούμενου(-ων,4,0.6
μπροστινή,4,0.6
μονός,4,0.6
σχέδιο(-α,4,0.6
σχέση(-εις,4,0.6
rpm,4,0.6
μοίρες,4,0.6
άξονα(-ων,4,0.6
ανοιγόμενος,4,0.6
κατόπτρο,4,0.6
ασπρόμαυρος,4,0.6
διαστασιολογημένα,4,0.6
κρυφών,4,0.6
προεκτάσεις,4,0.6
γιγγλυμοί,4,0.6
μεταξονίου,4,0.6
δεξαμενή(-ές,4,0.6
σταθεροποιητές,4,0.6
προδιαγραφέ,4,0.6
πτυσσόμενη,4,0.6
κατακόρυφα,4,0.6
δυναμοδότης,4,0.6
λίπανση,4,0.6
κήπος,4,0.6
χορτοτάπητες,4,0.6
παραθύρου,4,0.6
πετρελαιοκινητήρας,4,0.6
ζεύξης·,4,0.6
του(των,4,0.6
α8,4,0.6
όνομα(-τα,4,0.6
χρειαστεί,4,0.6
συναρμόζονται,4,0.6
2015/514,4,0.6
καθεστώς·,4,0.6
som,4,0.6
4.7.1987,4,0.6
προβλέψει,4,0.6
διαμορφωμένος,4,0.6
κληρονομία,4,0.6
θανόντος,4,0.6
δηλωτέους,4,0.6
λογαριασμού,4,0.6
διαβουλεύσεών,4,0.6
έθεσαν,4,0.6
τηρήζω,4,0.6
δεουσα,4,0.6
ατομικού,4,0.6
φροντίδι,4,0.6
νέων,4,0.6
τράπεζας·,4,0.6
πιστώνονται,4,0.6
ασφαλισμένο,4,0.6
εξαιρούμενου,4,0.6
μεγάλο,4,0.6
δουκάτο,4,0.6
σλοβακική,4,0.6
πρωθυπουργός,4,0.6
cο,4,0.6
sfa,4,0.6
γραφεία,4,0.6
διαφοροποιήζω,4,0.6
οφειλόμενοι,4,0.6
75/324/εοκ,4,0.6
φουσκωτός,4,0.6
φιάλα,4,0.6
υπέρθερμος,4,0.6
εύφλεκτα,4,0.6
οξειδωτικός,4,0.6
εκμεταλλεύεται,4,0.6
κένωση,4,0.6
αναφερεται,4,0.6
μονωτικός,4,0.6
προβασικό,4,0.6
απομονωμένα,4,0.6
διάδοσή,4,0.6
πιστοποιημένου,4,0.6
αποδεχτεί,4,0.6
φυτό·,4,0.6
φακός,4,0.6
oblonga,4,0.6
νόσοι,4,0.6
ποικιλοχλώρωση,4,0.6
virus,4,0.6
κηλίδωσης,4,0.6
593/2014,4,0.6
διευθύνσεα,4,0.6
προληπτικά,4,0.6
κυρώσεων·,4,0.6
τετραγωνίδια,4,0.6
αποφασης,4,0.6
ταχθείσας,4,0.6
υποβολης,4,0.6
ποσοτικοί,4,0.6
ρτπ,4,0.6
αυτού.»·,4,0.6
διαμορφωθούν,4,0.6
εγκατεστημένα,4,0.6
αδειοδοτηθεί,4,0.6
διακανονίζουν,4,0.6
εύτακτος,4,0.6
υποκαταστήματος·,4,0.6
ανατεθέντα,4,0.6
ανατεθέντων,4,0.6
αμετάκλητου,4,0.6
ημερονυκτίου,4,0.6
ένδικης,4,0.6
mw,4,0.6
επικαιροποιήσεών,4,0.6
2003/55/εκ,4,0.6
714/2009,4,0.6
αποκλειστικό,4,0.6
νέα»·,4,0.6
χαλαρώνω,4,0.6
εγγύτερα,4,0.6
σκοπούμενα,4,0.6
3603/93,4,0.6
διαφοροποιούμενος,4,0.6
δημοσιονομική,4,0.6
2015/1612,4,0.6
bcsc,4,0.6
osc,4,0.6
shcp,4,0.6
εγκυκλίους,4,0.6
αποκομίστηκαν,4,0.6
2015/863,4,0.6
χρωμίου,4,0.6
2015/2392,4,0.6
αναφέροντας,4,0.6
αναφέροντης,4,0.6
νοσοκομείων,4,0.6
δευτεροβάθμιος,4,0.6
αγγλική,4,0.6
προσυπογράφομαι,4,0.6
31.5.2013,4,0.6
χρεωγράφων,4,0.6
υποεθνικός,4,0.6
new,4,0.6
εξελισσόμενη,4,0.6
συνοδευόταν,4,0.6
προγραμματισμένο,4,0.6
noi,4,0.6
καταβληθήν,4,0.6
αναδιαρθρωθεί,4,0.6
αποπληρωθεί,4,0.6
καινούριο,4,0.6
αφαιρέθηκε,4,0.6
διασφαλιζόμενους,4,0.6
δεικτών·,4,0.6
100/60,4,0.6
100/85,4,0.6
exempted,4,0.6
καταθέσεις·,4,0.6
χορηγήνω,4,0.6
καταβάλλομαι,4,0.6
συνακόλουθη,4,0.6
παραλαβής·,4,0.6
αναβαθμονόμηση,4,0.6
διαδεδομένος,4,0.6
τροχούς·,4,0.6
ερπυστριών,4,0.6
ενεργοποίησή,4,0.6
αριστερός,4,0.6
αναβοσβήνω,4,0.6
απασφαλίζεται,4,0.6
s1,4,0.6
s1ς,4,0.6
ψυχρά,4,0.6
συμπλεγμένο,4,0.6
11992:2003,4,0.6
2.2.3.5,4,0.6
εξασθένηση,4,0.6
so,4,0.6
τύμπανος,4,0.6
οδοστρώμα,4,0.6
επισώτρου,4,0.6
ερμηνευτεί,4,0.6
αερόφρενα,4,0.6
3.3.1,4,0.6
πλησιέστερο,4,0.6
ασυμπτωτικής,4,0.6
βραδυπορείας,4,0.6
2.1.5.1.3,4,0.6
ενεργοποιητός,4,0.6
απασφάλιση,4,0.6
επιπόνηση,4,0.6
οριζοντίου,4,0.6
6)·,4,0.6
αντισταθμιστή,4,0.6
g′a.,4,0.6
άρθρωση,4,0.6
οδοστρώματα,4,0.6
ακινητοποιείται,4,0.6
αξιολογούμαι,4,0.6
αξιοποιούμενος,4,0.6
ζευχθεί,4,0.6
6.1.1,4,0.6
3.1.4,4,0.6
ανακουφιστικός,4,0.6
δισ.,4,0.6
λεξικό,4,0.6
τεταγμένων,4,0.6
επικύρωσης·,4,0.6
2009/65/eκ,4,0.6
επαναχρησιμοποιείται,4,0.6
υποβαθμίσεων,4,0.6
δανεισμένοις,4,0.6
r110,4,0.6
r100,4,0.6
r060,4,0.6
ολόκληρης,4,0.6
γεωργικού,4,0.6
σαα,4,0.6
σχολείο,4,0.6
παρατηρηθεί,4,0.6
βάλουν,4,0.6
2658/87,4,0.6
1011/2012,4,0.6
εκδοθούν·,4,0.6
ιεραρχώ,4,0.6
στου,4,0.6
πάρουν,4,0.6
15δ,4,0.6
επιτακτικοί,4,0.6
ύφανση,4,0.6
φανέλα,4,0.6
φούστα,4,0.6
άνορακ,4,0.6
σορτς,4,0.6
παντελόνος,4,0.6
φορμά,4,0.6
φορέματα-πουκάμισα,4,0.6
σεμιζιέ,4,0.6
μπλούζες-πουκάμισα,4,0.6
τραπεζιού,4,0.6
κάλτσες-κιλότες,4,0.6
μισές,4,0.6
καλτσάκι,4,0.6
σοσόνιος,4,0.6
σώβρακα,4,0.6
κιλότης,4,0.6
αδιάβροχα,4,0.6
κάπα,4,0.6
κοστούμια,4,0.6
σκι·,4,0.6
φανελάκια,4,0.6
κομπινεζόν,4,0.6
ελαφρές,4,0.6
μαντιλάκι,4,0.6
φορέματα,4,0.6
τιράντα,4,0.6
γάντιο,4,0.6
φόρμες,4,0.6
σκι,4,0.6
υπερθέματα,4,0.6
παραπετασμάτων,4,0.6
κρεβατιών,4,0.6
ελαστικοποιημένα,4,0.6
λαναρισμένες,4,0.6
παρασκευασμένος,4,0.6
νηματοποίηση,4,0.6
κεντημένος,4,0.6
χνούδι,4,0.6
περιτυλιγμένος,4,0.6
επιμεταλλωμένα,4,0.6
κομμένος,4,0.6
μακρύς,4,0.6
κλινοσκεπάσματα,4,0.6
λαιμούς,4,0.6
γραβάτης,4,0.6
παπιγιόν,4,0.6
φουλάρια-γραβάτες,4,0.6
βάτης,4,0.6
επικαλυμμένα,4,0.6
προπετάσματα,4,0.6
φουσκώνω,4,0.6
μονόινος,4,0.6
άχυρο,4,0.6
απομιμήσεις,4,0.6
ραμμάτων,4,0.6
τρίχες,4,0.6
χονδροειδείς,4,0.6
χονδρότριχες,4,0.6
μεταξιούς,4,0.6
αgave,4,0.6
μανίλας,4,0.6
δεσίματα,4,0.6
κουκούλιο,4,0.6
νημάτων,4,0.6
κατεργασμένο,4,0.6
νηματοποιημένο,4,0.6
μύτη,4,0.6
παραμετρικός,4,0.6
ois,4,0.6
124.ii,4,0.6
οδηγiες,4,0.6
ελαφρύνει,4,0.6
2015/1605,4,0.6
παρεισέφρησε,4,0.6
ειδοποιηθούν,4,0.6
25.6.2015,4,0.6
+49,4,0.6
+372,4,0.6
2103286041-43,4,0.6
+371,4,0.6
+352,4,0.6
+356,4,0.6
+43,4,0.6
171100,4,0.6
+386,4,0.6
βαλλιστικός,4,0.6
συστημικών,4,0.6
ομόλογο·,4,0.6
διευκολύνονται,4,0.6
προέβησαν,4,0.6
αδιαφανής,4,0.6
φιλοκυκλικότητα,4,0.6
σκιώδης,4,0.6
δυνατά,4,0.6
περιθωρίου·,4,0.6
εξακριβώνονται,4,0.6
κύρους,4,0.6
επανεξεταση,4,0.6
27ε,4,0.6
22.1.2015,4,0.6
19.12.2014,4,0.6
16.5.2013,4,0.6
4178/1/14ς,4,0.6
rev,4,0.6
εακαα.”·,4,0.6
προκαλούνταν,4,0.6
όγκο·,4,0.6
σύνολο·,4,0.6
30.1.2013,4,0.6
περιφερειακό,4,0.6
ελάττωμα,4,0.6
ανωτέρα,4,0.6
πληρωμών·,4,0.6
θυρίδα(-ες)·,4,0.6
πόρου,4,0.6
προκύπτουσας,4,0.6
ένοχος,4,0.6
2014/12,4,0.6
συντεταγμένη,4,0.6
απαήτνση,4,0.6
αναμνηστικός,4,0.6
πλάγιος,4,0.6
κυανός,4,0.6
2015/36,4,0.6
σ.1,4,0.6
πολιτισμικός,4,0.6
μεσοπρόθεσμος,4,0.6
πεπραγμένων,4,0.6
υποχωρώ,4,0.6
απότομα,4,0.6
αθετούντων,4,0.6
usc,4,0.6
794a,4,0.6
κέντρου,4,0.6
γροιλανδία,4,0.6
μετατεθούν,4,0.6
επιζώντας,4,0.6
εξευρεθεί,4,0.6
στόχο·,4,0.6
βιομετρικοί,4,0.6
παραλαμβάνον,4,0.6
ποσού·,4,0.6
μερικό,4,0.6
πρωτασφαλίσεις,4,0.6
αποδοχά,4,0.6
έχοντης,4,0.6
προσόδου,4,0.6
23.12.2016,4,0.6
β).»·,4,0.6
ορισμένο,4,0.6
21.7.2015,4,0.6
npe,4,0.6
χώρας,4,0.6
σωματων,4,0.6
τρωτά,4,0.6
υποκαταστήματα·,4,0.6
καθοδηγείται,4,0.6
υπο-δομές,4,0.6
υπο-δομός,4,0.6
προ-αναγνωριστικός,4,0.6
τηλεδιασκέψεις,4,0.6
συνεδριάση,4,0.6
—ήτοι,4,0.6
"lrcom,2",4,0.6
επενεχυριασθέντα,4,0.6
"lr4,090,020",4,0.6
υπερβαινουν,4,0.6
λιανικης,4,0.6
ανανεωθέντων,4,0.6
παρακολουθησης,4,0.6
srb,4,0.6
subb,4,0.6
παρονομαστός,4,0.6
αποτυπώσουν,4,0.6
εντεταλμένο,4,0.6
1.1.7.3,4,0.6
ωριμάζω,4,0.6
συνακόλουθος,4,0.6
1.1.2.4,4,0.6
1.1.3.3,4,0.6
αναπροσαρμοσμένο,4,0.6
1.1.6.6.1.4,4,0.6
όχι)·,4,0.6
130·,4,0.6
73.00·,4,0.6
2016/347,4,0.6
κτηνοτροφικός,4,0.6
σπέρματα,4,0.6
σόγια,4,0.6
αραβόσιτος,4,0.6
rpsd,4,0.6
ελαιοκράμβη,4,0.6
ρύζι,4,0.6
ακατέργαστη,4,0.6
ελαιόλαδο,4,0.6
αλευροποιίας,4,0.6
nbp,4,0.6
ttf,4,0.6
μαζούτ,4,0.6
jtfl,4,0.6
αεριωθουμένων,4,0.6
κηροζίνη,4,0.6
lls,4,0.6
νάφθα,4,0.6
ngl,4,0.6
frtl,4,0.6
λιπάσματα,4,0.6
αμμωνία,4,0.6
φωσφορικός,4,0.6
ποτάσα,4,0.6
θείο,4,0.6
nprm,4,0.6
σιδηρομετάλλευμα,4,0.6
κυματοειδές,4,0.6
χαρτόνι,4,0.6
δημοσιογραφικό,4,0.6
χαρτοπολτός,4,0.6
rcvp,4,0.6
plst,4,0.6
infl,4,0.6
βασική,4,0.6
ορεινός,4,0.6
επιβίβαση,4,0.6
αναρτήσεις,4,0.6
ανενεργά,4,0.6
βιοτεχνικός,4,0.6
ρουχισμός,4,0.6
πλύσιμο,4,0.6
διάτρηση,4,0.6
προειδοποίησης·,4,0.6
2016/426,4,0.6
άκαυστου,4,0.6
5.5.3,4,0.6
rsa)·,4,0.6
ορισμος,4,0.6
απαλλασσόμενων,4,0.6
εκχωρούσαν,4,0.6
lr4,4,0.6
2016/467,4,0.6
2015/1017,4,0.6
λήξη·ς,4,0.6
σχεδιασμό·,4,0.6
261α,4,0.6
επενδυτικών,4,0.6
3.4.2014,4,0.6
αναβάλουν,4,0.6
ignition,4,0.6
2016/822,4,0.6
2016/908,4,0.6
πρακτικής·,4,0.6
2016/909,4,0.6
gdr,4,0.6
2016/911,4,0.6
2016/957,4,0.6
αυτοματοποίηση,4,0.6
stor,4,0.6
συστάσεις·,4,0.6
ημερίδα,4,0.6
προαιρετικοί,4,0.6
κατονομάζεται,4,0.6
βασικοι,4,0.6
εκκαθαρισης,4,0.6
υποστηρίξουν,4,0.6
επιλεγείσας,4,0.6
πτωχεύσει,4,0.6
δράσεων,4,0.6
βασιζόταν,4,0.6
όμιλος·,4,0.6
προτεραιότητα·,4,0.6
ενδοομιλικη,4,0.6
63.,4,0.6
γίνουν,4,0.6
επιβληθείσες,4,0.6
διαβουλεύτηκε,4,0.6
επιτυχημένη,4,0.6
2016/860,4,0.6
εμπρόθεσμα,4,0.6
διαταράξει,4,0.6
τεχνολογιών,4,0.6
mrel,4,0.6
απορροφηθούν,4,0.6
2016/1702,4,0.6
442(i,4,0.6
μετατροπός,4,0.6
ανέλυσαν,4,0.6
moody's,4,0.6
2016/1801,4,0.6
ανομοιογενής,4,0.6
2016/1825,4,0.6
χειριστήρια,4,0.6
παραθύρους,4,0.6
11β,4,0.6
εμπρόσθιους,4,0.6
οπίσθιους,4,0.6
ενεργειακή,4,0.6
2016/2020,4,0.6
προσδιορισθείσες,4,0.6
απομείωση·,4,0.6
3.2.6,4,0.6
β4.1.7α,4,0.6
προεξοφληθεί,4,0.6
δανειακή,4,0.6
αγορασμένα,4,0.6
εκταμιευμένος,4,0.6
διευρυνόταν,4,0.6
ανέμενε,4,0.6
πώληση)·,4,0.6
6.5.7,4,0.6
β5.7.5–β5.7.20,4,0.6
γ5,4,0.6
7.2.26,4,0.6
ενσωμάτωσε,4,0.6
ταμειακό,4,0.6
προεξοφλημένη,4,0.6
τηλεφωνικώς,4,0.6
προεξοφλήζω,4,0.6
διαρκέςς,4,0.6
β4.1.23,4,0.6
παύζω,4,0.6
εγγυημένο,4,0.6
δημιουργούνταν,4,0.6
μειχτός,4,0.6
δ19α,4,0.6
δ33,4,0.6
β3,4,0.6
β5,4,0.6
6.6.1,4,0.6
10–11,4,0.6
35στ,4,0.6
41α–41γ,4,0.6
102.00,4,0.6
103.00,4,0.6
5ετούς,4,0.6
6μηνιαία,4,0.6
χρησιμοποιούμενοι,4,0.6
διωνυμικός,4,0.6
itm,4,0.6
μοχλευμένη,4,0.6
s&pς,4,0.6
διετές,4,0.6
πενταετός,4,0.6
bps,4,0.6
πραγματικές/360,4,0.6
αμφισβητούμενος,4,0.6
o-siis,4,0.6
βαθμονομημένες,4,0.6
ανοχών,4,0.6
μετρήθηκαν,4,0.6
23.7.2009,4,0.6
σκούπα,4,0.6
ζεστός,4,0.6
στραγγαλιστικός,4,0.6
πλυντηρίος,4,0.6
δηλωμένης,4,0.6
μεταπίπτω,4,0.6
επιτραπέζιος,4,0.6
lwa,4,0.6
2017/167,4,0.6
ιού,4,0.6
δρομολόγιο,4,0.6
κατάρτισε,4,0.6
δικαιολογία,4,0.6
συμπεριφέρω,4,0.6
καταρτιση,4,0.6
στάσεων,4,0.6
επιχειρήσεως,4,0.6
προσκόμισε,4,0.6
μετακυλίουν,4,0.6
συζητηθεί,4,0.6
2017/72,4,0.6
πολύπλοκης,4,0.6
υποβληθείσας,4,0.6
mm-hh,4,0.6
απαριθμήστε,4,0.6
πρόωρη,4,0.6
2017/309,4,0.6
αβάκα,4,0.6
αθετούντος,4,0.6
διατύπωσαν,4,0.6
καταδικάζω,4,0.6
ασκηθείσας,4,0.6
απολυθεί,4,0.6
εξωτερικά·,4,0.6
ασφαλειών·,4,0.6
διακρατά,4,0.6
οντοτήτων·,4,0.6
διεύθυνση·,4,0.6
εσωτερικοποιημένου,4,0.6
παραπέμπων,4,0.6
ταυτοποιούνται,4,0.6
συναλλάσσεται,4,0.6
χωρισμένων,4,0.6
υποκείμενα,4,0.6
κορώνας,4,0.6
βεπ,4,0.6
εκτέλεσης·,4,0.6
εύρυθμων,4,0.6
ββο,4,0.6
βιβλίος,4,0.6
ληπτής,4,0.6
2017/569,4,0.6
αντιληπτός,4,0.6
ανατύπωση,4,0.6
υλισμικού,4,0.6
δευτερολέπτο,4,0.6
χρονοσήμανση,4,0.6
δυνητικώς,4,0.6
τιμής-παρουσίας-χρόνου,4,0.6
μεσάνυχτα,4,0.6
προσδεδεμένη,4,0.6
ανευ,4,0.6
out,4,0.6
δοκιμασία-1,4,0.6
εκατοστημορίων,4,0.6
κυμαινομενο,4,0.6
προσυναλλακτικοί,4,0.6
μετασυναλλακτικοί,4,0.6
λειτουργιών·,4,0.6
εγγράφος,4,0.6
επαγγέλματος·,4,0.6
τέλεσε,4,0.6
τελέζω,4,0.6
αποθετηρίο,4,0.6
εκκρεμές,4,0.6
επιχείρηση)·,4,0.6
υποκαταστήματός,4,0.6
3166,4,0.6
κάλυπτε,4,0.6
2017/610,4,0.6
συνθέσεις,4,0.6
2017/21,4,0.6
2016/15,4,0.6
mib,4,0.6
πλειονότητά,4,0.6
γενικού,4,0.6
ctfc,4,0.6
ssx,4,0.6
προσφύγουν,4,0.6
24.3.2016,4,0.6
90/385/eοκ,4,0.6
2014/30/eε,4,0.6
ευζωία,4,0.6
εμφυτευμένος,4,0.6
ανηλίκων,4,0.6
αξιοπρέπεια,4,0.6
κύτταρα,4,0.6
αδειοδοτείται,4,0.6
επαναχρησιμοποιήσιμο,4,0.6
ανατομία,4,0.6
παθολογικός,4,0.6
ισχυρίζω,4,0.6
εύρημα,4,0.6
νοσηλεία,4,0.6
θνησιμότητα,4,0.6
επανασυσκευαστεί,4,0.6
επισκοπήσεις,4,0.6
αποκαθίστανται,4,0.6
απευθυνθεί,4,0.6
διαθεσης,4,0.6
ema,4,0.6
εργαστηρίων,4,0.6
απέκκριση,4,0.6
10.4.2,4,0.6
κοψίματα,4,0.6
ακτινολογία,4,0.6
προγραμματιζόμενος,4,0.6
διαταράξουν,4,0.6
εμφύτευση,4,0.6
εξωσωματικός,4,0.6
βιοσυμβατότητα,4,0.6
συναρμοζόμενο,4,0.6
έβλαπτε,4,0.6
φυσιολογικών,4,0.6
κυκλοφορικός,4,0.6
πνευμονικός,4,0.6
νωτιαίος,4,0.6
μυελός,4,0.6
μεταμόσχευση,4,0.6
νόσων,4,0.6
2017/812,4,0.6
10.12.2016,4,0.6
2017/979,4,0.6
συναντώνται,4,0.6
περιστατικών·,4,0.6
παρέχονται·,4,0.6
επισυνάπτεται,4,0.6
βιογραφικό,4,0.6
εξαλείπω,4,0.6
διαμερίσματος,4,0.6
σελιδοποιείται,4,0.6
ουσιωδέστερος,4,0.6
προσφέροντος,4,0.6
κατατένω,4,0.6
προτιμητέα,4,0.6
12.8.2016,4,0.6
2017/1158,4,0.6
2017/1230,4,0.6
2017/1421,4,0.6
b6.6.16,4,0.6
7.24e(β)(γ,4,0.6
2.64,4,0.6
2.64-65,4,0.6
1.34(β,4,0.6
2.70(β,4,0.6
9.b,4,0.6
2.70(α,4,0.6
9.5.13,4,0.6
2.92,4,0.6
9.5.5.11ς,4,0.6
7.b8i,4,0.6
2.101,4,0.6
2.106,4,0.6
2.69,4,0.6
8.προσάρτημα,4,0.6
7.24b(α,4,0.6
7.24β(α)(ii,4,0.6
7.24β(α)(v,4,0.6
7.35θ,4,0.6
2.161-162,4,0.6
9.5.5.12,4,0.6
b5.5.27,4,0.6
2.164(γ,4,0.6
2.163,4,0.6
7.35λ,4,0.6
2.166,4,0.6
2.213-232,4,0.6
2.168-169,4,0.6
2.173(γ,4,0.6
2.187,4,0.6
9.5.4.1,4,0.6
2.194,4,0.6
2.195-196,4,0.6
2.197-198,4,0.6
2.200(β,4,0.6
2.200(γ,4,0.6
2.200(δ,4,0.6
2.200(στ,4,0.6
9.6.5.2,4,0.6
9.6.3.7,4,0.6
4.οε20.(β)-(γ,4,0.6
4.οε20(α,4,0.6
2.271,4,0.6
2.274,4,0.6
2.240-258,4,0.6
2.278-279,4,0.6
2.284(α,4,0.6
2.284(β,4,0.6
285(α,4,0.6
285(β,4,0.6
285(γ,4,0.6
285(δ,4,0.6
285(ε,4,0.6
2.285(στ,4,0.6
2.284(στ,4,0.6
γ)(ii,4,0.6
2.285(β,4,0.6
2.284(θ,4,0.6
2.285(ζ,4,0.6
2.285(α,4,0.6
2.285(γ,4,0.6
2.285(δ,4,0.6
2.285(ε,4,0.6
2.286,4,0.6
24.1(γ,4,0.6
24.18(δ,4,0.6
296(α,4,0.6
296(ε,4,0.6
2.297(α,4,0.6
2.297(β,4,0.6
2.296(ι,4,0.6
2.296(ιστ,4,0.6
9.b4.1.29,4,0.6
9.4.3.7,4,0.6
2.304-305,4,0.6
2.306-307,4,0.6
2.308,4,0.6
2.311(α,4,0.6
16.4.1,4,0.6
20.4-20.7,4,0.6
45.1,4,0.6
45.2,4,0.6
διεθνή,4,0.6
παρενθέσεων,4,0.6
αναλογικάς,4,0.6
αντισταθμιόμενσς,4,0.6
διαγραφέντα,4,0.6
9.5.6.5,4,0.6
αναταξινομήσεων,4,0.6
–όπου,4,0.6
διακυμάνσεών,4,0.6
9.5.5.10,4,0.6
1.54(η,4,0.6
προοριζομενων,4,0.6
ανανεούμενες,4,0.6
locom,4,0.6
9.7.2.21,4,0.6
9.2.3(β,4,0.6
9.6.6,4,0.6
9.7.b8e,4,0.6
δημιουργηθέντων,4,0.6
δημιουργηθέντα,4,0.6
παρόδου,4,0.6
9.5.4.1(α,4,0.6
τροποποιηθέντα,4,0.6
διαγραφέντος,4,0.6
9.6.2.4,4,0.6
20.5,4,0.6
αναγνωρίσει,4,0.6
χαρτογραφούνται,4,0.6
εκχωρηθεισών,4,0.6
265-266,4,0.6
252(α,4,0.6
241(α,4,0.6
241(β,4,0.6
βάσηγια,4,0.6
υποδειγματοσ,4,0.6
άδειας·ς,4,0.6
2017/1945,4,0.6
οντότητας-στόχου,4,0.6
επιχειρηθεί,4,0.6
"ca2,r640,c010",4,0.6
3ε,4,0.6
αποαναγνωριζόταν,4,0.6
κατατάχθηκαν,4,0.6
ανήκε,4,0.6
ομαδοποιούμαι,4,0.6
τον(τος,4,0.6
επιχειρηματικό(-ός,4,0.6
τομέα(-είς,4,0.6
επηρεάζεται(-ονται,4,0.6
επιχειρηματική,4,0.6
ανωνυμοποιημένο,4,0.6
πωληθέντης,4,0.6
102-119,4,0.6
κανονιστικη,4,0.6
amm,4,0.6
ofp,4,0.6
1.4.2·,4,0.6
060·,4,0.6
100·,4,0.6
040)·,4,0.6
λήγον,4,0.6
1.3.7,4,0.6
3.8.4,4,0.6
απρόβλεπτα,4,0.6
οδοντιατρικός,4,0.6
εκχωρημένη,4,0.6
συστήθηκε,4,0.6
τακτοποιείται,4,0.6
σχεδιαζόμενες,4,0.6
ορισθείσες,4,0.6
κοινοποιούμενων,4,0.6
τελεσίδικο,4,0.6
έπειτα·,4,0.6
2018/128,4,0.6
ζητούνται·,4,0.6
συνδρομής·,4,0.6
συμπληρώνεται,4,0.6
25.9.2015,4,0.6
2017/933,4,0.6
2016/40,4,0.6
2015/850,4,0.6
2.6.2015,4,0.6
2016/861,4,0.6
602/2014,4,0.6
7.11.2014,4,0.6
2016/709,4,0.6
2018/318,4,0.6
2018/7,4,0.6
αβέβαιης,4,0.6
2018/498,4,0.6
2016/1800,4,0.6
2018/675,4,0.6
εκλυόμενος,4,0.6
iso)·,4,0.6
μεριδίο,4,0.6
b.1.6,4,0.6
b.1.15,4,0.6
2018/730,4,0.6
2018/829,4,0.6
m·,4,0.6
χειρωνακτικά,4,0.6
καθόδου·,4,0.6
τραχεία,4,0.6
ανασηκωμένη,4,0.6
συνεργάτης,4,0.6
ευπρόσιτο,4,0.6
γερανός,4,0.6
πρανή,4,0.6
τροχοφορείο,4,0.6
καταναλώσεων,4,0.6
ελαφρών,4,0.6
προβολείς,4,0.6
2005/64/εκ,4,0.6
2006/40/εκ,4,0.6
ecall,4,0.6
17a,4,0.6
ήχος,4,0.6
προβολέων,4,0.6
αντανακλαστήρες,4,0.6
θάλαμο·,4,0.6
σιγαστήρων,4,0.6
ράφι,4,0.6
καταγράψει,4,0.6
2018/986,4,0.6
16.9.2016,4,0.6
απαλείφονται·,4,0.6
18.7.2018,4,0.6
μετρήθηκε,4,0.6
έγγραφων,4,0.6
μέλη-αποδέκτος,4,0.6
2018/1513,4,0.6
επίπλων,4,0.6
εκχύλιση,4,0.6
stibor,4,0.6
δηναρίου,4,0.6
2018/1619,4,0.6
2018/1620,4,0.6
08.00,4,0.6
ενδοομιλικές,4,0.6
2013/43,4,0.6
21.00,4,0.6
ονομαστικης,4,0.6
αρχικης,4,0.6
—εάν,4,0.6
1.3.2.5,4,0.6
1.3.2.6.2,4,0.6
050-090,4,0.6
συγκεντρωμένων,4,0.6
fx,4,0.6
ολες,4,0.6
παράγωγα—,4,0.6
66.01,4,0.6
2018/1881,4,0.6
αδιαλυτότητα,4,0.6
εισπνεύσιμος,4,0.6
μετάλλαξη,4,0.6
αβτ,4,0.6
σπονδυλωτός,4,0.6
αιτιολόγηση.»·,4,0.6
8.5.1,4,0.6
σταγονίδιο,4,0.6
υποχρόνιας,4,0.6
υποδομων,4,0.6
δηλώσεις,4,0.6
ρενμίμπι,4,0.6
1296/2013,4,0.6
κράτος/-ος,4,0.6
84/2019,4,0.6
4.2.2019,4,0.6
15.10.2015,4,0.6
12.7.2016,4,0.6
13.7.2016,4,0.6
κοινοποιούμενου,4,0.6
συνηθισμένος,4,0.6
βρώσιμος,4,0.6
σοβαρότερος,4,0.6
σπάω,4,0.6
αλυσοπρίονο,4,0.6
έγκαυμα,4,0.6
απρόσεκτο,4,0.6
αφηρημένο,4,0.6
καπνός,4,0.6
χαμηλή,4,0.6
εξάρθρωση·,4,0.6
ζεμάτισμα,4,0.6
δερματίτιδα,4,0.6
διάστρεμμα,4,0.6
νεφρό,4,0.6
απάντησε,4,0.6
zora,4,0.6
λουξεμβουργιανές,4,0.6
συσσωρευθεισών,4,0.6
"1036912506,84",4,0.6
συνδυαώνσ,4,0.6
αφορολόγητα,4,0.6
unicredito,4,0.6
αλυσιτελής,4,0.6
εικάζω,4,0.6
collectif,4,0.6
biens,4,0.6
au,4,0.6
économique,4,0.6
1.β,4,0.6
où,4,0.6
30.11.2013,4,0.6
31ζ,4,0.6
μχπ,4,0.6
ασφαλειοδότης,4,0.6
dbv,4,0.6
2019/358,4,0.6
ψευδές,4,0.6
περιθωριου,4,0.6
από·,4,0.6
επικάθω,4,0.6
δικύκλου,4,0.6
επιταχυντής,4,0.6
2019/957,4,0.6
μονο,4,0.6
εκδοσεις,4,0.6
δελτίου]·,4,0.6
2.2.7,4,0.6
3.4.7,4,0.6
2.7.3,4,0.6
1.8.4,4,0.6
2019/981,4,0.6
άρθρου·»·,4,0.6
εξολοκλήρου·,4,0.6
slt,4,0.6
171α·,4,0.6
176ας,4,0.6
συνεπένδυσης,4,0.6
192α,4,0.6
πεπερασμένος,4,0.6
ασφαλίστρα,4,0.6
πλημμυρών,4,0.6
2017/1369,4,0.6
2016/16,4,0.6
σύμμορφο,4,0.6
2018/1725,4,0.6
σταδιοδρομία,4,0.6
υπολογαριασμοί,4,0.6
καταγγελθεί,4,0.6
2017/1939,4,0.6
υπηρεσιών.»·,4,0.6
αγορών·»·,4,0.6
45β,4,0.6
επακολούθησης,4,0.6
εεατε,4,0.6
εεεααες,4,0.6
1095/2010.»·,4,0.6
27ζ,4,0.6
38δ,4,0.6
48δ,4,0.6
48γ,4,0.6
6.8.4–6.8.12,4,0.6
102στ,4,0.6
102ιβ,4,0.6
εποπτων,4,0.6
αντιμετωπισει,4,0.6
εμβόλιο,4,0.6
αντεπεξέρχεται,4,0.6
σημείωσαν,4,0.6
επιδραση,4,0.6
react-eu,4,0.6
κορωνοϊού,4,0.6
2020/33,4,0.6
30.6.2011,4,0.6
13.9.2018,4,0.6
3.5.2019,4,0.6
ανασύνταξη,4,0.6
επιστρεπτέας,4,0.6
11.1.2021,4,0.6
διαλειτουργικά,4,0.6
trv,4,0.6
εξακριβώνο,4,0.6
ανακυκλούμενη,4,0.6
μισθώματος,4,0.6
α-β,4,0.6
παρόχου,4,0.6
εισαγάγατε,4,0.6
ολοκληρώστε,4,0.6
παλαιότερο,4,0.6
αποπληρωμών,4,0.6
οποίο/-ος,4,0.6
εμπιστευτικες,4,0.6
2.237(β,4,0.6
μεταλλαξιγόνος,4,0.6
"0,00005",4,0.6
φαινυλενοδιαμίνη,4,0.6
καταγραφός,4,0.6
καλύφθηκαν,4,0.6
οριου,4,0.6
αιτιολογια,4,0.6
προτεραιοτητα,4,0.6
αποσυνδεσης,4,0.6
248,4,0.6
0914,4,0.6
εξαγορός,4,0.6
γαία,4,0.6
42(ε,4,0.6
υφιστάμενων,4,0.6
13.3.1,4,0.6
συνεισφορές,4,0.6
καθαυτό,4,0.6
συμβουλευτικές,4,0.6
ρευστών,4,0.6
1.1.8.6,4,0.6
1.1.8.2,4,0.6
1.1.5.5,4,0.6
1.1.6.1,4,0.6
1.2.2.2,4,0.6
1.2.1.3.1,4,0.6
333,4,0.6
1.2.2.3.1,4,0.6
1.2.2.3.2,4,0.6
ihc,4,0.6
"0,9*max(",4,0.6
to-fei,4,0.6
γ.10,4,0.6
μεταβιβάζουσας/-ών,4,0.6
0230,4,0.6
2019/979,4,0.6
πλεόνασμα(+)/έλλειμμα(-,4,0.6
08.05.1,4,0.6
494α,4,0.6
0040-0060,4,0.6
0295,4,0.6
492α,4,0.6
428ιστ,4,0.6
1.2.12,4,0.6
0010-0030,4,0.6
428ι,4,0.6
428ιες,4,0.6
428μθ,4,0.6
428μστ,4,0.6
¾,4,0.6
οικολογικής/-ών,4,0.6
ραντάρ,4,0.6
μάρκα/-ες,4,0.6
3ος,4,0.6
μάζας,4,0.6
πιστοποιητικού/-ών,4,0.6
κρυπτογραφικό,4,0.6
18/85,4,0.6
1.2.διαδικασία,4,0.6
σωματιδιακό,4,0.6
κατανομής·,4,0.6
εμπορικων,4,0.6
εξασφαλιζω,4,0.6
269α,4,0.6
ενεχομένος,4,0.6
τράπεζας(3,4,0.6
συνθήκης(4,4,0.6
bostadsobligationer,4,0.6
ενδιαφέροντος,4,0.6
πσπ,4,0.6
χορηγήση,4,0.6
πρακτέα,4,0.6
παρέχοντης,4,0.6
λεττονία,3,0.45
μάλτας,3,0.45
ιx,3,0.45
χχιι,3,0.45
17.4.2004,3,0.45
επακριβής,3,0.45
κινηθούν,3,0.45
αποτιμά,3,0.45
παρακάμπω,3,0.45
αναγνωριζόμενα,3,0.45
κοινοποιήσουν,3,0.45
2004/384/εκ,3,0.45
κατανοήσουν,3,0.45
ερμηνεύζω,3,0.45
αναδυόμενων,3,0.45
αγοράς)·,3,0.45
κίνδυνος)·,3,0.45
υποθεματοφύλακα,3,0.45
καταγωγής·,3,0.45
ολοσχερώς,3,0.45
απολογισμός,3,0.45
βαθμούς,3,0.45
ευρισκόμενες,3,0.45
ειλικρινός,3,0.45
επακριβούς,3,0.45
μικρούς,3,0.45
συντόμως,3,0.45
εταιρειών,3,0.45
ιδιαίτερες,3,0.45
εξαργυρώνω,3,0.45
ηλεκτρομαγνητικό,3,0.45
ετήσιες,3,0.45
εκλαμβανομένων,3,0.45
αντιγράφω,3,0.45
επιχειρήσεών,3,0.45
ψηφίνω,3,0.45
γλώσσες,3,0.45
68/151/eοκ,3,0.45
θεσπισθέντα,3,0.45
ανταλλασσόμενες,3,0.45
απόρρητου,3,0.45
μνημονευόμενων,3,0.45
έγινε,3,0.45
βασιζόμενοι,3,0.45
παριστάμενος,3,0.45
υποκαθιστά,3,0.45
αιτιολογώνη,3,0.45
όρων·,3,0.45
περιλαμβανόμενων,3,0.45
έκδοση·ς,3,0.45
εγκριθέν,3,0.45
προμηθευτούν,3,0.45
δημοσιευθέντα,3,0.45
διαδοση,3,0.45
αναγνωστικός,3,0.45
σεμινάριο,3,0.45
έδρας)·,3,0.45
προωθήθηκε,3,0.45
οργανωτικη,3,0.45
ακινητοποιήσεων,3,0.45
αναπτυξη,3,0.45
εκμεταλλευσης,3,0.45
χρηματοδότησε,3,0.45
ομόρρυθμοι,3,0.45
καταδικαστικός,3,0.45
ιδρυτική,3,0.45
πρoσώπου,3,0.45
κοινου,3,0.45
κλεισθείσα,3,0.45
δηλώθηκε·,3,0.45
συγκρουόμενων,3,0.45
παραγραφή·,3,0.45
φίλος,3,0.45
νωρίτερου,3,0.45
εγγράφομαι,3,0.45
ανέλεγκτος,3,0.45
εγγυητη,3,0.45
πηγή(-ές,3,0.45
βεβαιώσει,3,0.45
ίδρυσή,3,0.45
κατοίκους·,3,0.45
τύπου)·,3,0.45
ανατιμήσεις,3,0.45
καταπιστευματοδόχος,3,0.45
χρεώστικοί,3,0.45
παράγώγα,3,0.45
διακριτοί,3,0.45
ανησυχώ,3,0.45
προσέχω,3,0.45
βρέθηκε,3,0.45
μεδ-27,3,0.45
επανακατατάξεις,3,0.45
63-65,3,0.45
39-42,3,0.45
ανταλλασσόταν,3,0.45
οε30,3,0.45
κατ’αναλογίανς,3,0.45
εκπνεύσουν,3,0.45
επανεπενδύσει,3,0.45
εμβάσμα,3,0.45
γ)(iς,3,0.45
πωληθέντος,3,0.45
μακρόχρονη,3,0.45
επιμετρημένη,3,0.45
προδιαγραφόμενα,3,0.45
οε53-οε56,3,0.45
εκπνέει,3,0.45
διακρατούμενης,3,0.45
επανακατατάσσω,3,0.45
διάρρηξη,3,0.45
κατατασσόμενο,3,0.45
τιμών,3,0.45
αναγνωριστεί,3,0.45
95(α,3,0.45
οε69-οε82,3,0.45
μακρόχρονης,3,0.45
αποκάτλω,3,0.45
διαπραγματευόμενος,3,0.45
εξατομίκευση,3,0.45
προορίζονταν,3,0.45
επαναποκτήζω,3,0.45
επαναπωλήω,3,0.45
μεταβιβάνω,3,0.45
πούλησε,3,0.45
νμ80,3,0.45
τόση,3,0.45
διατηρηθέντα,3,0.45
διατηρηθέντων,3,0.45
προεξοφλώνη,3,0.45
επαυξάνω,3,0.45
κατέβαλλε,3,0.45
ανασκευή,3,0.45
εξέταζαν,3,0.45
υποτιμηθεί,3,0.45
παλινδρομήσεως,3,0.45
νμ10,3,0.45
απαξίωση,3,0.45
απαλλοτρίωση,3,0.45
εξατομικεύζω,3,0.45
προσδιόριζε,3,0.45
25a,3,0.45
ενσώματες,3,0.45
είσπραξής,3,0.45
κονδύλια,3,0.45
βάρυνε,3,0.45
πιστώθηκε,3,0.45
εισπραώνχ,3,0.45
οε99b.,3,0.45
επανεξέτασε,3,0.45
2004/383/eκ,3,0.45
συμφωνώνη,3,0.45
επιτύχει,3,0.45
29στ,3,0.45
8.7.2005,3,0.45
παρελήφθησαν,3,0.45
αν.,3,0.45
συντομεύω,3,0.45
ασφαλιστικών,3,0.45
επωφελούμενος,3,0.45
επιχειρήσεων.»·,3,0.45
56α,3,0.45
κείμενο:«άρθρο,3,0.45
πρωτασφάλισης,3,0.45
αξιών.»·,3,0.45
53β,3,0.45
ομιλους,3,0.45
31.5.1994,3,0.45
519/94,3,0.45
1337/2002,3,0.45
τουτέστιν,3,0.45
31.12.2002,3,0.45
53·,3,0.45
10.3.1994,3,0.45
προαγάγω,3,0.45
οε76α,3,0.45
λογιστικοποίησης,3,0.45
καταλληλότερης,3,0.45
φανερός,3,0.45
υποψη,3,0.45
έπακρο,3,0.45
νμ50,3,0.45
9β)ii,3,0.45
αποδόσεών,3,0.45
22.12.2005,3,0.45
27.1.2006,3,0.45
κατήργησε,3,0.45
18.7.1995,3,0.45
32002,3,0.45
σύγχρονων,3,0.45
διαλύω,3,0.45
κοινολογήνω,3,0.45
ταξιδίου,3,0.45
dei,3,0.45
υπογράμμισε,3,0.45
επιχειρηματολογία,3,0.45
εθνικότητα,3,0.45
άνιση,3,0.45
εφάρμοσαν,3,0.45
βιοτικός,3,0.45
ζητηθείσες,3,0.45
παρανόμος,3,0.45
προβλέφθηκαν,3,0.45
κλειστών,3,0.45
ακριβέστερα,3,0.45
επωμισθεί,3,0.45
μειώθηκε,3,0.45
1977,3,0.45
214/95,3,0.45
30.04.2004,3,0.45
σκιαγραφώ,3,0.45
αμερικανικών,3,0.45
2008·,3,0.45
υπόψιν,3,0.45
αυτοελέγχου,3,0.45
επιδιώξουν,3,0.45
ρυθμισμένη,3,0.45
αποδεχθώ,3,0.45
όργανο(-α,3,0.45
ifrs,3,0.45
δίπλωμα,3,0.45
επέτυχε,3,0.45
διπλωμάτο,3,0.45
επικυρωμένη,3,0.45
αντικαταστάτης,3,0.45
λογαριασμούς·,3,0.45
υπογράφεται,3,0.45
εξεταζομένος,3,0.45
συνοδεύνω,3,0.45
ανεξαρτησίας·,3,0.45
χορηγήζω,3,0.45
συσταθείσας,3,0.45
έκαναν,3,0.45
περιορισθούν,3,0.45
δραστηριοποιούμενος,3,0.45
προσκόμμα,3,0.45
συμβαλλόμενο,3,0.45
συμπτωματικός,3,0.45
προηγηθείσης,3,0.45
κληρονομικός,3,0.45
συγχωνευμένος,3,0.45
τερματίσουν,3,0.45
θέσεως,3,0.45
φύσεώς,3,0.45
εξελιγμένης,3,0.45
15.1.2003,3,0.45
fra,3,0.45
πωλούμενου,3,0.45
εκείνην,3,0.45
linked,3,0.45
συμψηφίνω,3,0.45
κρατώ,3,0.45
αντιστάθμισμα,3,0.45
μεθοδοι,3,0.45
εμβαθύνω,3,0.45
καταφεύγω,3,0.45
συναλλαγες,3,0.45
νιοστής,3,0.45
εσωτερικών,3,0.45
πρώτων,3,0.45
απομένουσες,3,0.45
υπερεκτιμώ,3,0.45
υποχαρτοφυλακίων,3,0.45
γεγονότος·,3,0.45
πολυάριθμων,3,0.45
καμπυλών,3,0.45
στρατηγικής·,3,0.45
συγκροτούν,3,0.45
αποτιμήσεων·,3,0.45
υποκειμενικότητα,3,0.45
παράγων,3,0.45
4(γ,3,0.45
iii(2.1,3,0.45
ν-1,3,0.45
περικλείει,3,0.45
αποτιμούνται,3,0.45
μεταβάλουν,3,0.45
επαχθή,3,0.45
διερευνηθεί,3,0.45
αποφαίνω,3,0.45
μειώσεως,3,0.45
ανατεθειμένες,3,0.45
μεταδώσει,3,0.45
λογότυπος,3,0.45
εκτελούνταν,3,0.45
διαρθρώνει,3,0.45
πιστής,3,0.45
προσπελάσιμο,3,0.45
αρμόδιο,3,0.45
σύζυγο·,3,0.45
νοικοκυριού,3,0.45
εξέτασαν,3,0.45
ευνοήω,3,0.45
σύσταση·,3,0.45
προεξέχονς,3,0.45
περιόδους·,3,0.45
δεσμευθούν,3,0.45
97/7/εκ,3,0.45
περιλαμβανόμενη,3,0.45
στόχους·,3,0.45
πολυπλοκότητάς,3,0.45
πελάτης·,3,0.45
εκτελέσνω,3,0.45
σχεδιάσει,3,0.45
αμέσως·,3,0.45
επιλέξιμοι,3,0.45
υπαγόμενες,3,0.45
συγκρισιμότητά,3,0.45
δεδουλευμένο,3,0.45
προελεύσεώς,3,0.45
φύλαξής,3,0.45
προσκομίστηκαν,3,0.45
εκτυπωτικός,3,0.45
τράπεζας-θεματοφύλακα,3,0.45
αποσβεσθείσες,3,0.45
παρακρατούμενου,3,0.45
τέλη-έξοδα,3,0.45
εισπραττόμενοι,3,0.45
καταβαλλόμενοι,3,0.45
τιμήματός,3,0.45
περιληπτέων,3,0.45
δημοσιευόμενοι,3,0.45
ευρωσυστηματος,3,0.45
ευρωσυστήμα-τος,3,0.45
εγγραφες,3,0.45
αποσβεσθεισών,3,0.45
πρόκριση,3,0.45
υποχρεώσεις»/«διάφορα,3,0.45
ζημίες)/κέρδη,3,0.45
mid-market,3,0.45
πραγματοποιούμενων,3,0.45
τοκοφόρος,3,0.45
straight-line,3,0.45
temporis,3,0.45
τριμερήςς,3,0.45
συναλλαγματικά,3,0.45
εισρεύτω,3,0.45
εκρεύζω,3,0.45
revaluation,3,0.45
accounts,3,0.45
αναλυτικότερες,3,0.45
περιβληθούν,3,0.45
μνημονεύομαι,3,0.45
επιλογής·,3,0.45
εκταλεμσάνω,3,0.45
αδειοδοτήζω,3,0.45
αγορaς,3,0.45
αρκτικόλεξο,3,0.45
μεταδιαπραγματευτικών,3,0.45
επιτρέψον,3,0.45
βδομάδα,3,0.45
διασπορά·,3,0.45
διαπραγματευσιμότητα,3,0.45
τηλεπικοινωνιών·,3,0.45
+/-,3,0.45
15000000,3,0.45
μεταβιβάσουν,3,0.45
εξατομικεύσιμα,3,0.45
περιγράψουν,3,0.45
8.2.α,3,0.45
σημειώσει,3,0.45
31ββ,3,0.45
καταχωρούμενων,3,0.45
εκπονήζω,3,0.45
αποθήκευσης·,3,0.45
αποσταλεί,3,0.45
αποκαθιστά,3,0.45
αναζητήσεις,3,0.45
ετικετός,3,0.45
πληρεξουσίος,3,0.45
διαδικαστικές,3,0.45
πληρεξούσια,3,0.45
διασφάλισης·,3,0.45
προτύπων·,3,0.45
διευρυνόμενος,3,0.45
εκδότες·ς,3,0.45
διαπραγματεύσιμες·,3,0.45
κίνδυνός,3,0.45
ενδεδειγμένα,3,0.45
απόκτηση.2,3,0.45
διαβιβάσθηκαν,3,0.45
συμμετοχή·,3,0.45
2006/101/εκ,3,0.45
20.3.2002,3,0.45
στατιστική,3,0.45
ισόρροπης,3,0.45
word,3,0.45
συνδυαστική,3,0.45
αλφάβητου,3,0.45
ατελέσφορους,3,0.45
30.11.1996,3,0.45
αντιστοιχισης,3,0.45
τράπεζες,3,0.45
κρατιδίων,3,0.45
ασυμφωνιών,3,0.45
παρέχονταν,3,0.45
εξέδιδαν,3,0.45
warrants)·,3,0.45
εκκαθάρισης·,3,0.45
κατοικοι,3,0.45
εθνικες,3,0.45
ευρωαγοράς,3,0.45
ανήκαν,3,0.45
πιστότερα,3,0.45
εφήρμοσε,3,0.45
απαιτούμενα,3,0.45
καταφατικός,3,0.45
1306,3,0.45
ηλεκτρονικού,3,0.45
υπολογιστή,3,0.45
αποσταλείσες,3,0.45
χειροκίνητη,3,0.45
pss,3,0.45
χρηματ,3,0.45
εσα,3,0.45
ssi,3,0.45
συσκευής,3,0.45
γραμμάτων,3,0.45
επανυποβάλω,3,0.45
δημοσιεύσιμο,3,0.45
προαπαιτούμενο,3,0.45
είσοδό,3,0.45
εξερχόμενου,3,0.45
ιδανικός,3,0.45
μεθόδος,3,0.45
αναλυόμενες,3,0.45
ανεπιθύμητου,3,0.45
διανεμητικός,3,0.45
αντλήσουν,3,0.45
χαρακτήρων·,3,0.45
τονισμός,3,0.45
πεζοί,3,0.45
ατελέςς,3,0.45
εσφαλμένο,3,0.45
ενσωματώζω,3,0.45
if_ref,3,0.45
κύριο,3,0.45
if_req_mod_id_realloc,3,0.45
if_nav_value,3,0.45
if_nav_date,3,0.45
αναδιανέμει,3,0.45
κινεί,3,0.45
ατμ,3,0.45
διατραπεζικά,3,0.45
κυκλώμας,3,0.45
προπληρωμένες,3,0.45
περιοριστικοί,3,0.45
1]στοιχεια,3,0.45
αποτελέζω,3,0.45
αναπόσβεστα,3,0.45
εξυπηρετηθεί,3,0.45
διευκρινιώνσ,3,0.45
υδατοπεριβαλλοντικά,3,0.45
εκρίζωση,3,0.45
αλιεύω,3,0.45
ζώντων,3,0.45
πρακτορείο,3,0.45
αντιπρόσωποι,3,0.45
ευθύνες,3,0.45
συγχρηματοδοτείται,3,0.45
δανειοδοτήσεων,3,0.45
συντελέστηκε,3,0.45
συμπεράσματο,3,0.45
ενημερώνεται,3,0.45
ανεπαρκειών,3,0.45
απάτης·,3,0.45
αποκαλύφθηκε,3,0.45
ενεχόμενων,3,0.45
διώξεων,3,0.45
συσκέψη,3,0.45
μετατρέψουν,3,0.45
3.5.2000,3,0.45
στρατηγικη,3,0.45
περιληψη,3,0.45
εφαπτόμενος,3,0.45
άκρη,3,0.45
ρολογιού,3,0.45
τετραχρωμία,3,0.45
παλέτα,3,0.45
έγχρωμο,3,0.45
κοινοτικού,3,0.45
επαγγέλμα,3,0.45
καταφύγιο,3,0.45
οπως,3,0.45
ελέγχθηκε,3,0.45
ελεγχων,3,0.45
εξέτασα,3,0.45
δηλωθεισών,3,0.45
καταγεγραμμένη,3,0.45
οργανογράμματα,3,0.45
αξονα,3,0.45
σημαντικη,3,0.45
αποπληρωτέος,3,0.45
εργοστάσιο,3,0.45
ifric,3,0.45
θέματα,3,0.45
υπηρέτησε,3,0.45
παρουσιαζόμενες,3,0.45
23·,3,0.45
τομέων,3,0.45
ερακα,3,0.45
συνέχισαν,3,0.45
66/2008,3,0.45
19β,3,0.45
25.9.2008,3,0.45
6.2.2007,3,0.45
υφισταμένη,3,0.45
ανθρωπίνος,3,0.45
πρακτικότητα,3,0.45
ευκταίος,3,0.45
ενοποιώνη,3,0.45
επιχειρήματά,3,0.45
r17].,3,0.45
—καθόσον,3,0.45
εφαρμοζομένος,3,0.45
προβλέψεων·,3,0.45
επιβάλλονται,3,0.45
πάσης,3,0.45
2157/2001,3,0.45
δανικού,3,0.45
sociedad,3,0.45
10.11.2001,3,0.45
1791/2006,3,0.45
επεξεργαστούν,3,0.45
συμβoύλιo,3,0.45
ανακοινωθεί,3,0.45
προσπορίζω,3,0.45
πλαστής,3,0.45
διατιθέμενος,3,0.45
επικίνδυνο,3,0.45
σημάνσεων,3,0.45
1004/2008,3,0.45
103ζ,3,0.45
50e,3,0.45
έληξαν,3,0.45
ετοιμαστεί,3,0.45
υποστήριξης,3,0.45
διακόσμηση,3,0.45
χαλυβουργία,3,0.45
25η,3,0.45
υιοθετούντης,3,0.45
25δ,3,0.45
τροποποιησεις,3,0.45
αποστάσεων,3,0.45
εξαργυρωθεί,3,0.45
αναπόφευκτας,3,0.45
μειωνόταν,3,0.45
κινητοποιείται,3,0.45
13ης,3,0.45
ασαφής,3,0.45
εκχωρηθούν,3,0.45
παραβιαστεί,3,0.45
ακε,3,0.45
αφρικανική,3,0.45
ελπίδα,3,0.45
μεταναστευτικός,3,0.45
ορυκτών,3,0.45
επανεξετάζεται,3,0.45
σεβαστός,3,0.45
διασαφηνιστούν,3,0.45
ιδρυματων,3,0.45
δειγματικός,3,0.45
πιστούχου·,3,0.45
83.,3,0.45
πείθω,3,0.45
20.4.2001,3,0.45
αναθ.2,3,0.45
2003·,3,0.45
στοιχειώδεις,3,0.45
18β,3,0.45
αναθς,3,0.45
11.8.2007,3,0.45
μεικτά,3,0.45
12a,3,0.45
pc,3,0.45
τουτarget2/target,3,0.45
διαβεβαίωσε,3,0.45
ανεπιφύλακτος,3,0.45
παραληφθούν,3,0.45
97b,3,0.45
υποδεέσς,3,0.45
οε29,3,0.45
παρουσιάζομαι,3,0.45
εξεδόθη,3,0.45
103στ,3,0.45
υιοθετούντα,3,0.45
αναδιοργανώνω,3,0.45
23b,3,0.45
προσαθεμσάνω,3,0.45
45γ,3,0.45
έσοδος,3,0.45
38a,3,0.45
εγκατάλειψη,3,0.45
αναλώνω,3,0.45
111a,3,0.45
εργαζόμενου,3,0.45
υπηρεσια,3,0.45
υπάρχονς,3,0.45
120α,3,0.45
τέτοιες,3,0.45
φυτεία,3,0.45
αναπόσβεστος,3,0.45
καλλιεργώ,3,0.45
δάσος,3,0.45
σήραγγα,3,0.45
εισπραχθέν,3,0.45
κατασκευής·,3,0.45
οε7,3,0.45
25h,3,0.45
αναλαμβανόμενες,3,0.45
αποκτώμενων,3,0.45
αρμόζοντας,3,0.45
ελέγχουσα,3,0.45
ολοκληρωτικά,3,0.45
απόκτησή,3,0.45
b46,3,0.45
b49,3,0.45
κατείχε,3,0.45
αναγνωρίσθηκε,3,0.45
προϋπάρχουσα,3,0.45
μεταγενεστερη,3,0.45
συναλλασσόμενων,3,0.45
ενοχή,3,0.45
επιλεγείσος,3,0.45
αδικαιολόγητου,3,0.45
σύμφυτος,3,0.45
φυλλαδίου,3,0.45
διαχειρίζονται·,3,0.45
ορθών,3,0.45
νομότυπα,3,0.45
απορροφών,3,0.45
επιλύθηκαν,3,0.45
ικανοποιημένος,3,0.45
προετοιμάσουν,3,0.45
κυριου-τροφοδοτικου,3,0.45
μεταβιβαστικός,3,0.45
υποπαραγράφου,3,0.45
θεσμοθετημένος,3,0.45
υφισταμένος,3,0.45
ελαχιστοποιώντας,3,0.45
διαρθρωμένες,3,0.45
αναγιγνώσκεται,3,0.45
ή»·,3,0.45
αντιτάσσω,3,0.45
προβληματισμών,3,0.45
κατονομάζω,3,0.45
αντιστοίχωςς,3,0.45
διαπραχθείσες,3,0.45
διενεργήτω,3,0.45
58α,3,0.45
διεκπεραιώθηκε,3,0.45
παραβάτιδος,3,0.45
μεταβιβάζεται,3,0.45
δίμηνος,3,0.45
καταβληθέντης,3,0.45
περιττών,3,0.45
larosière,3,0.45
προοίμιο,3,0.45
18.3.2004,3,0.45
αυστηρού,3,0.45
ομαλότητα,3,0.45
καταχωρισθούν,3,0.45
απολεσθούν,3,0.45
διοριώνσ,3,0.45
20].,3,0.45
2011.1,3,0.45
καταχωρίσθηκαν,3,0.45
απολεσθέντα,3,0.45
υποκατάστημα·,3,0.45
αποκλειομένος,3,0.45
επιτηρώ,3,0.45
έδρα·,3,0.45
κθ,3,0.45
λα,3,0.45
λβ,3,0.45
λγ,3,0.45
λδ,3,0.45
μα,3,0.45
παραιτηθεί,3,0.45
φυλλάδι,3,0.45
συναρτήζω,3,0.45
συναλλασσομένων,3,0.45
διαχωρίσει,3,0.45
εξωτερικούς,3,0.45
ανήκοντα,3,0.45
διαφανειας,3,0.45
ετήσια,3,0.45
δύσκολα,3,0.45
μοχλευμένος,3,0.45
παρέχουν,3,0.45
κράτος·,3,0.45
συμφωνιών·,3,0.45
διαβατήριο·ς,3,0.45
συμμορφώθηκαν,3,0.45
ανακρίνω,3,0.45
συνδιάλεξη,3,0.45
διαταράξω,3,0.45
αιτούσες,3,0.45
επενδυτικό,3,0.45
κατάλληλα·,3,0.45
ευέλικτης,3,0.45
χρόνου·,3,0.45
ετεροχρονισμένος,3,0.45
στοιχεί,3,0.45
ευρίσκονται,3,0.45
περιβαλλοντικώς,3,0.45
έμμονος,3,0.45
απώτερο,3,0.45
χρώμιο,3,0.45
πολυβρωμοδιφαινύλια,3,0.45
δίχως,3,0.45
νανοϋλικά,3,0.45
νομοθετημάτων,3,0.45
πιστοποιήνω,3,0.45
διαβουλεύεται,3,0.45
επιδιωχθεί,3,0.45
διεπιχειρησιακός,3,0.45
αποδυναμώνω,3,0.45
δημοσιοποιημένη,3,0.45
διάχυτος,3,0.45
κατατεθειμένη,3,0.45
κατατεθειμένο,3,0.45
ονόματος,3,0.45
έλαβαν·,3,0.45
ανεξίτηλη,3,0.45
13.2.2003,3,0.45
7.12.1998,3,0.45
αυτόματοι,3,0.45
εκκενώσεως,3,0.45
τήξη,3,0.45
συστοιχία,3,0.45
φθορίζων,3,0.45
λεπτού,3,0.45
ηλεκτρονίο,3,0.45
πλάσματος,3,0.45
υδραργύρος,3,0.45
χρώματος,3,0.45
mm2ς,3,0.45
μικροδιαύλος,3,0.45
κρύσταλλος,3,0.45
ιόντων,3,0.45
αόνδος,3,0.45
υπερήχων,3,0.45
αιτούντος·,3,0.45
14.10.2006,3,0.45
εργασθούν,3,0.45
ατομικώς,3,0.45
υπο-ομίλος,3,0.45
αμελητέας,3,0.45
ποιότητος,3,0.45
μητρικές,3,0.45
μητρικό,3,0.45
εε.»·,3,0.45
του.»·,3,0.45
διαπιστωθείσας,3,0.45
αποτελέσματα.»·,3,0.45
υπαγάγουν,3,0.45
φερεγγυότητας.»·,3,0.45
ήθος,3,0.45
258,3,0.45
επιλεγείσες,3,0.45
οδηγία.»·,3,0.45
ημέρη,3,0.45
παρεμβάση,3,0.45
διαδικαστικοί,3,0.45
διμερά,3,0.45
αντιστρέψω,3,0.45
δημοπρασιών,3,0.45
15]·,3,0.45
εξομαλύνω,3,0.45
επακολουθώ,3,0.45
συμφωνημένο,3,0.45
σύνηθες,3,0.45
r1,3,0.45
rs,3,0.45
εξαντλείται,3,0.45
40].,3,0.45
45].,3,0.45
υποσειρών,3,0.45
διατυπωμένη,3,0.45
καταπίπτω,3,0.45
ακατάλληλη,3,0.45
ρυθμιζόμενες,3,0.45
οφειλέτη·,3,0.45
"0,40",3,0.45
ecai,3,0.45
ανέκκλητα,3,0.45
ολοσχερός,3,0.45
νπδτ,3,0.45
υποβληθέντων,3,0.45
δειγμάτος,3,0.45
6.4.3,3,0.45
rmdb,3,0.45
προσθέζω,3,0.45
ανταποκρίτριος,3,0.45
σκοπό·,3,0.45
υπολογισθέντα,3,0.45
υπερτίμηση,3,0.45
διατάξεων·,3,0.45
συναφθείσας,3,0.45
καταργουμενη,3,0.45
κατευθυντηρια,3,0.45
πις,3,0.45
δ8b,3,0.45
τεκμαιρόμενο,3,0.45
b56,3,0.45
b62aς,3,0.45
65b–65e,3,0.45
αντικαθιστάμενος,3,0.45
ενσωμάτων,3,0.45
εξεταώνσ,3,0.45
σεβαστά,3,0.45
υπεράσπισή,3,0.45
επανειλημμένη,3,0.45
περιορισμένη·,3,0.45
εακαα.»·,3,0.45
23δ,3,0.45
συναφές,3,0.45
αποθηκεύονται·,3,0.45
απαντήσεις·,3,0.45
ερωτώνη,3,0.45
αυθαίρετα,3,0.45
επιτόπιες,3,0.45
ερευνώμαι,3,0.45
οφειλόταν,3,0.45
ανασταλτικός,3,0.45
προσβαλλόμενη,3,0.45
καθήκοντος·,3,0.45
πρόστιμα,3,0.45
διαπιστώσει,3,0.45
36α,3,0.45
εκτελεστήριος,3,0.45
εκδίκαση,3,0.45
ελαφρυντικούς,3,0.45
περιουσιακού,3,0.45
συνάθροιση,3,0.45
ε4,3,0.45
γνωστοποιούμενο,3,0.45
λειτουργούσας,3,0.45
συντονισμένα,3,0.45
μεθοδεύσεις,3,0.45
τέχνασμα,3,0.45
φημών,3,0.45
πωλήζω,3,0.45
παραλλήλος,3,0.45
δικαστικά,3,0.45
συγκαλείται,3,0.45
οπωροκηπευτικός,3,0.45
μπανανών,3,0.45
22.12.2011,3,0.45
πρότειναν,3,0.45
2008/55/εκ,3,0.45
ηλεκτρονικά·,3,0.45
τεκμηρίωση·,3,0.45
26.6.2003,3,0.45
εξουσιοδοτήσεων,3,0.45
επανορθώνω,3,0.45
οσεκa,3,0.45
κενός,3,0.45
αδιάβλητος,3,0.45
ενημερωση,3,0.45
μεριδια,3,0.45
επιδεχόμενος,3,0.45
ευνοϊκότερο,3,0.45
αρμοδιότητά,3,0.45
κοινοποιήθηκαν,3,0.45
νεοσύστατο,3,0.45
πραγμάτων,3,0.45
ιv,3,0.45
μεταφράσεων,3,0.45
διασφαλίζει,3,0.45
δέχω,3,0.45
ανασταλούν,3,0.45
13γ,3,0.45
52βς,3,0.45
σχεδιάγραμμα,3,0.45
αναφέρουν,3,0.45
πράξεών,3,0.45
ενοποιημενων,3,0.45
ενδοεταιρικά,3,0.45
τιμολογείται,3,0.45
αναδιοργάνωση·,3,0.45
απολεσθεί,3,0.45
οε110a,3,0.45
81α,3,0.45
επιμετρήσιμος,3,0.45
απέτυχαν,3,0.45
εμπιστεύομαι,3,0.45
υπέκειντο,3,0.45
διακυβεύζω,3,0.45
σχετιζόμενοι,3,0.45
υποκαταστήσω,3,0.45
διαβουλεώνυ,3,0.45
κοινοποιούμαι,3,0.45
προσυπογράφον,3,0.45
καλώντας,3,0.45
ικανοτητας,3,0.45
καθαίρεση,3,0.45
συσχετίσεως,3,0.45
εστάλησαν,3,0.45
δυσμενέσς,3,0.45
ανατιθέμενα,3,0.45
κατω,3,0.45
κοινοτητα,3,0.45
τατζικισταν,3,0.45
δημοκρατιών,3,0.45
εκτιμωντας,3,0.45
ειρήνη,3,0.45
βόννη,3,0.45
παρισίων,3,0.45
αλληλεξάρτηση,3,0.45
διμερέςς,3,0.45
αποθήκα,3,0.45
προφυλάξεως,3,0.45
συνδυασμένης,3,0.45
οροι,3,0.45
εγκατασταση,3,0.45
μονιμότητα,3,0.45
παρακωλύονται,3,0.45
γενικες,3,0.45
αποσπώ,3,0.45
διατροφή,3,0.45
υδροηλεκτρικός,3,0.45
σιδηρούχων,3,0.45
χωροταξικός,3,0.45
βιοτεχνολογία,3,0.45
πλανητικός,3,0.45
παιδιού,3,0.45
βοηθημάτων,3,0.45
φορολογικοί,3,0.45
δικαιωματων,3,0.45
γενεύη,3,0.45
1967,3,0.45
εναλλάξ,3,0.45
προάσπιση,3,0.45
πρωτόκολλά,3,0.45
20092,3,0.45
κατανομές,3,0.45
διανομές,3,0.45
διανεμηθέντος,3,0.45
μηχανών,3,0.45
αποκτηθέν,3,0.45
επιμετρήσεων,3,0.45
β11,3,0.45
β11α,3,0.45
34α,3,0.45
εσπευσμένος,3,0.45
διαγράφεται,3,0.45
μετέβαλε,3,0.45
πλατέων,3,0.45
ανοξείδωτου,3,0.45
συγκολλημένων,3,0.45
ακολούθησαν,3,0.45
αυξανόμενης,3,0.45
τριπλάσιος,3,0.45
κυπρος,3,0.45
46.2,3,0.45
πραγματοποιηθέντος,3,0.45
τραπεζογραμμάτια·,3,0.45
15.2,3,0.45
6]για,3,0.45
44ε,3,0.45
προκαταβαλλόμενου,3,0.45
ίσχυσαν,3,0.45
διακανονιζόμενος,3,0.45
αποσαφηνίσει,3,0.45
αφεθεί,3,0.45
υπονοεί,3,0.45
επεξηγήσεων,3,0.45
τυπωμένο,3,0.45
υπονοείται,3,0.45
αναπαριστά,3,0.45
-ες,3,0.45
ακόλουθης,3,0.45
λογικώς,3,0.45
ενημέρωσή,3,0.45
πληροφορηθούν,3,0.45
χρήσιμα,3,0.45
αυτοδιαχειριζόμενος,3,0.45
υπογράφοντας,3,0.45
εξουσιοδοτημένο,3,0.45
δημόσιο,3,0.45
χρηματοδότης,3,0.45
τέκνα,3,0.45
εργαζομένους·,3,0.45
ελήφθησαν·,3,0.45
δικαιωμάτων·,3,0.45
προπληρωμές,3,0.45
risparmio,3,0.45
εδράζω,3,0.45
δόσεα,3,0.45
κρίσεων·,3,0.45
συνομολογηθεί,3,0.45
αντίκτυπού,3,0.45
διαφορή,3,0.45
διευθετηθούν,3,0.45
2.12.2011,3,0.45
ευπρόσδεκτη,3,0.45
cms,3,0.45
μακρόπνοη,3,0.45
εμπεριστατωμένων,3,0.45
"0,10",3,0.45
6.5.1,3,0.45
κατανεμήθηκε,3,0.45
b2,3,0.45
καταγραφούν,3,0.45
ασυμμετρία,3,0.45
ομοσπονδία·,3,0.45
χρεογράφων·,3,0.45
αναφερομένη,3,0.45
αναρτώνται,3,0.45
ανανέωσή,3,0.45
εντοπίστηκε,3,0.45
έρευνες,3,0.45
μηχανοργανωμένο,3,0.45
mvv,3,0.45
796α,3,0.45
συσκευαστεί,3,0.45
συμπυκνωμένος,3,0.45
ιχβ,3,0.45
αλκοολικός,3,0.45
nn,3,0.45
υλοποιήσιμος,3,0.45
uz,3,0.45
uzskata,3,0.45
sertifikātu,3,0.45
saskaņā,3,0.45
regulas,3,0.45
az,3,0.45
eredetmegjelöléssel,3,0.45
földrajzi,3,0.45
jelzéssel,3,0.45
rendelkező,3,0.45
igazoló,3,0.45
okmánynak,3,0.45
rendelet,3,0.45
megfelelően,3,0.45
septvicies,3,0.45
conformidade,3,0.45
o-z,3,0.45
βάσιμων,3,0.45
διαπιστώσεων,3,0.45
12.11.2010,3,0.45
δένδρου,3,0.45
πρόσημα,3,0.45
κρατικου,3,0.45
εξαιρουμένων,3,0.45
επισκέπτομαι,3,0.45
αρθρα,3,0.45
ακολούθος,3,0.45
εξαιρεσης,3,0.45
αναθεωρημένοςς,3,0.45
διαμεσολαβητές·,3,0.45
υπευθυνο,3,0.45
xxv,3,0.45
επιτροπής,3,0.45
χρηματομεσιτικός,3,0.45
υποβάλλουσας,3,0.45
αξιόπιστος·,3,0.45
διαφοράς·,3,0.45
fr,3,0.45
αλφαριθμητικά,3,0.45
ψηφία)·,3,0.45
go,3,0.45
eic,3,0.45
bl,3,0.45
καταπιστευμάτων,3,0.45
εφαρμοζονται,3,0.45
επιβαλλόταν,3,0.45
1961,3,0.45
προσδοκιών,3,0.45
μεταχειρίσεως,3,0.45
κοινοποίησαν,3,0.45
πρωτοδικείου,3,0.45
ανατοκισμός,3,0.45
παρεμφερέςς,3,0.45
12ιζ,3,0.45
ευρωπαϊκου,3,0.45
θεσπισμένος,3,0.45
ρυθμισθεί,3,0.45
οδηγήσουν,3,0.45
προσφέρουσας,3,0.45
εθελούσια,3,0.45
μεταχείρισης·,3,0.45
αξιόλογος,3,0.45
κοινοποιώντας,3,0.45
ενδιαφερόμενες,3,0.45
2001/34/εκ·,3,0.45
βάσιμο,3,0.45
12.7.2011,3,0.45
δημοσίος,3,0.45
2013/35,3,0.45
αναπτήρας,3,0.45
διατακτικό,3,0.45
αυτεπάγγελτος,3,0.45
ευθυγραμμισμένο,3,0.45
εφ’,3,0.45
αυτεπάγγελτα,3,0.45
απόφαση-πλαίσιο,3,0.45
2009/316/δευ,3,0.45
ελλιπώς,3,0.45
σχεδιασμένων,3,0.45
συμβάλλοντας,3,0.45
συνδεδεμένης,3,0.45
επιδόματα,3,0.45
επιταγών,3,0.45
unijos,3,0.45
συνεταιρισμοί,3,0.45
αρχές,3,0.45
διαπιστώζω,3,0.45
εξουσιεσ,3,0.45
ανωνύμως,3,0.45
μηχανισμοι,3,0.45
υποτμημα,3,0.45
αγορές-στόχος,3,0.45
αντέξουν,3,0.45
υλοποιηθούν,3,0.45
επιτευχθέν,3,0.45
δημοσιεύματα,3,0.45
απαραίτητης,3,0.45
μετοχική,3,0.45
εταιρειεσ,3,0.45
συμμετοχων,3,0.45
αιτίο,3,0.45
εντοπισθέντος,3,0.45
δικαιολογείμαι,3,0.45
ανεπαρκές,3,0.45
αποθεμάτος,3,0.45
ιδρύματά,3,0.45
υπολογίσθηκε,3,0.45
διατηρούνταν,3,0.45
ευρισκόμενου,3,0.45
επιτόπιοι,3,0.45
7.4.2009,3,0.45
19.6.2012,3,0.45
επεκτάσιμος,3,0.45
αγορές.»·,3,0.45
28β,3,0.45
2013/34/εε,3,0.45
δημοσιεύσουν,3,0.45
έφεση,3,0.45
2012/17/εε,3,0.45
—το,3,0.45
2011/26,3,0.45
εγγυημένες,3,0.45
s.14,3,0.45
τοκοφορίος,3,0.45
s.15,3,0.45
αταξινόμητος,3,0.45
διακράτησης·,3,0.45
στατιστικώς,3,0.45
shsdb,3,0.45
σηματοδοτείται,3,0.45
άνδεων,3,0.45
δασμής,3,0.45
παραλάβει,3,0.45
ποσοτικοποιήσιμος,3,0.45
επενδυμένου,3,0.45
θιγούν,3,0.45
προσδώσει,3,0.45
αυτοκινούμενος,3,0.45
t3,3,0.45
λίθους,3,0.45
ανυψώνω,3,0.45
προσαρτημένος,3,0.45
τροχοφόροι,3,0.45
στάδια·ς,3,0.45
ανταλλακτικά·,3,0.45
μονάδων·,3,0.45
παραχθέν,3,0.45
οχήματα·,3,0.45
λέσχες,3,0.45
κυκλοφορία·ς,3,0.45
εμφανείς,3,0.45
μετατρόχια,3,0.45
κυλίνδρα,3,0.45
μετατροπείς,3,0.45
καύσιμο·,3,0.45
επαναφόρτιση,3,0.45
εκτάση,3,0.45
ερπυστριοφόρους,3,0.45
διαστάσεις·,3,0.45
σκληρός,3,0.45
στάδια·,3,0.45
στάδιο·,3,0.45
αποτελούμενο,3,0.45
ονοματεπώνυμο(-α,3,0.45
επισυναπτόμενου,3,0.45
μεταβληθεί,3,0.45
ενεχόμενος,3,0.45
επανεκδοθεί,3,0.45
κοινόχρηστος,3,0.45
παραγόμενες,3,0.45
μετρήσεις)·,3,0.45
αυτοκινητικός,3,0.45
δέλεαρ,3,0.45
δέλεαρς,3,0.45
74/347/εοκ,3,0.45
76/432/εοκ,3,0.45
76/763/εοκ,3,0.45
80/720/εοκ,3,0.45
86/297/εοκ,3,0.45
2009/58/εκ,3,0.45
2009/61/εκ,3,0.45
2009/144/εκ,3,0.45
18.9.1978,3,0.45
8.8.1987,3,0.45
1.8.2009,3,0.45
εναλλάξιμα,3,0.45
ταχείς,3,0.45
αμφίδρομης,3,0.45
95/1/εκ,3,0.45
e-axe,3,0.45
e-axt,3,0.45
βαριές,3,0.45
ποδήλατα,3,0.45
αλλιώς,3,0.45
στροφαλοφόρου,3,0.45
cng,3,0.45
δίκυκλος,3,0.45
μοτοποδηλάτων,3,0.45
ίδια·,3,0.45
ίδιος·,3,0.45
κατώτατης,3,0.45
βιοαερίου,3,0.45
βιοντίζελ,3,0.45
έλαιο,3,0.45
ελαφρύς,3,0.45
επίδοσης)·,3,0.45
e-c,3,0.45
χωρητικότητάς,3,0.45
l4,3,0.45
τάσεω,3,0.45
σφαιρικός,3,0.45
σαφώς·,3,0.45
σχετικό(-ός,3,0.45
οικονομικό(-ός,3,0.45
φορέα(-είς,3,0.45
αγώνες,3,0.45
κόπος,3,0.45
ηπιότερος,3,0.45
αποκτούνται,3,0.45
δεκαοκτάμηνος,3,0.45
παραβίασε,3,0.45
λειτουργών,3,0.45
ταιριάζω,3,0.45
παγώνω,3,0.45
εξειδικευμένο,3,0.45
ενεργειών·,3,0.45
εκτέλεση·,3,0.45
μειονεκτήματος,3,0.45
αμείβονται,3,0.45
διατηρούμενο,3,0.45
αμετακλήτως,3,0.45
εκτιμητή·,3,0.45
απαριθμούμενες,3,0.45
φαίνω,3,0.45
διάδοχός,3,0.45
τρομοκρατίας·,3,0.45
αποσαφηνιστεί,3,0.45
καθήκοντας,3,0.45
ξεχωρίσει,3,0.45
επενδύσεις·,3,0.45
ενοίκια,3,0.45
εγκαταστημένη,3,0.45
οικονομίας·,3,0.45
10.7.2010,3,0.45
ανασφάλιστα,3,0.45
στοιχήμα,3,0.45
περιουσιακού(-ών,3,0.45
εύρεση,3,0.45
συνάδει,3,0.45
βραχύτερο,3,0.45
απομένει,3,0.45
έργα,3,0.45
διαπραγματεύσεων,3,0.45
τονώνω,3,0.45
αποκλίνοντης,3,0.45
καταφανώς,3,0.45
μεγέθυνση,3,0.45
29.6.2012,3,0.45
αποκλεισμένος,3,0.45
μειονεκτούντας,3,0.45
παραβιάσουν,3,0.45
τεκμηριωμένους,3,0.45
αποεπενδύσεις,3,0.45
ασύμμετρος,3,0.45
αμείβομαι,3,0.45
μετριάσει,3,0.45
αυστηρότεροι,3,0.45
θεμελιώζω,3,0.45
βιώνω,3,0.45
υπερβολική,3,0.45
συνομολογήθηκε,3,0.45
αξιολογήσεις·,3,0.45
ανακοινωθένς,3,0.45
προκληθείσα,3,0.45
31.5.2011,3,0.45
διοικητών,3,0.45
συμπεφωνημένος,3,0.45
παρακωλύσουν,3,0.45
συστάσεών,3,0.45
αποθάρρυνση,3,0.45
αναδιαμόρφωση,3,0.45
υψηλότερες,3,0.45
προληπτικώς,3,0.45
απειλήσουν,3,0.45
συμφωνηθέντης,3,0.45
φορέα,3,0.45
ισπανική,3,0.45
χαίρω,3,0.45
κλώ,3,0.45
αναπροσαρμοσθούν,3,0.45
αποδείξη,3,0.45
συνεγγυητικός,3,0.45
μειωμένα,3,0.45
αυτόνομης,3,0.45
παραχθούν,3,0.45
υπολογίστηκε,3,0.45
απαλλαχθεί,3,0.45
ενεχόμενες,3,0.45
υποενοποίηση,3,0.45
ιεραρχούνται,3,0.45
συνέπειες,3,0.45
παίρνω,3,0.45
αφαιρέσεως,3,0.45
οφειλέτρια,3,0.45
εφαρμοστομαί,3,0.45
ταξινομημένες,3,0.45
αναλαμβανόμενος,3,0.45
αγνοήζω,3,0.45
διαισθητικός,3,0.45
εκτιμήσεών,3,0.45
υπολειπόμενοι,3,0.45
ένδικη,3,0.45
δυσλειτουργιών,3,0.45
δανειοδοτικό,3,0.45
εκτελεστέα,3,0.45
επαναπροσδιορίζω,3,0.45
διατεθειμένος,3,0.45
εγγυημένων,3,0.45
επαναξιολογούν,3,0.45
τεκμηριωμένων,3,0.45
τερματιστεί,3,0.45
διαβαθμισμένης,3,0.45
παρακρατηθεί,3,0.45
τιτλοποιημένας,3,0.45
κυκλοφοριακός,3,0.45
n,3,0.45
προεγκεκριμένο,3,0.45
αξίο,3,0.45
συμφωνίες-πλαίσια,3,0.45
οστής,3,0.45
εκπεφρασμένου,3,0.45
αντιπροσώπευαν,3,0.45
σφαιρικά,3,0.45
συστήματό,3,0.45
δοκιμαστικοί,3,0.45
επικυρώσεις,3,0.45
αποτυπώσει,3,0.45
συμβαλλομένους,3,0.45
αντιστοιχιζόμενας,3,0.45
αφερέγγυοι,3,0.45
προκαταβεβλημένων,3,0.45
καταβεβλημένες,3,0.45
επανέρχονται,3,0.45
στρεβλός,3,0.45
υπάγονταν,3,0.45
ti,3,0.45
mi,3,0.45
υποόμιλος,3,0.45
αλληλεγγυητικός,3,0.45
διαιρούμενο,3,0.45
δημοσιοποιήσης,3,0.45
μείωναν,3,0.45
πόσος,3,0.45
eca,3,0.45
διαπιστωθέας,3,0.45
φύσεως,3,0.45
αρ.,3,0.45
επαναγοράσθηκαν,3,0.45
κυκλικότητα,3,0.45
διασφαλιζόμενος,3,0.45
σταθερών,3,0.45
περιόριζε,3,0.45
τιμολογίο,3,0.45
nif,3,0.45
αυτοεξοφλούμενος,3,0.45
σημείοs,3,0.45
276,3,0.45
14β,3,0.45
367ς,3,0.45
431,3,0.45
146,3,0.45
κλιμακοποίηση,3,0.45
καταδολίευση,3,0.45
λήξεων,3,0.45
αεροπορικών,3,0.45
26α,3,0.45
εγγυημένοι,3,0.45
κατασκευά,3,0.45
αποκτώντες,3,0.45
εγγυοδοτικός,3,0.45
β85ιγς,3,0.45
β85γ,3,0.45
κοινοπραξίες·,3,0.45
περισσότεροι,3,0.45
γ2α,3,0.45
γ3γ,3,0.45
απολαβών,3,0.45
ανασχέσεις,3,0.45
ανυδρίτης,3,0.45
εκτραπούν,3,0.45
φαρμακείο,3,0.45
παρασχεθούν·,3,0.45
κανονισμό.»·,3,0.45
18.2.2004,3,0.45
ύπαρξή,3,0.45
ελευθεριών,3,0.45
παρακολουθήσουν,3,0.45
αποτυπωμένος,3,0.45
κανονιστική,3,0.45
κατατάσσεται,3,0.45
εκπεφρασμένης,3,0.45
δημοσιοποιησης,3,0.45
884,3,0.45
2012/46/εε,3,0.45
προδιαγραφες,3,0.45
αντιρρυπαντικός,3,0.45
σημείο(-α,3,0.45
αναλώσιμο,3,0.45
nrsc,3,0.45
αέριες,3,0.45
διαγράψτε,3,0.45
έκκεντρος,3,0.45
εκπομπός,3,0.45
γαλβανικά,3,0.45
τάσης·,3,0.45
επαναφορτιζόμενος,3,0.45
πρόωση·,3,0.45
τάση·,3,0.45
κυψελών,3,0.45
βερνίκι,3,0.45
πλυντηρίδες,3,0.45
ενεργοποιήνω,3,0.45
σταθμευμένο,3,0.45
ελαστικών·,3,0.45
φωτίζουσα,3,0.45
κατακόρυφο,3,0.45
ανθρωπόμορφος,3,0.45
προφυλακτήρων,3,0.45
μέτωπο,3,0.45
14.8.2010,3,0.45
18.6.2013,3,0.45
30.3.2011,3,0.45
αρ,3,0.45
χαρακτηρίστηκαν,3,0.45
αποφανθούν,3,0.45
πιστωτικό,3,0.45
coopératives,3,0.45
σχεση,3,0.45
πορους,3,0.45
μελετημένος,3,0.45
ελεύθερων,3,0.45
χρησιμοποιηθέντων,3,0.45
δικαιώματός,3,0.45
εύστοχος,3,0.45
εξωτερικών,3,0.45
σχέσεων,3,0.45
επίπεδά,3,0.45
διαλογή,3,0.45
τπ·,3,0.45
ιστοτόπους,3,0.45
επανεκτιμάται,3,0.45
abspp,3,0.45
μετακινήσεων,3,0.45
τοποθεσία·ς,3,0.45
πυρομαχικό,3,0.45
σφραγίδων,3,0.45
οπλοπώλος,3,0.45
απόρριψή,3,0.45
συμμορφούμενης,3,0.45
28.6.2013,3,0.45
εμπρηστικά,3,0.45
βόμβες,3,0.45
θήκη,3,0.45
ακαριαίος,3,0.45
σωληνοειδής,3,0.45
γυμνασίο,3,0.45
όπλου,3,0.45
διαρρήκτη,3,0.45
συναρμολογήσεων,3,0.45
εφέ,3,0.45
0334,3,0.45
φθάνουν,3,0.45
σταθερότητα·,3,0.45
μελάνη,3,0.45
αιωρούμενος,3,0.45
πυροδοτικός,3,0.45
κρουστικός,3,0.45
ραδιοσυχνότητα,3,0.45
ρωγμή,3,0.45
διέλευση,3,0.45
bar·,3,0.45
δοχείο·,3,0.45
εισερχομενων,3,0.45
νομοθετήματος,3,0.45
8.10.2009,3,0.45
87/404/εοκ,3,0.45
στιγμιαία,3,0.45
μεμβράνη,3,0.45
ret,3,0.45
συγκολλητής,3,0.45
επιλεγέντος,3,0.45
93/68/εοκς,3,0.45
διαμορφώσεις,3,0.45
σήμα·,3,0.45
7.4.1999,3,0.45
16.5.2009,3,0.45
μετάλλων·,3,0.45
10kς,3,0.45
ζυγιζόμενου,3,0.45
ανεξίτηλος,3,0.45
επισημάνσεων,3,0.45
καταστραφεί,3,0.45
μετρήσεων·,3,0.45
εμπιστεύω,3,0.45
μετρητέο,3,0.45
αντιθέτων,3,0.45
κρούσεων,3,0.45
e2,3,0.45
υπερτάσεις,3,0.45
απλότητα,3,0.45
μετρολογικά,3,0.45
ψυχρού,3,0.45
επιτρεπτή,3,0.45
q2,3,0.45
υδρομέτρων,3,0.45
μετρητες,3,0.45
αεριου,3,0.45
διαταράξεων,3,0.45
εγκατάστασή,3,0.45
imax,3,0.45
μετρητέος,3,0.45
πολυφασικός,3,0.45
ταλάντωση,3,0.45
παλμός,3,0.45
ανέχομαι,3,0.45
qp,3,0.45
ιξώδος,3,0.45
ανιχνευθεί,3,0.45
αντλίες,3,0.45
ml,3,0.45
υποδοχέας,3,0.45
76/211/εοκ,3,0.45
ζυγός,3,0.45
σmin,3,0.45
χρονοτιμολογίου,3,0.45
μισθωμένο,3,0.45
παρερχόμενος,3,0.45
εξακολουθεί,3,0.45
πρόσκαιρα,3,0.45
εμβαδόμετρα,3,0.45
πολυδιάστατης,3,0.45
ανακοπή,3,0.45
μ1,3,0.45
υπολειμμάτων,3,0.45
vol·,3,0.45
μοιρά,3,0.45
δοκιμασμένος,3,0.45
ανελκυστήρα,3,0.45
σχεδιάζονται,3,0.45
δαπέδα,3,0.45
θαλαμίσκων,3,0.45
κλειδωμένος,3,0.45
φωτιά,3,0.45
αμφίδρομος,3,0.45
vii·,3,0.45
ανελκυστήρας·,3,0.45
έμβολα,3,0.45
φάκελο·,3,0.45
υπόψη·,3,0.45
κατασκευαστούν·,3,0.45
διαδρόμος,3,0.45
ατμοσφαιρά,3,0.45
ασταθών,3,0.45
εύφλεκτων,3,0.45
καύσιμος,3,0.45
19.4.1994,3,0.45
προσβαλλόμενος,3,0.45
ασφαλώς,3,0.45
ανταλλακτικά,3,0.45
στρώματος,3,0.45
σπινθήρες,3,0.45
παρασιτικός,3,0.45
εκτάκτου,3,0.45
ενδογενής,3,0.45
ανώμαλος,3,0.45
εναπόθεση,3,0.45
73/23/εοκ,3,0.45
κυρια,3,0.45
ραδιοηλεκτρικά,3,0.45
παρακείμενος,3,0.45
απλουστεύω,3,0.45
ιδιωτικότητα,3,0.45
καταχρηστικά,3,0.45
επικοινωνιών,3,0.45
συγκρίσιμες,3,0.45
καταχωριζόμενος,3,0.45
παραγωγης,3,0.45
κατασκευασθέντος,3,0.45
φακελους,3,0.45
ξεπερνώ,3,0.45
δισδιάστατος,3,0.45
σωλήνος,3,0.45
led,3,0.45
εκατοστά,3,0.45
άτοπος,3,0.45
τομεακά,3,0.45
κεφάλαιο·ς,3,0.45
383,3,0.45
χορηγηθέντος,3,0.45
μετατροπής·,3,0.45
υποτιμάται,3,0.45
επακολούθως,3,0.45
αποτελούμενες,3,0.45
κερδοσκοπικού,3,0.45
σχέσεών,3,0.45
αναλυτικότερων,3,0.45
συνέβαλε,3,0.45
εδα,3,0.45
οντοτητες,3,0.45
συμβουλών·,3,0.45
22β,3,0.45
αδιάλειπτη,3,0.45
φανερώνω,3,0.45
διαφοροποιήσεων,3,0.45
ημερολογιακό,3,0.45
ισχυρότερος,3,0.45
σχεδιάσουν,3,0.45
βολιδοσκοπήσεων,3,0.45
γνωστοποιώνη,3,0.45
στρεβλώσει,3,0.45
συμπεριφορών,3,0.45
στοιχειοθέτηση,3,0.45
παραποιηθούν,3,0.45
φόβος,3,0.45
προβλεπόμενα,3,0.45
δημοσιογραφικός,3,0.45
ανωνυμοποιημένα,3,0.45
χρ,3,0.45
19]·,3,0.45
20]·,3,0.45
παρατεταμένης,3,0.45
παραπλανητικές·,3,0.45
εκπληστειριαζόμενος,3,0.45
κλεισίματος·,3,0.45
μεθοδεύσεων,3,0.45
ζήτησης·,3,0.45
πρακτική·,3,0.45
υπερέβησαν,3,0.45
συμφέρον·,3,0.45
διαλαμβανόμενος,3,0.45
προσλάβει,3,0.45
κυρωσεις,3,0.45
επαναλάβει·,3,0.45
αντιποίνος,3,0.45
ευρωπαικός,3,0.45
χαρτογραφώ,3,0.45
2014/65/ee,3,0.45
απαλλαγές,3,0.45
4.1·,3,0.45
ψηφία·,3,0.45
ακέραιοι,3,0.45
ού,3,0.45
πιστωσης,3,0.45
αναφερθομαί,3,0.45
κατανεμημένων,3,0.45
sett·,3,0.45
ltl,3,0.45
15(α,3,0.45
7.20(α)(iii,3,0.45
39.67,3,0.45
39.63,3,0.45
1.83(α)(ii,3,0.45
83(α,3,0.45
19.93a,3,0.45
39.58-62,3,0.45
7.ig,3,0.45
39.58-59,3,0.45
εκδοτρια,3,0.45
αορίστου,3,0.45
2.41(α,3,0.45
2.41(β,3,0.45
2.41(γ,3,0.45
2.41(δ,3,0.45
2.41(ε,3,0.45
2.41(στ,3,0.45
2.41(ζ,3,0.45
2.41(η,3,0.45
2.41(θ,3,0.45
2.41(ι,3,0.45
2.41(ια,3,0.45
2.41(ιβ,3,0.45
2.42-43,3,0.45
2.52(α,3,0.45
39.10-11,3,0.45
2.52(ε,3,0.45
2.53-54,3,0.45
b10(γ)(δ,3,0.45
2.67(α,3,0.45
2.67(β,3,0.45
2.67(γ,3,0.45
2.67(δ,3,0.45
2.67(ε,3,0.45
2.67(στ,3,0.45
2.75(α,3,0.45
2.75(β,3,0.45
2.75(γ,3,0.45
f6,3,0.45
2.81(α,3,0.45
2.81(β,3,0.45
2.81(γ,3,0.45
αποαναγνωρισμένα,3,0.45
4.ig20.(β)-(γ,3,0.45
4.ig20(α,3,0.45
32.ie,3,0.45
2.09,3,0.45
"2,107",3,0.45
2.116(γ,3,0.45
2.117(στ,3,0.45
2.116(στ,3,0.45
39.47(δ)(ii,3,0.45
39.47(γ)(ii,3,0.45
2.116(θ,3,0.45
2.117(ζ,3,0.45
12.28,3,0.45
24.18(γ,3,0.45
124(α,3,0.45
124(β,3,0.45
124(δ,3,0.45
124(ε,3,0.45
124(ζ,3,0.45
124(η,3,0.45
124(θ,3,0.45
2.125(α,3,0.45
2.124(β,3,0.45
2.125(β,3,0.45
2.124(ι,3,0.45
7.b5(α,3,0.45
39.9β(i,3,0.45
39.9β(ii,3,0.45
47(γ)(δ,3,0.45
2.138,3,0.45
2.139(α,3,0.45
2.141-142,3,0.45
1.106.(δ).(iii,3,0.45
παθητικό(6,3,0.45
2.127,3,0.45
μεταβολων,3,0.45
τηρούμενες,3,0.45
χρηματοοικονομικα,3,0.45
συμπεριελήφθησαν,3,0.45
39.43].,3,0.45
αντισυμβαλλομενος,3,0.45
ναι»·,3,0.45
"lrcalc,160,1",3,0.45
επα,3,0.45
"lrcalc,090,3",3,0.45
"lrcalc,160,3",3,0.45
"lrcalc,010,3",3,0.45
συμμετοχική,3,0.45
ευχερειών,3,0.45
1.2.3.1.1,3,0.45
1.2.3.1.2,3,0.45
1.10.1,3,0.45
1.6.7,3,0.45
1.2.3.3,3,0.45
εκατομ,3,0.45
παρаρτημα,3,0.45
-2,3,0.45
οριο,3,0.45
σταθμισμένες,3,0.45
1.2.3.2.1,3,0.45
ελέγχοντες,3,0.45
μεμονωμένοι,3,0.45
λουξεμβουργο,3,0.45
ενεργειακά,3,0.45
υπολογίσιμες,3,0.45
αγια,3,0.45
κορεας,3,0.45
σουδάν,3,0.45
χερσαίος,3,0.45
k65,3,0.45
άμυνα·,3,0.45
παιδιά,3,0.45
μετεωρολογικός,3,0.45
κινηματογραφικός,3,0.45
ταινιών,3,0.45
επικυρωθούν,3,0.45
167/2013·,3,0.45
μεταξόνιο,3,0.45
διάμηκεςς,3,0.45
ελάσμα,3,0.45
συνεπάγονταν,3,0.45
πιστωση·,3,0.45
προσέγγισης,3,0.45
ρενμίνμπι-γιουάν,3,0.45
υπολογιστώ,3,0.45
ειδικευμένη,3,0.45
νομοθετημένων,3,0.45
θέση—,3,0.45
θέσης—,3,0.45
ειδικος,3,0.45
7.8(β,3,0.45
39.οε,3,0.45
hft,3,0.45
διακρατουμενων,3,0.45
83(α)(ii,3,0.45
1.106(δ).(i)-(ii,3,0.45
κεφάλαια»·,3,0.45
καθαρά»·,3,0.45
είσπραξη)·,3,0.45
αποτιμήθηκαν,3,0.45
ληξιπρόθεσμης,3,0.45
βεβαιωθεί»·,3,0.45
εμπορίου»·,3,0.45
συναλλαγές»·,3,0.45
φόρου»·,3,0.45
ευρεθεί,3,0.45
υποχρεώσεις»·ς,3,0.45
ομίλου»·,3,0.45
τομέα»)·,3,0.45
εταιρεία)·,3,0.45
δηλώθηκαν·,3,0.45
υπόδειγμα·γραμμή·στήλη,3,0.45
γραμμή·στήλη,3,0.45
ναι”·,3,0.45
εκτέλεσης»·,3,0.45
τελών·,3,0.45
συντήρησης·,3,0.45
συστημάτων·,3,0.45
διεύθυνση(-εις,3,0.45
διευθυντήριων,3,0.45
κεντροαξονικό,3,0.45
μαζες,3,0.45
μαζή,3,0.45
εγκάρσιο,3,0.45
υγρόψυκτο,3,0.45
αερόψυκτο,3,0.45
άλλο(4,3,0.45
πηνίο,3,0.45
ν2,3,0.45
διευθυνσης,3,0.45
27.5.2008,3,0.45
tractors,3,0.45
αλεξήνεμου,3,0.45
υαλοπίνακα,3,0.45
έγχρωμη,3,0.45
ειδώλου,3,0.45
15077:2008,3,0.45
αυτοπροωθούμενα,3,0.45
φωτισμου,3,0.45
περιλαμβανομενων,3,0.45
ιμάντων,3,0.45
παραθύρο,3,0.45
στόμιος,3,0.45
εμβλήματα,3,0.45
επιφάνειά,3,0.45
c2ς,3,0.45
ασπίδα,3,0.45
9.11.2010,3,0.45
ελαστικα,3,0.45
κατευθυντήριο(-ους,3,0.45
δονούμενος,3,0.45
αμορτισέρ,3,0.45
μανόμετρο,3,0.45
κάτοψη,3,0.45
συντεταγμένες,3,0.45
χειρολισθήρα,3,0.45
σκαλοπατία,3,0.45
χειρολαβών,3,0.45
καπάκι,3,0.45
προφόρτιση,3,0.45
ερεισίνωτο,3,0.45
πλευρικοί,3,0.45
17.2.2015,3,0.45
απαλειφθούν,3,0.45
κυριλλικός,3,0.45
υδατόσημος,3,0.45
υπεριώδης,3,0.45
ερπυστριών·,3,0.45
2.1.1.6,3,0.45
άξονα·,3,0.45
παραλείπεται·,3,0.45
rrr/2016,3,0.45
διψήφιοςς,3,0.45
υποδηλωθεί,3,0.45
167/20,3,0.45
-ές,3,0.45
70/221/εοκ,3,0.45
οπισθίος,3,0.45
τετραψήφιος,3,0.45
απορρίφνω,3,0.45
αντιμετώπισε,3,0.45
κλείδωμα,3,0.45
16.11.2012,3,0.45
jf,3,0.45
artikkel,3,0.45
αντασφαλίσεως,3,0.45
τουριστικός,3,0.45
17ας,3,0.45
0078,3,0.45
συμφραζόμενα,3,0.45
διορθώσει,3,0.45
μαλτεζικός,3,0.45
προϋπάρχοντες,3,0.45
ηλεκτρονικώς,3,0.45
δηλωτέας,3,0.45
αξίας,3,0.45
νέους,3,0.45
προϋπάρχοντος,3,0.45
καρτών·,3,0.45
κρατικής,3,0.45
ταμείου·,3,0.45
μχο·,3,0.45
ελέγχοντα,3,0.45
αμl,3,0.45
παθητική,3,0.45
μόρφωμα,3,0.45
κρατηθεί,3,0.45
za,3,0.45
αναπτύσσονται,3,0.45
υποχρεώ,3,0.45
399(1,3,0.45
καταγεγραμμένος,3,0.45
υπερπόντιου,3,0.45
χύτρες,3,0.45
2008/68/εκ,3,0.45
αερολυμάτων,3,0.45
αεριούχος,3,0.45
στρογγυλός,3,0.45
χρήστες·,3,0.45
1013,3,0.45
λίτρου,3,0.45
στόματος,3,0.45
πειραματισμός,3,0.45
ενδελεχή,3,0.45
84/525/εοκ,3,0.45
84/526/εοκ,3,0.45
84/527/εοκ,3,0.45
1999/36/εκ,3,0.45
αερολυμά,3,0.45
προβλέφω,3,0.45
ασκουμένος,3,0.45
pt,3,0.45
ιδιοτήτων,3,0.45
διενεργηθέντων,3,0.45
διενέργησε,3,0.45
φυτών,3,0.45
εξέτασης·,3,0.45
χώμα,3,0.45
τεχνητής,3,0.45
ύπαιθρο,3,0.45
οπωροφόρο,3,0.45
συμπτώματα,3,0.45
απρόσβλητος,3,0.45
φυτάριο,3,0.45
γύρη,3,0.45
προσβλώ,3,0.45
καλλιεργηθούν,3,0.45
φύτευση,3,0.45
απαλλαγμένη,3,0.45
μαύρου,3,0.45
πιστοποιηθεί,3,0.45
apmv,3,0.45
κηλίδωση,3,0.45
νανισμός,3,0.45
πυρηνόκαρπων,3,0.45
κεντρικοί,3,0.45
τροποποιήζω,3,0.45
χρόνοδιαγραμμα,3,0.45
υποκαταστηματα,3,0.45
αποφασεων,3,0.45
απαιτούνται·,3,0.45
κοινης,3,0.45
επικαιροποιηση,3,0.45
γ.7,3,0.45
υπο-όμιλος,3,0.45
2003/495/κεππα,3,0.45
διακανονιστή,3,0.45
αρθεί,3,0.45
δικάζω,3,0.45
τιμωρείται,3,0.45
ποινικά,3,0.45
ομοτίμων,3,0.45
αξιόγραφα·,3,0.45
επίβλεψή,3,0.45
άδεια·,3,0.45
υλοποιήζω,3,0.45
ασκηθείσες,3,0.45
αξιόγραφά,3,0.45
αποκαταστήσουν,3,0.45
60·,3,0.45
διακανονιστής·,3,0.45
ευλογοφανής,3,0.45
κυρώσεως,3,0.45
27].,3,0.45
απορρίψεις,3,0.45
εμποδίου,3,0.45
98/26/εκ,3,0.45
χωριστού,3,0.45
—για,3,0.45
διοχετεύονται,3,0.45
επιμόρφωση,3,0.45
αξιοποιηθούν,3,0.45
σαββατοκύριακου,3,0.45
επαναφόρτωση,3,0.45
2003/54/εκ,3,0.45
τυποποιημένο,3,0.45
gs1,3,0.45
δηλών,3,0.45
παραδρομή,3,0.45
δημοπράτος,3,0.45
καθοριζόταν,3,0.45
γ4,3,0.45
14a,3,0.45
όριό,3,0.45
604/2014·,3,0.45
2015/2038,3,0.45
βρετανικής,3,0.45
επανορθωτικά,3,0.45
ενόρκως,3,0.45
εξασθενός,3,0.45
φθαλικού,3,0.45
τηρήσεως,3,0.45
υπογράφοντάς,3,0.45
9.5,3,0.45
εκτ”+,3,0.45
καθυστερήσουν,3,0.45
φοιτητικός,3,0.45
ευγηρία,3,0.45
θερινός,3,0.45
υποκατηγορίες,3,0.45
αποσύρθηκε,3,0.45
συμβολοσειρά,3,0.45
εγκυκλίου,3,0.45
μεσεγγυήσεων,3,0.45
κοινοπρακτικό,3,0.45
δαπανηθεί,3,0.45
ytd,3,0.45
τελεί,3,0.45
πουλήθηκε,3,0.45
κλινός,3,0.45
δωμάτι,3,0.45
κατανεμηθέν,3,0.45
εναρκτήριο,3,0.45
α1α,3,0.45
κρυπτογραφημένος,3,0.45
διαγραφής,3,0.45
120-149,3,0.45
150-179,3,0.45
μειον,3,0.45
κεφαλαιοποιήθηκαν,3,0.45
δανειολήπτη·,3,0.45
διαχειριστούν,3,0.45
παρουσίασαν,3,0.45
δικαιολογηθεί,3,0.45
39β,3,0.45
διευκολύνσεων·,3,0.45
προσβάσιμων,3,0.45
εναπομεινάντων,3,0.45
ερπυστριοφόρων,3,0.45
ακόμη·,3,0.45
οεστ·,3,0.45
δεσμεύθηκε,3,0.45
ακριβέστερος,3,0.45
εξυγιάνω,3,0.45
εξομοιωθούν,3,0.45
πυλώνος,3,0.45
επιδράση,3,0.45
νεοεποπτευόμενος,3,0.45
διατραπεζικές,3,0.45
δεικτοδοτεί,3,0.45
kij,3,0.45
κινητικός,3,0.45
ενέργεια·,3,0.45
αναλώσιμων,3,0.45
παρουσιαστεί,3,0.45
ρυμουλκουμένο,3,0.45
πεντάλ,3,0.45
2.2.1.2.7,3,0.45
πεδούμενο,3,0.45
2.1.8,3,0.45
επανασύνδεση,3,0.45
2.3.4,3,0.45
οπή,3,0.45
επαναπλήρωση,3,0.45
2.2.1.12,3,0.45
συνδετήριος,3,0.45
2.2.1.17.1,3,0.45
κατέλθει,3,0.45
προδιαγραφόμενος,3,0.45
ανάβω,3,0.45
αεροφυλάκι,3,0.45
βλάβης·,3,0.45
τροφοδοσίας·,3,0.45
r3b,3,0.45
τυμπάνου,3,0.45
οδοστρώμας,3,0.45
συνεχός,3,0.45
κυλίνδρος,3,0.45
2.5.5,3,0.45
ποδοκίνητος,3,0.45
έμφορτου,3,0.45
στάσιμο,3,0.45
3.6.5,3,0.45
4.5.3,3,0.45
1.2.2.1,3,0.45
ποδόπληκτρο,3,0.45
εκτοπιζόμενος,3,0.45
συνδετήρας,3,0.45
αεροφυλακίος,3,0.45
2.2.2,3,0.45
στροφά,3,0.45
αδρανεία,3,0.45
δισκόφρενα,3,0.45
μεταδίδομαι,3,0.45
αποσυνδεθεί·,3,0.45
frz,3,0.45
b*·,3,0.45
πίσω·,3,0.45
σιαγόνα,3,0.45
2.3.12,3,0.45
6.2.2.2,3,0.45
αρθρώσεις,3,0.45
αντισταθμιστήρα,3,0.45
ανισότητη,3,0.45
5.2.1.1,3,0.45
ελεγκτή·,3,0.45
συμφωνηθούν,3,0.45
ανωμαλία,3,0.45
χρησιμοποιημένος,3,0.45
5.2.2,3,0.45
5.3.4,3,0.45
ανώτερες,3,0.45
zralh,3,0.45
αισθητής,3,0.45
5.2.4,3,0.45
2.2.1.29.2.1,3,0.45
3.2.1,3,0.45
απενεργοποιημένη,3,0.45
υποδείξει,3,0.45
3.6.2,3,0.45
σύζευξη,3,0.45
επιβραδύνω,3,0.45
swap)/αγοραία,3,0.45
συγκεκριμενες,3,0.45
προσήμος,3,0.45
βαρά,3,0.45
πιστοδοτήσεων·ς,3,0.45
κατανομή)·,3,0.45
δομές,3,0.45
παρακρατηθέντες,3,0.45
2009/65/εε,3,0.45
ενεχυριάστηκε,3,0.45
επαναγορασθέντα,3,0.45
βεβαρημένα·,3,0.45
διατηρήτω,3,0.45
εκπίπτει,3,0.45
κελλί,3,0.45
ae-adv2,3,0.45
ae-adv-2,3,0.45
κελλιά,3,0.45
ae-col,3,0.45
r170,3,0.45
r130,3,0.45
εξουσιοδοτήθηκε,3,0.45
1290/2005,3,0.45
εκκρεμούσαν,3,0.45
άμυλο,3,0.45
βοσκοτόπων,3,0.45
πολλαπλή,3,0.45
cz,3,0.45
οπωροκηπευτικά,3,0.45
βοσκότοπος,3,0.45
παγίδευση,3,0.45
ήχου,3,0.45
τετράχρονος,3,0.45
εγχυτήρας,3,0.45
σπινθήρας,3,0.45
διάδρομος,3,0.45
στροφώνς,3,0.45
+/–,3,0.45
30.6.2009,3,0.45
τοκομερίδιο·,3,0.45
επισφαλός,3,0.45
πιστωτές·,3,0.45
οικοδομώ,3,0.45
διαδραματίσω,3,0.45
υπονομεύνω,3,0.45
ευρύτερων,3,0.45
ανάπτυξη·,3,0.45
έδινε,3,0.45
εξαγορα,3,0.45
υποδομής·,3,0.45
απόδοση·,3,0.45
δυνατότητά,3,0.45
επαναχρησιμοποιούμενων,3,0.45
δεικτός,3,0.45
παλτά,3,0.45
πουκάμισ,3,0.45
φλάνδρας,3,0.45
κολλημένος,3,0.45
δαντέλα,3,0.45
κλινοσκεπάσμα,3,0.45
γαντοποιία,3,0.45
καλύμματα,3,0.45
άβακας,3,0.45
κεφαλαiων,3,0.45
280-290,3,0.45
510-520,3,0.45
220-230,3,0.45
παρaρτημα,3,0.45
κεφάλαια”·,3,0.45
μερίσματα”·,3,0.45
μετοχών”·,3,0.45
βεβαιωθεί”·,3,0.45
συναλλαγές”·,3,0.45
φόρου”·,3,0.45
εκτέλεσης”·,3,0.45
επιχειρήσεις”·,3,0.45
δραστηριότητες”·,3,0.45
ομίλου”·,3,0.45
τμήμα”)·,3,0.45
τομέα”)·,3,0.45
εταιρείες”·,3,0.45
μεγιστοποιώνη,3,0.45
χωριστά·,3,0.45
εισηγητής,3,0.45
επιβεβαιωτικός,3,0.45
540/2011,3,0.45
διαταραχθεί,3,0.45
εξασφαθίσλιμαι,3,0.45
βρυξελλών,3,0.45
1210,3,0.45
29407673,3,0.45
+45,3,0.45
+353,3,0.45
16444626,3,0.45
16444601,3,0.45
+31,3,0.45
+48,3,0.45
+351,3,0.45
kirmo@tulli.fi,3,0.45
μάρκος,3,0.45
267/2012,3,0.45
ικανότητάς,3,0.45
εγκεκριμένας,3,0.45
διαφυλαώνχ,3,0.45
ακριβέσς,3,0.45
ανταγωνισμού·,3,0.45
ανησυχητικός,3,0.45
specialis,3,0.45
υποχρέωσης·,3,0.45
ανοιχτή,3,0.45
στρεβλωτικό,3,0.45
εικάζεται,3,0.45
εατ·,3,0.45
2015/29,3,0.45
εοχ”·,3,0.45
περί”·,3,0.45
δικαστηρίου.”·,3,0.45
λογιστικοί,3,0.45
αποκλειστικότητα,3,0.45
12.11.2013,3,0.45
αποτυπούμενος,3,0.45
γρήγορης,3,0.45
υπέγραψαν,3,0.45
λογαριασμός(-οί,3,0.45
δεσμευτούν,3,0.45
μεταβάλλομαι,3,0.45
δράσεις·,3,0.45
τομέα,3,0.45
εμβλήματος,3,0.45
αντεγγυήσεων,3,0.45
πρόθυμος,3,0.45
οες,3,0.45
μη-χρηματοπιστωτικός,3,0.45
εξοικειωθούν,3,0.45
απολέζω,3,0.45
οριοθετούνται,3,0.45
εκπαιδευμένος,3,0.45
διαχωρισμένα,3,0.45
πολυήμερος,3,0.45
παρακολουθεί,3,0.45
εκπαιδευμένο,3,0.45
ανακτά,3,0.45
αποδεκτών·,3,0.45
καθορισμο,3,0.45
διεισδυτικότητα,3,0.45
εστιών,3,0.45
αντασφαλιστής,3,0.45
ecr,3,0.45
επιβάλλοντάς,3,0.45
εισαγγελέας,3,0.45
δεσμευτικοί/-ές,3,0.45
cftc,3,0.45
exchanges,3,0.45
παράζω,3,0.45
εικαζόμενων,3,0.45
εκπληρούνται,3,0.45
asic,3,0.45
αχμ,3,0.45
νήσοι,3,0.45
18.2.2016,3,0.45
διαβίωση,3,0.45
ασκείται,3,0.45
μεταφέρος,3,0.45
ανάλογη,3,0.45
συνετάς,3,0.45
πρόσοδος,3,0.45
επικουρικά,3,0.45
καταβληθεισών,3,0.45
άπρακτη,3,0.45
παραλαμβάνο,3,0.45
βασίστηκαν,3,0.45
ειδοποιούνται,3,0.45
προσκτήσεως,3,0.45
συγκέντρωσης·,3,0.45
ποιον·,3,0.45
επιλογών·,3,0.45
29·,3,0.45
ληξιπρόθεσμο,3,0.45
counterparty,3,0.45
2016/1994,3,0.45
2016/38,3,0.45
παρακωλύζω,3,0.45
αιθοξυλιωμένη,3,0.45
αιθοξυλιωμένης,3,0.45
εννεϋλοφαινόλης,3,0.45
εννεϋλοφαινολών,3,0.45
αιθοξυλιωμένων,3,0.45
ανακυκλωμένος,3,0.45
υφανσίμος,3,0.45
73/44/εοκ,3,0.45
96/73/εκ,3,0.45
ασφαλήςς,3,0.45
ελλείπουσες,3,0.45
καλύτερη·,3,0.45
eu-19b,3,0.45
eu-12,3,0.45
"lrcom,16",3,0.45
eu-10,3,0.45
υπερβολικής,3,0.45
αντιμετωπίστηκε,3,0.45
ασυνεπεία,3,0.45
εγγραφής·,3,0.45
λαμβάνονταν,3,0.45
όψεως·,3,0.45
eq,3,0.45
αποτυπωθούν,3,0.45
/περιφερειακός,3,0.45
βππ2,3,0.45
διατηρούμενες,3,0.45
1.1.1.10,3,0.45
1.1.1.11,3,0.45
1.2.2.10,3,0.45
1.2.2.11,3,0.45
1.2.2.12,3,0.45
1.2.2.13,3,0.45
αναφερθήν,3,0.45
αναλήψιμα,3,0.45
αναλήψιμο,3,0.45
xxiv·,3,0.45
υπομνηματικών,3,0.45
ακολουθήστε,3,0.45
απαντήστε,3,0.45
1.1.2.3,3,0.45
μετακινήσετε,3,0.45
υπολογίω,3,0.45
εξομοιούμενων,3,0.45
προαναφερόμενους,3,0.45
1.1.1.2.4,3,0.45
1.1.2.1.1,3,0.45
1.2.3.1,3,0.45
470-520,3,0.45
εξαιρούμενο,3,0.45
"040,120-130,150",3,0.45
"160,180-260,380",3,0.45
470-480,3,0.45
1.1.6.6.1.1,3,0.45
1.1.6.6.1.2,3,0.45
μετακινείτε,3,0.45
c′,3,0.45
καταθέσεις)·,3,0.45
140·,3,0.45
άπειρο,3,0.45
999999,3,0.45
οδός·,3,0.45
αριθμός·,3,0.45
πόλη·,3,0.45
κώδικας·,3,0.45
ελαιούχοι,3,0.45
gaspool,3,0.45
διαμμωνικός,3,0.45
πλαστικό,3,0.45
μορφοτυποι,3,0.45
καθοριζόμενα,3,0.45
συγκοινωνιακός,3,0.45
σχοινοσιδηρόδρομοι,3,0.45
περιπλοκότητα,3,0.45
όχληση,3,0.45
αποβίβαση,3,0.45
ανοικτοί,3,0.45
89/656/εοκ,3,0.45
κεφαλιού,3,0.45
ματιών,3,0.45
υγεία·,3,0.45
προφυλάσσω,3,0.45
σώματός,3,0.45
προσαρμόσιμος,3,0.45
ματία,3,0.45
γυαλιά,3,0.45
επεμβάσεις,3,0.45
υποδημάτων,3,0.45
εκδορά,3,0.45
τσιμπήμα,3,0.45
ακτινοβολούμενος,3,0.45
εκτοξευόμενος,3,0.45
πτητικός,3,0.45
χρόνιας,3,0.45
φασματικός,3,0.45
iχ,3,0.45
αέρια,3,0.45
συναρμολόγησής,3,0.45
89/106/εοκ,3,0.45
4.4.3,3,0.45
καταπιστευματικά,3,0.45
"lrcalc,050,010",3,0.45
"lr3,040,010",3,0.45
"010,070",3,0.45
"lr1,010,050",3,0.45
"lr1,020,010",3,0.45
"lr1,020,050",3,0.45
"lr1,030,050",3,0.45
"lr1,050,010",3,0.45
"040,010",3,0.45
μισού,3,0.45
"250,120",3,0.45
"060,050",3,0.45
"020,070",3,0.45
"050,070",3,0.45
"030,050",3,0.45
"030,070",3,0.45
"lr1,040,050",3,0.45
"050,050",3,0.45
"020,075",3,0.45
"090,020",3,0.45
"100,020",3,0.45
"100,*.",3,0.45
"lrcalc,010,010",3,0.45
"lrcalc,260,010",3,0.45
"lr4,180,020",3,0.45
"130,020",3,0.45
"130,030",3,0.45
"130,040",3,0.45
"170,010",3,0.45
"170,020",3,0.45
"170,030",3,0.45
"170,040",3,0.45
"240,030",3,0.45
"260,020",3,0.45
"260,040",3,0.45
2013/36/eε,3,0.45
adequacy,3,0.45
υπογεγραμμένα,3,0.45
απαγορευτικός,3,0.45
55α,3,0.45
55β,3,0.45
συμφωνηθεί·,3,0.45
scrquinf,3,0.45
επενδύσεων·»·,3,0.45
διατάραξή,3,0.45
διαταράξεις,3,0.45
διακριθεί,3,0.45
17.3.2016,3,0.45
10.1,3,0.45
entitlement,3,0.45
επισύναψη,3,0.45
ανατεθειμένων,3,0.45
περατώζω,3,0.45
2016/958,3,0.45
εμπειρογνωμοσύνη·,3,0.45
υπεύθυνο(-α,3,0.45
διασκέψη,3,0.45
στεγανών,3,0.45
απλουστεόμενυς,3,0.45
κατηγορίας·,3,0.45
αλληλεγγύης,3,0.45
δανειοδοτήσεις,3,0.45
2022»·,3,0.45
xi·,3,0.45
εξοικείωση,3,0.45
αλληλέγγυος,3,0.45
απαιτητές·,3,0.45
δυσχερειών·,3,0.45
εξυγιανσης,3,0.45
πτυχής,3,0.45
διαθεσιμότητάς,3,0.45
τετράμηνης,3,0.45
εντοπισθέντων,3,0.45
διαβιβάσω,3,0.45
πτώχευσής,3,0.45
εκκαθάριση·,3,0.45
προσδιόρισε,3,0.45
υπερσυνδέσμων,3,0.45
2009/101/εκ,3,0.45
υπερσυνδέσμου,3,0.45
απαριθμούμενου,3,0.45
gα,3,0.45
εκκαθαριώνσ,3,0.45
εκκαθαρισμένη,3,0.45
υπονόμευε,3,0.45
a.,3,0.45
εννοιών,3,0.45
αντιστοιχίσεων,3,0.45
sf,3,0.45
bb+,3,0.45
aa+,3,0.45
901/2014,3,0.45
υποστηριγμάτων,3,0.45
4.0.2.2,3,0.45
διαθέσιμη/-ες,3,0.45
υπό-υποκατηγορία,3,0.45
εμπρόσθιοι,3,0.45
πλήμνης,3,0.45
κείμενο«συμμορφώνω,3,0.45
επέκτασης)(3θ,3,0.45
έκδοσης)(3θ,3,0.45
1.4.4,3,0.45
1.4.8,3,0.45
1.8.2,3,0.45
μεηφ,3,0.45
αναγνώσιμου,3,0.45
αναμενομένος,3,0.45
2.4–2.7,3,0.45
απέρρεε,3,0.45
4.1.1–4.1.5,3,0.45
β3.1.3–β3.1.6,3,0.45
3.2.14,3,0.45
απόδοσή,3,0.45
ανακατατάξεις,3,0.45
–σε ο,3,0.45
καταστεί,3,0.45
υπάρξει,3,0.45
4.3.5,3,0.45
β6.2.4,3,0.45
αντιστάθμισης)·,3,0.45
6.5.2,3,0.45
αποσβένεται,3,0.45
6.5.6,3,0.45
ομαδας,3,0.45
αποκτηθείσαςς,3,0.45
επιστρατεύω,3,0.45
ασήμαντης,3,0.45
β4.1.21,3,0.45
β4.1.23–β4.1.24,3,0.45
δεχτεί,3,0.45
δοθέντος,3,0.45
αλλαγής·,3,0.45
γονείς,3,0.45
αποχή,3,0.45
5.5.11,3,0.45
εκταμιεύσεις,3,0.45
εκτεθειμένη,3,0.45
εκβάσεις,3,0.45
β5.4.5,3,0.45
παραδίδοντάς,3,0.45
κίνδυνος·,3,0.45
αεριωθούμενος,3,0.45
αεριωθούμενων,3,0.45
εξαγάγει,3,0.45
νμ30,3,0.45
υπερίσχυση,3,0.45
β6.4.4–β6.4.6,3,0.45
συμβάδιζε,3,0.45
λήξει,3,0.45
6.2.4,3,0.45
σμ150000,3,0.45
δ14,3,0.45
δ15,3,0.45
δ20,3,0.45
δ19γ,3,0.45
β8δ,3,0.45
β41,3,0.45
44ιθ–44κγ,3,0.45
35στ–35ιδ,3,0.45
35ιγ,3,0.45
42ια,3,0.45
β10,3,0.45
β27,3,0.45
β8ι,3,0.45
διακριτές,3,0.45
εισπραχθούν,3,0.45
103h–103ι,3,0.45
103ιβ–103ιστ,3,0.45
108ε–108στ,3,0.45
α10,3,0.45
28α–28γ,3,0.45
μμε·,3,0.45
ανανεούμενης,3,0.45
1.4,3,0.45
κεντρικό,3,0.45
2.8.2,3,0.45
2.8.3,3,0.45
105.02,3,0.45
διαφοροποιημένο,3,0.45
2i667dax,3,0.45
itraxx,3,0.45
"10000000,00",3,0.45
γεγονότο,3,0.45
usdς,3,0.45
αποκλεισμου,3,0.45
107.01,3,0.45
αντισυμβαλλόμενων,3,0.45
αναλυθούν,3,0.45
278/2009,3,0.45
απαγορευμένων,3,0.45
πυράκτωση,3,0.45
πλυντήριο,3,0.45
πιάτων,3,0.45
θερμαντήρας,3,0.45
ανεμιστήρα-στοιχείου,3,0.45
1-η,3,0.45
επιλεχθούν,3,0.45
τεμαχίων,3,0.45
qelec,3,0.45
db.ς,3,0.45
συλλέκτης,3,0.45
φούρνου,3,0.45
υπέρυθρη,3,0.45
gi,3,0.45
εθνικων,3,0.45
ενεργούντος,3,0.45
απρόσβλητων,3,0.45
ενημέρωσαν,3,0.45
εισιτήριο,3,0.45
"1689264,40",3,0.45
μαθητων,3,0.45
βόρεια,3,0.45
αντιστοιχούσαν,3,0.45
μαθητός,3,0.45
κομίστρων,3,0.45
παρεχόταν,3,0.45
λεωφορείο-ταξί,3,0.45
παρουσίαζε,3,0.45
elbert,3,0.45
αποδείχτηκε,3,0.45
διακόπηκε,3,0.45
diva-geoς,3,0.45
απευθύνθηκε,3,0.45
νόθευση,3,0.45
δραστηριοποιείτο,3,0.45
καθορίζονταν,3,0.45
χρηματοδοτήθηκε,3,0.45
αμαξίδι,3,0.45
κοινοποιηθέντος,3,0.45
διαβιβάω,3,0.45
υφιστάμενας,3,0.45
επιμέλειάς,3,0.45
μοντελοποιώ,3,0.45
σιωπηρώς,3,0.45
αγορά-στόχο,3,0.45
καταλληλότητας·,3,0.45
αποσταλούν,3,0.45
χρηματομεσίτης,3,0.45
70-77,3,0.45
2θ,3,0.45
2ι,3,0.45
2ια,3,0.45
υπόκειτο,3,0.45
εξασφαλισμένη”·,3,0.45
στοιχηματισμός,3,0.45
πιστώσεις·,3,0.45
3166-2,3,0.45
εγχειριδίο,3,0.45
βάσης·,3,0.45
επιπρόσθετου,3,0.45
2017/354,3,0.45
γάντι,3,0.45
2017/389,3,0.45
αυτοματοποιώ,3,0.45
αλληλεπικαλυπτόμενες,3,0.45
ευλογοφανός,3,0.45
ωράριο,3,0.45
εισφορών·,3,0.45
περιορισμούς·ς,3,0.45
αλλαγών·,3,0.45
απροσδόκητος,3,0.45
ευλογοφανή,3,0.45
χρονοσφραγίδος,3,0.45
περιγράπω,3,0.45
υπεύθυνου,3,0.45
σχετικες,3,0.45
έκθεση·,3,0.45
διατελέσει,3,0.45
σχετίζονταν,3,0.45
rfp,3,0.45
rvp,3,0.45
rwp,3,0.45
επικρατών,3,0.45
σκέλους·,3,0.45
σφαλμάτων·,3,0.45
μερικώς·,3,0.45
καταγγελία·,3,0.45
ξεκάθαρος,3,0.45
καταστροφός,3,0.45
άνοιξαν,3,0.45
c0030,3,0.45
τυποποιημένα,3,0.45
εντοπισθείσος,3,0.45
πράξεα,3,0.45
απαντήσεων,3,0.45
γνώμη(ες,3,0.45
γνώμης]·,3,0.45
δομείται,3,0.45
υγρή,3,0.45
ενάντια,3,0.45
χρηματοπιστωτικό(-ά,3,0.45
οδηγίες·,3,0.45
εκπαιδεύω,3,0.45
ζώση,3,0.45
δόμηση,3,0.45
αγοράς-πώλησης,3,0.45
2017/566,3,0.45
τερματισμού·,3,0.45
εκτελέσεις,3,0.45
0εντολή,3,0.45
άλλαξαν,3,0.45
εσωτερικοποιητες,3,0.45
ιδιόκτητης,3,0.45
σαράντα,3,0.45
πενήντα,3,0.45
οριοθετημένος,3,0.45
διπλότυπος,3,0.45
διπλότυπη,3,0.45
αποκλειστείς,3,0.45
2017/587·,3,0.45
μέτρων,3,0.45
2005/222/δευ,3,0.45
14.8.2013,3,0.45
χρεώσεών,3,0.45
κοινοποιητέων,3,0.45
διαπραγματευθεισών,3,0.45
κοινοποιητέου,3,0.45
προσφέρθηκε,3,0.45
χιλιοστάς,3,0.45
περικόπτονται,3,0.45
επιδεινώζω,3,0.45
αμφά,3,0.45
καταχωρίστηκαν,3,0.45
iα,3,0.45
alphanum-50,3,0.45
αλγόριθμοι,3,0.45
perc,3,0.45
συνδέεται(-ονται,3,0.45
μεταθέσεων,3,0.45
μετασυναλλακτικη,3,0.45
cfds,3,0.45
διά-ενεργειακά,3,0.45
ndf,3,0.45
ναύλων,3,0.45
ναύλος,3,0.45
απορρίφθηκαν,3,0.45
ωρή,3,0.45
ταυτότητας·,3,0.45
παρεμφερή,3,0.45
επιδεκτική,3,0.45
tncp,3,0.45
μεγέθους,3,0.45
μεταφορτώνονται,3,0.45
εφαρμόζει·,3,0.45
γέννησή,3,0.45
θεματοφυλακής·,3,0.45
εισαχθείσας,3,0.45
εκτελούσα,3,0.45
εμπορεύματος·,3,0.45
21.10.2000,3,0.45
2017/1403,3,0.45
2017/20,3,0.45
εατ.»·,3,0.45
εξουσιοδοτεί,3,0.45
2015/1401,3,0.45
αλληλεπικαλυπτόμενων,3,0.45
ανακοινώσιμος,3,0.45
εξαπάτηση,3,0.45
αγοραστός,3,0.45
έκπτωτος,3,0.45
10b-5,3,0.45
inc.·,3,0.45
κας,3,0.45
42a,3,0.45
άριστος,3,0.45
αισθητικός,3,0.45
μαζικά,3,0.45
αλληλεγγύωςς,3,0.45
κοινοχρησία,3,0.45
θηλάζουσες,3,0.45
ανίκανων,3,0.45
ασθενών,3,0.45
βακτηρίων,3,0.45
κοινόχρηστης,3,0.45
παραποιημένο,3,0.45
κυτταρικός,3,0.45
νανοϋλικό,3,0.45
σύμπηγμ,3,0.45
συσσωμάτωμα,3,0.45
νιφάδα,3,0.45
χαλαρά,3,0.45
σπουδές,3,0.45
δυσάρεστος,3,0.45
βιοκτόνων,3,0.45
ζητηθώ,3,0.45
επανεπεξεργασμένων,3,0.45
εμφυτεύματος,3,0.45
συνδετήρες,3,0.45
σφραγίσματα,3,0.45
σιδεράκι,3,0.45
στεφάνα,3,0.45
οδοντοστοιχία,3,0.45
κλιπ,3,0.45
επιδοσεων,3,0.45
εμπορευματοκιβώτι,3,0.45
αναφορτώνω,3,0.45
καθιερωμένων,3,0.45
μεθοδολογικά,3,0.45
διενεργηθεί,3,0.45
πόνος,3,0.45
ανικανότητάς,3,0.45
σεβαστή,3,0.45
διαφυγόν,3,0.45
δυνάμενα,3,0.45
ανηλίκους,3,0.45
εγκύων,3,0.45
θηλαζουσών,3,0.45
κλινικά,3,0.45
επιτηρείται,3,0.45
συνελέγησαν,3,0.45
17.9.2015,3,0.45
μεταλλαξιογόνας,3,0.45
λοιμώξεων,3,0.45
αδρανοποίηση,3,0.45
απλήςς,3,0.45
κλίμακη,3,0.45
εαυτών,3,0.45
φτάσει,3,0.45
αντικατάστασής,3,0.45
71/354/εοκ,3,0.45
εξαρτηματων,3,0.45
φαρμάκο,3,0.45
τίνος,3,0.45
rfid,3,0.45
αναισθησία,3,0.45
hri,3,0.45
κουτί,3,0.45
4.5.6,3,0.45
προσεχών,3,0.45
διαρκεια,3,0.45
αορτή,3,0.45
καρωτίδα,3,0.45
προσβεβλημένος,3,0.45
φάρυγγας,3,0.45
ρινικός,3,0.45
δίσκων,3,0.45
vivo,3,0.45
βοηθητικά,3,0.45
σεξουαλικώς,3,0.45
στομάχι,3,0.45
αποικοδόμηση,3,0.45
κονγκ·,3,0.45
προσκομμάτων,3,0.45
εκπροσώπος,3,0.45
ημερομηνιών·,3,0.45
κοινού·,3,0.45
παρακαλούσα,3,0.45
επωφελέςς,3,0.45
κλήτευση,3,0.45
παραλάβαμε,3,0.45
ζητούμενες,3,0.45
διαχειριστήςς,3,0.45
αδιαμφισβήτητα,3,0.45
αποδοτικότερη,3,0.45
παρεμποδισθεί,3,0.45
αποκομίζεται,3,0.45
αποθαρρύνει,3,0.45
καινοτομιών,3,0.45
προαναφερόμενες,3,0.45
ύφος,3,0.45
συνόλου·,3,0.45
ενάγων,3,0.45
υπερβαίνεται,3,0.45
παραδώνο,3,0.45
υπερσύνδεσμοι,3,0.45
συντασσόμενου,3,0.45
ασταθής,3,0.45
αξιόγραφων,3,0.45
επωμιστεί,3,0.45
λιγότερο·,3,0.45
συμβούλιό,3,0.45
φασμάτων,3,0.45
16.39-40,3,0.45
1.82a(α)(ii,3,0.45
9.6.5.11(α)(β)(δ,3,0.45
7.24γ(β)(i,3,0.45
9.6.5.11(δ)(i,3,0.45
7.35m.(γ,3,0.45
.bcz2.2,3,0.45
επιμετρωνται,3,0.45
7.24α(γ,3,0.45
10.b94,3,0.45
10.22,3,0.45
"2,271",3,0.45
12.24,3,0.45
13.97,3,0.45
1.38(γ,3,0.45
1.38(δ,3,0.45
1.38(ε,3,0.45
2.68,3,0.45
2.153,3,0.45
2.155,3,0.45
2.207,3,0.45
2017/25,3,0.45
ελάσσονας,3,0.45
31.3.2015,3,0.45
17.8.2017,3,0.45
εξαιρούμενες,3,0.45
επικυρωμένο,3,0.45
δήλωσης·ς,3,0.45
διανομέων,3,0.45
2017/2094,3,0.45
2017/32,3,0.45
διοριζόμενος,3,0.45
"ca1,r660",3,0.45
"ca1,r880",3,0.45
910-980,3,0.45
025,3,0.45
"330,060",3,0.45
χρηματοδοτησεις,3,0.45
όψεως”·,3,0.45
ταμιευτηρίου”·,3,0.45
αμμ,3,0.45
λήγοντες,3,0.45
θεωρούμενες,3,0.45
λευκά,3,0.45
πριμοδοτήσεις,3,0.45
αναβάλλονταν,3,0.45
εισροή·,3,0.45
υποθηκευτεί,3,0.45
συμβατικάς,3,0.45
αναλήψιμος,3,0.45
προτοποθετήνω,3,0.45
προτοποθέτηση,3,0.45
εε),3,0.45
ποιότητάς,3,0.45
υπομνηματικα,3,0.45
στασιμότητα,3,0.45
ευρωπαϊκή,3,0.45
τραυμάτων,3,0.45
ανόργανων,3,0.45
κακοηθών,3,0.45
σταδιοποίηση,3,0.45
αλλεργία,3,0.45
παρατάσεις,3,0.45
7.6.2017,3,0.45
2012/2,3,0.45
32.04,3,0.45
υπολογισθέντος,3,0.45
τροποποιήστε,3,0.45
επισυνάψτε,3,0.45
περίπτωση)·,3,0.45
προσαρμοσθείσες,3,0.45
όπαν,3,0.45
αναδιαρθρωμένο,3,0.45
πληρούσες,3,0.45
4.2.1.6,3,0.45
-ος,3,0.45
2003/38/εκ,3,0.45
2016/1789,3,0.45
συμφυής,3,0.45
27.2.2014,3,0.45
24.3.2015,3,0.45
17.6.2015,3,0.45
19.6.2015,3,0.45
20.2.2015,3,0.45
21.1.2015,3,0.45
15.4.2015,3,0.45
14.2.2015,3,0.45
8.10.2015,3,0.45
16.12.2015,3,0.45
13.5.2016,3,0.45
10.3.2016,3,0.45
16.2.2016,3,0.45
15.11.2014,3,0.45
19.6.2014,3,0.45
29.4.2017,3,0.45
21.7.2016,3,0.45
32013r0148.a09,3,0.45
έχει/-ουν,3,0.45
23.8.2016,3,0.45
hr,3,0.45
2017/776,3,0.45
reach,3,0.45
μεθακρυλικός,3,0.45
υδροξείδιο,3,0.45
n-2,3,0.45
εξαγορές,3,0.45
εξογκώματος,3,0.45
διασάφηση,3,0.45
διαφορετικά.»·,3,0.45
d3,3,0.45
ανασηκώνω,3,0.45
σηκώζω,3,0.45
αποδυναμώζω,3,0.45
διανομής,3,0.45
χωριζόμενα,3,0.45
αναπαραχθούν,3,0.45
διαβιβάζο,3,0.45
επιμερους,3,0.45
μηχαναγνώσιμων,3,0.45
οργανωτικά,3,0.45
29.4.2014,3,0.45
1.1·,3,0.45
τριαξονικός,3,0.45
κλίσεω,3,0.45
υπολογισμένης,3,0.45
ρυμουλκούμενου·,3,0.45
υποπαράρτημα,3,0.45
αυτοφερόμενου,3,0.45
o4,3,0.45
μονώροφο,3,0.45
2.1.6,3,0.45
αναρριχητικότητα,3,0.45
1003/2010,3,0.45
μαρσπιέ,3,0.45
πρόσθιοι,3,0.45
διαφορετικά·,3,0.45
ν1ς,3,0.45
εγείρει,3,0.45
πειστεί,3,0.45
εξατμιστικών,3,0.45
6.1.2,3,0.45
6.1.5.4,3,0.45
15.2.4,3,0.45
jsrrv,3,0.45
17α,3,0.45
78/2009,3,0.45
σάρωση,3,0.45
νοx,3,0.45
wtors,3,0.45
7.7.1,3,0.45
υδρογονοκίνητων,3,0.45
κινητήριοι,3,0.45
2.6.2,3,0.45
4.7.3,3,0.45
υπεύθυνος·,3,0.45
συγκεκριμένο(-α,3,0.45
vci,3,0.45
$,3,0.45
σώματος-ουρά,3,0.45
πρόθυμο,3,0.45
2017/654,3,0.45
11.2.8,3,0.45
ταχύτητας)/ημιαυτόματος,3,0.45
ταχύτητας)/αυτόματος,3,0.45
ταχύτητας)/συνεχώς,3,0.45
έλκοντος,3,0.45
4)»·,3,0.45
αδρανειακός,3,0.45
σχέση/-εις,3,0.45
διαμάχη,3,0.45
υπερήμερες,3,0.45
παραδοθέν,3,0.45
αναβληθείσας,3,0.45
ενδύματα,3,0.45
πανωφόριο,3,0.45
υφασμάτινος,3,0.45
αναξιοπιστία,3,0.45
8.2.2017,3,0.45
ifc,3,0.45
cis,3,0.45
εγαλα,3,0.45
garantie,3,0.45
τίποτε,3,0.45
4·»·,3,0.45
κατευθύνσεις,3,0.45
αντικτυπου,3,0.45
επεξηγηση,3,0.45
περιθωριων,3,0.45
επιτοκια,3,0.45
1.1.1.1.1,3,0.45
1.1.1.1.2,3,0.45
1040,3,0.45
διατάξεις—,3,0.45
g20,3,0.45
*)-1].,3,0.45
cvα,3,0.45
3.2.21,3,0.45
δραστηριοτήτων—,3,0.45
συμπεριλήφνω,3,0.45
εξαιρέθηκαν,3,0.45
υποδείγματος].,3,0.45
κατανεμώνη,3,0.45
13.88,3,0.45
μελλοντικών,3,0.45
λειτουργικού,3,0.45
24-100,3,0.45
ατομική,3,0.45
0090-0100,3,0.45
154ιδ,3,0.45
υπονοούμενους,3,0.45
δηλωθείς,3,0.45
καταθέτης·,3,0.45
συμβολαίων·,3,0.45
αλλος,3,0.45
στήλες·,3,0.45
εκδοθέντων)·,3,0.45
εκχωρηθείσαςς,3,0.45
7.20.(γ)]·,3,0.45
πηγά,3,0.45
200·,3,0.45
2016/322,3,0.45
αντανακλούσαν,3,0.45
αναβαλλόμενα,3,0.45
9.b5.1.2.a,3,0.45
1.3.2.9α,3,0.45
επαληθευσιμότητα,3,0.45
εμπεριστατωμένες,3,0.45
ουσιώδες,3,0.45
μεταγενέστεροι,3,0.45
δομής-δραστικότητας,3,0.45
οκτανόλης-νερού,3,0.45
νανομορφέ,3,0.45
καταχωρίζοντης,3,0.45
προσθέτων,3,0.45
κινδύνου.»·,3,0.45
αααβ,3,0.45
τύχη,3,0.45
πληροφορίες.»·,3,0.45
8.5.2,3,0.45
αερολύματα,3,0.45
βιοαποδομήσιμος,3,0.45
συνάφειάς,3,0.45
δέρμα·,3,0.45
βιοσυσσώρευση,3,0.45
τιμολόγησης·,3,0.45
υποψηφιότητα,3,0.45
αντικαταστασης,3,0.45
1303/2013]»·,3,0.45
1011/2014,3,0.45
15.4.2014,3,0.45
συμμερίζομαι,3,0.45
μελάνιο,3,0.45
μαλλιά,3,0.45
σοβαρή,3,0.45
θανάσιμος,3,0.45
παραγγελιών,3,0.45
διαβιβασθείσες,3,0.45
επικυρώσει,3,0.45
ταυτοποάιλω,3,0.45
μέρος/-η,3,0.45
απόφραξη,3,0.45
τύφλωση,3,0.45
τιμή/-ές,3,0.45
απαίτηση/-εις,3,0.45
δάχτυλ,3,0.45
ηλεκτροπληξία·,3,0.45
εγκαύματα·,3,0.45
κατάποση,3,0.45
πολλή,3,0.45
δέρματος·,3,0.45
τραυματισμού/-ών,3,0.45
καρφί,3,0.45
πώματος,3,0.45
αρχή(-ές,3,0.45
εξετάστε,3,0.45
υπολογίστε,3,0.45
δάκτυλο,3,0.45
τσίμπημα,3,0.45
δακτύλου,3,0.45
πιάσιμο,3,0.45
πλάι,3,0.45
πριζώνς,3,0.45
αισιόδοξες,3,0.45
παγιδεύω,3,0.45
σύνθλιψη·,3,0.45
κάταγμα·,3,0.45
κινούμενων,3,0.45
νευρολογικός,3,0.45
ευαισθητοποιητικός,3,0.45
μυοσκελετικός,3,0.45
εξάρθρωση,3,0.45
οισοφάγος,3,0.45
αιμολυτικός,3,0.45
αναιμία,3,0.45
προπληρωμένη,3,0.45
"193,8",3,0.45
grand-ducal,3,0.45
διανέμων,3,0.45
εκπιπτόμενη,3,0.45
διασκεδάζω,3,0.45
μεταχειρισης,3,0.45
παρεκκλιση,3,0.45
αλυσιτελός,3,0.45
εξηγήθηκε,3,0.45
εαυτής,3,0.45
φορολογούμενο·,3,0.45
συμβιβάζομαι,3,0.45
επικαλέστηκε,3,0.45
ανάκτησή,3,0.45
la,3,0.45
159,3,0.45
leur,3,0.45
bénéficiaires,3,0.45
il,3,0.45
bénéficier,3,0.45
couvertes,3,0.45
88/03,3,0.45
c:2006:511,3,0.45
2006/940/εκ,3,0.45
membre,3,0.45
mesure,3,0.45
motifs,3,0.45
plus-values,3,0.45
471/09,3,0.45
υποψηφιοτήτων,3,0.45
141γ,3,0.45
αντιμέτωπος,3,0.45
93α,3,0.45
υπόκειμαι,3,0.45
πυαδ,3,0.45
ένωσης.»·,3,0.45
152α,3,0.45
28.6.2018,3,0.45
ταξινομία,3,0.45
23:59:59,3,0.45
pd++,3,0.45
p+,3,0.45
p––,3,0.45
πενταετήςς,3,0.45
επιτοκίου·,3,0.45
επέστρεψαν,3,0.45
βαρσοβία,3,0.45
2008/2/εκ,3,0.45
19.2.2019,3,0.45
συνιστώμενων,3,0.45
καταγραφικός,3,0.45
δεξιόστροφα,3,0.45
αριστερόστροφα,3,0.45
φρεάτιος,3,0.45
κόφτης,3,0.45
εξισορροπητικός,3,0.45
2019/667,3,0.45
χχχχ,3,0.45
εμποτισμός,3,0.45
"3,3,4,4,5,5,6,6,7,7,8,8,8-δεκατριφθοροοκτυλο)σιλανοτριόλη",3,0.45
-1,3,0.45
εξασφαλισμενες,3,0.45
γνωστοποιηθείσα,3,0.45
29.5.2019,3,0.45
ονοματεπώνυμο·,3,0.45
προσδιορίζεται/-ονται,3,0.45
πρόβλεψη·,3,0.45
18.3.1,3,0.45
11.2.1,3,0.45
10.2.1,3,0.45
8.2.α.3,3,0.45
ματαιώνω,3,0.45
διαθέσιμη·,3,0.45
2.7.1,3,0.45
investeu,3,0.45
σύγκλισής,3,0.45
102α,3,0.45
q(windstorm,3,0.45
q(earthquake,3,0.45
q(flood,3,0.45
q(hail,3,0.45
ποσά.»·,3,0.45
171α,3,0.45
176γ,3,0.45
2015/2011,3,0.45
"3,82",3,0.45
προσπάθειά,3,0.45
ανακτησιμότητα,3,0.45
ασφαλισης,3,0.45
άγιος,3,0.45
ρεϋνιόν,3,0.45
ατυχηματων,3,0.45
1222/2009,3,0.45
648/2004,3,0.45
2018/1724,3,0.45
2000/31/εκ,3,0.45
952/2013·,3,0.45
2000/14/εκ,3,0.45
προέδρων,3,0.45
10)·,3,0.45
στηλή,3,0.45
φθοριούχος,3,0.45
διερευνώντας,3,0.45
γήρατος,3,0.45
μετακινούμενος,3,0.45
προανήγγειλε,3,0.45
εναρμονίνω,3,0.45
συναθροισμένος,3,0.45
2019/1851,3,0.45
γνωμοδοτήσεων,3,0.45
διακυβερνητικοί,3,0.45
συνεκτικότερης,3,0.45
ενδιαφερομένων.»·,3,0.45
μεσολαβώντας,3,0.45
ανάγκης·»·,3,0.45
προτύπων.»·,3,0.45
δικαίου.»·,3,0.45
δίκαιο.»·,3,0.45
ζητηθεί.»·,3,0.45
εκλέγονται,3,0.45
αφορά:»·ς,3,0.45
εκούσιας,3,0.45
αυθεντική·,3,0.45
ivα,3,0.45
54α,3,0.45
χορηγήσεως,3,0.45
48ζ,3,0.45
κινδύνους·»·,3,0.45
2%,3,0.45
κανονισμού(εε,3,0.45
6.8.6,3,0.45
24η,3,0.45
2019/129,3,0.45
1.8.5,3,0.45
δρομολογήζω,3,0.45
-βάσει,3,0.45
236/2012-,3,0.45
προεκτεθείσες,3,0.45
επιταθεί,3,0.45
σηματοδοτήσουν,3,0.45
αυξήω,3,0.45
συγκρινόμενο,3,0.45
15.4.2020,3,0.45
φεβ,3,0.45
https://www.ecb.europa.eu/pub/financial-stability/fsr/html/ecb.fsr201911~facad0251f.en.html,3,0.45
2020/2221,3,0.45
βόρειες,3,0.45
αραιοκατοικημένες,3,0.45
ανακληθηκαν,3,0.45
2019/360,3,0.45
3.9.2020,3,0.45
7.8.2015,3,0.45
απειλώντας,3,0.45
συναρτώνται,3,0.45
2016/948,3,0.45
διευρύνθηκε,3,0.45
62α,3,0.45
συμπερίληψής,3,0.45
26γ,3,0.45
2.5.1,3,0.45
συγκρίσιμη,3,0.45
κίνδυνων,3,0.45
6.8.13,3,0.45
6.9.11,3,0.45
5.4.7,3,0.45
102κz,3,0.45
102κη,3,0.45
γ20γ,3,0.45
19.00.00,3,0.45
σαφείς,3,0.45
προγενέστερη,3,0.45
εδδ,3,0.45
nuts3ς,3,0.45
πρωτοφειλέτης,3,0.45
εξοφληθέν,3,0.45
indv,3,0.45
crec3,3,0.45
estc3,3,0.45
προσθετες,3,0.45
άκαρπων,3,0.45
υπεύθυνου/-ων,3,0.45
αρμόδιος/-οι,3,0.45
διεύθυνση/-εις,3,0.45
2020/429,3,0.45
16.47,3,0.45
16.22,3,0.45
47(β,3,0.45
237(δ,3,0.45
237(γ,3,0.45
μελάνια,3,0.45
αρωματικός,3,0.45
δερματοστίκτης,3,0.45
οξέα,3,0.45
διενεργούμενων,3,0.45
27.2.2018,3,0.45
27.4.2017,3,0.45
2016/960,3,0.45
2019/461,3,0.45
12.4.2019,3,0.45
2017/1198,3,0.45
μισθωσεις,3,0.45
ιδιωτικη,3,0.45
2000/12/εκ,3,0.45
0290,3,0.45
0911,3,0.45
0946,3,0.45
εφεδρικη,3,0.45
κατανεμημένη,3,0.45
2.166i,3,0.45
2.173(β)(i,3,0.45
2.175i,3,0.45
2.175ii,3,0.45
2.208i-208ii,3,0.45
2.208iii,3,0.45
2.208iv,3,0.45
2.208v,3,0.45
2.208vi,3,0.45
2.208viii,3,0.45
2.208ix,3,0.45
2.208x,3,0.45
239i-239iii,3,0.45
239i,3,0.45
239viii,3,0.45
2.281-284,3,0.45
2.284(ια,3,0.45
285(στ,3,0.45
2.284(ιδ,3,0.45
2.284(ιη,3,0.45
2.284(ιθ,3,0.45
2.284(κ,3,0.45
2.284(κα,3,0.45
2.284(ιζ,3,0.45
2.284(ιγ,3,0.45
2.233,3,0.45
2.239x,3,0.45
2.328,3,0.45
329(β,3,0.45
2.239iii-239v(α,3,0.45
2.239iii-239v(β,3,0.45
2.239iii-239v(ζ,3,0.45
2.239iii-239viς,3,0.45
2.239iii-239v(η,3,0.45
2.334,3,0.45
2.339(α,3,0.45
2.339(β,3,0.45
2.343,3,0.45
2.346,3,0.45
352(β,3,0.45
2.341,3,0.45
259-261,3,0.45
2.358(β,3,0.45
2.358(γ,3,0.45
2.358(δ,3,0.45
2.358(ε,3,0.45
2.358(στ,3,0.45
2.358(ζ,3,0.45
2.360(α)(i,3,0.45
2.360(α)(ii,3,0.45
2.232,3,0.45
2.303i,3,0.45
2.311(γ,3,0.45
19.8,3,0.45
2.311(στ,3,0.45
2.311ii,3,0.45
16.81,3,0.45
364(β,3,0.45
364(γ,3,0.45
επσε,3,0.45
1.1.4.2,3,0.45
1.1.4.3,3,0.45
269-297,3,0.45
301-303,3,0.45
309-337,3,0.45
269-295,3,0.45
–510,3,0.45
2.3.6,3,0.45
2.8.5,3,0.45
outflows,3,0.45
2019/2034,3,0.45
ορθοί,3,0.45
κυρίαρχης,3,0.45
922/72,3,0.45
234/79,3,0.45
1037/2001,3,0.45
επισπευσθεί,3,0.45
"0,75",3,0.45
λέξεα,3,0.45
2016/818,3,0.45
2016/1646,3,0.45
2019/980·»·,3,0.45
35.02,3,0.45
ογκος,3,0.45
συνολικης,3,0.45
μηνας,3,0.45
34.03,3,0.45
34.09,3,0.45
κλιμάκος,3,0.45
0460,3,0.45
0270,3,0.45
37.14,3,0.45
"0030,0010",3,0.45
"0180,0010",3,0.45
"0270,0010",3,0.45
428ε,3,0.45
αθροισμα(c0010,3,0.45
1.2.9,3,0.45
1.4.2.1,3,0.45
1.4.2.2,3,0.45
428κβ,3,0.45
428λη,3,0.45
428β,3,0.45
εκτακτη,3,0.45
r0260,3,0.45
0309-0337,3,0.45
0269-0295,3,0.45
0309-0335,3,0.45
0490,3,0.45
0271,3,0.45
0275,3,0.45
0279,3,0.45
0291,3,0.45
0311,3,0.45
0315,3,0.45
0319,3,0.45
0327,3,0.45
0335,3,0.45
fμι·,3,0.45
τύπου/-ων,3,0.45
ονομασία/-ες,3,0.45
έκδοση/-εις,3,0.45
προηγούμενο/-α,3,0.45
στάδιο/-α,3,0.45
επιμήκης,3,0.45
ng-hl,3,0.45
ευέλικτου,3,0.45
δεξαμενή/-ές,3,0.45
καταλυτικού/-ών,3,0.45
κινητήρας-μέλος,3,0.45
ρυθμιστής/-ές,3,0.45
mole,3,0.45
κύκλος),3,0.45
σχέδιο/-α,3,0.45
μέγιστη/-ες,3,0.45
επιτρεπόμενη/-ες,3,0.45
συστήματος/-ων,3,0.45
κατευθυντήριο/-ος,3,0.45
rrc,3,0.45
διάταξης/-εων,3,0.45
τυμπάνος,3,0.45
πιστοποιητικού/-ων,3,0.45
διάταξης/-η,3,0.45
καινοτομίας/-ιών,3,0.45
κλάση/-εις,3,0.45
/όχι,3,0.45
mid,3,0.45
2017/653,3,0.45
συνταξιοδοτηθώ,3,0.45
υποδείξουν,3,0.45
απόδοση»·,3,0.45
αιτιοκρατικός,3,0.45
g2++,3,0.45
ses,3,0.45
2016/1608,3,0.45
2017/461,3,0.45
2017/1486,3,0.45
11.6.2014,3,0.45
διαχειριστικό,3,0.45
αρχές-πλαίσια,3,0.45
διοικητικά,3,0.45
μεσολαβούσα,3,0.45
systematic,3,0.45
internaliser,3,0.45
καταλήγοντα,3,0.45
διαπραγματεύσεως,3,0.45
επιβάλω,3,0.45
13γς,3,0.45
χορηγηθεισών,3,0.45
εξέθετε,3,0.45
μετάθεσης·,3,0.45
συνδεόμενους,3,0.45
π.ε.δη.συ,3,0.45
2004/383/εκ,2,0.3
συσταση,2,0.3
ε(2004,2,0.3
σε o,2,0.3
αμφότερων,2,0.3
διαθέσω,2,0.3
εκπροσωπηθούν,2,0.3
ρευστοποιήσιμους,2,0.3
επωφελή,2,0.3
παρασχεθείσας,2,0.3
1.4.1,2,0.3
καταβλητέας,2,0.3
αμειβόμενος,2,0.3
13.2.2001,2,0.3
λισσαβώνα,2,0.3
δικαίων,2,0.3
λειτουργούσες,2,0.3
βέβαιοι,2,0.3
αιρέσεις,2,0.3
χαιρετίζω,2,0.3
συνολικώς,2,0.3
ευρισκόμενη,2,0.3
βραχείος,2,0.3
συλλογικών,2,0.3
επιφυλάσσεμαι,2,0.3
πληρεξουσίους,2,0.3
προσβάσιμου,2,0.3
προσιτή,2,0.3
σεβαστής,2,0.3
ζημιώσουν,2,0.3
ευθυγραμμίζεται,2,0.3
κυριαρχικός,2,0.3
επαναγοράζονται,2,0.3
εισαγάγει,2,0.3
κοινότητας·,2,0.3
πουλώντας,2,0.3
ίδιο·,2,0.3
ειλικρινώς,2,0.3
ελεγχομένων,2,0.3
ασκήσει·,2,0.3
επικαρπωτής,2,0.3
βραχεία,2,0.3
εγείρομαι,2,0.3
διάθεση·,2,0.3
εντύπως,2,0.3
ουσιαστικά·,2,0.3
συναινέζω,2,0.3
1968,2,0.3
ισοδύναμας,2,0.3
παραβιάσθηκαν,2,0.3
ανακαλύπτω,2,0.3
14.3.1968,2,0.3
2004/69/εκ,2,0.3
28.4.2004,2,0.3
βοηθηθούν,2,0.3
ενυπόθηκος,2,0.3
τρόπους·,2,0.3
απλουστεύζω,2,0.3
κέρδος»·,2,0.3
κλεισθείσας,2,0.3
17.2,2,0.3
περιλήφθηκαν,2,0.3
καταστατικό·,2,0.3
τροποποιηθεί·,2,0.3
υπερπεριφερειακός,2,0.3
δελτίων,2,0.3
φαξ·,2,0.3
1606/20,2,0.3
λεπτομερέστερος,2,0.3
αναδιατυπωμένος,2,0.3
παραρτηματα,2,0.3
υπευθυνα,2,0.3
ελεγκτες,2,0.3
μητρώα·,2,0.3
απεριόριστη·,2,0.3
εξωτερική)·,2,0.3
επιχειρηματικης,2,0.3
παράγοντες-κλειδιά,2,0.3
ανωτερα,2,0.3
ιδρυτής,2,0.3
πενταετία·,2,0.3
υποθέσεών,2,0.3
τέλεση,2,0.3
απαγγελθείσα,2,0.3
αμοιβη,2,0.3
τροπος,2,0.3
διοικητικου,2,0.3
υπαλληλοι,2,0.3
μετοχοι,2,0.3
επαναδιατυπωμένων,2,0.3
ιδιοκτήτες·,2,0.3
καταρτίστηκαν·,2,0.3
εισαγονται,2,0.3
σταθερή(-ές,2,0.3
κατοχοι,2,0.3
εξαιρέσεις·,2,0.3
εξακριβώθηκαν,2,0.3
εξαρτήζω,2,0.3
keep,2,0.3
παραλήψεις,2,0.3
υποκατασταθούν·,2,0.3
πλεονασμάτων,2,0.3
παρασχέθηκαν·,2,0.3
αόριστη·,2,0.3
ορους,2,0.3
γνωστοποιάνω,2,0.3
eάν,2,0.3
επενδυτικοι,2,0.3
αποτίμηση·,2,0.3
παροχοι,2,0.3
διαχειριστης,2,0.3
συμβουλοι,2,0.3
εξωτερικο,2,0.3
εμποριο,2,0.3
πόροι·,2,0.3
δικαστικες,2,0.3
διαιτητικες,2,0.3
διαδικασιες,2,0.3
κινάνω,2,0.3
ενδεχομένη,2,0.3
εμπειρογνωμομων,2,0.3
εξαγοράσιμος,2,0.3
κινητης,2,0.3
χωριστοί,2,0.3
δραστήρια,2,0.3
ολοκληρίανς,2,0.3
οε84-οε93,2,0.3
οε27-οε33,2,0.3
επιμετρώντας,2,0.3
συμψηφιστικού,2,0.3
συνηθίζω,2,0.3
οε16-οε25,2,0.3
σταθμίσουν,2,0.3
οε105-οε113,2,0.3
οε33,2,0.3
ενοποίηση-οντότητες,2,0.3
δεσμεύνω,2,0.3
εμβάζω,2,0.3
παραληπτών,2,0.3
20(γ,2,0.3
20(γ)(ii,2,0.3
επαναγορασμένες,2,0.3
υπαρκτού,2,0.3
επανακατατάσσεται,2,0.3
επανακατάταξη,2,0.3
οε56,2,0.3
εξατομικευτεί,2,0.3
οε89,2,0.3
αναστρέφονται,2,0.3
αρτίου,2,0.3
αγορασθένς,2,0.3
πωληθήν,2,0.3
δολαρίο,2,0.3
λιρών,2,0.3
επανυπολογιζόμενος,2,0.3
συνεπακόλουθη,2,0.3
απόλυτας,2,0.3
παλαιότερη,2,0.3
επαναδιατυπώθηκε,2,0.3
διέγραψε,2,0.3
αλλων,2,0.3
καιρικά,2,0.3
2(δ,2,0.3
προγραμμάτων,2,0.3
βραχύτερη,2,0.3
σωρευτεί,2,0.3
βεβιασμένος,2,0.3
απόσχιση,2,0.3
συνεπακόλουθο,2,0.3
εκποιήζω,2,0.3
πρόσθεσή,2,0.3
διακρατήζω,2,0.3
δηλόμενως,2,0.3
11(α,2,0.3
11(β,2,0.3
επαναποκτήσει,2,0.3
έντοκος,2,0.3
διπλασιάζω,2,0.3
περ,2,0.3
συμφωνίες,2,0.3
επαναμεταφέρει,2,0.3
ακολουθεί,2,0.3
νμ98,2,0.3
νμ75,2,0.3
νμ105,2,0.3
νμ1,2,0.3
νμ96,2,0.3
νμ4,2,0.3
επαναγορασμένη,2,0.3
λεφτά,2,0.3
ανακτήω,2,0.3
νμ100000,2,0.3
νμ90000,2,0.3
εξαρτημένα,2,0.3
απέκλειε,2,0.3
επ’αυτού,2,0.3
1:9,2,0.3
νμ1000,2,0.3
νμ1065,2,0.3
νμ2040,2,0.3
διακρατήθηκε,2,0.3
νμ1040,2,0.3
αναλογούντας,2,0.3
νμ600,2,0.3
εξοφλώντας,2,0.3
δημιουργός,2,0.3
εξαλείψει,2,0.3
δικαστικώς,2,0.3
προεξοφλήθηκαν,2,0.3
πωλείτο,2,0.3
πώλησης-αγοράς,2,0.3
αντικατόπτριζε,2,0.3
περιελάμβαναν,2,0.3
παρακινούμενος,2,0.3
συμμετοχικοί,2,0.3
αντιμετώπιζαν,2,0.3
γι’αυτός,2,0.3
αφαιρέζω,2,0.3
θανάτους,2,0.3
παρελθούσα,2,0.3
78-84,2,0.3
οε100,2,0.3
κατευθύνσεως,2,0.3
νμ10ς,2,0.3
διακυμάνση,2,0.3
εξατομικεύνω,2,0.3
παρελθούσης,2,0.3
οε114(γ,2,0.3
προπληρωτέου,2,0.3
προγραμματίσει,2,0.3
οε114-οε131,2,0.3
εφήρμοζε,2,0.3
47a,2,0.3
ανακύπτουσες,2,0.3
τροποποιείταιως,2,0.3
συμψηφισθεί,2,0.3
κρατήσεις,2,0.3
κρατήσεων,2,0.3
εξοφλεί,2,0.3
ανείσπρακτος,2,0.3
δάνειων,2,0.3
υπογραμμισμένο,2,0.3
2(στ,2,0.3
παραγγελθέντος,2,0.3
φορτωθεί,2,0.3
μεταβάλλεται,2,0.3
2236/2004,2,0.3
ονομαζόμενος,2,0.3
2237/2004,2,0.3
26.5.2005,2,0.3
43/2005,2,0.3
29αγ,2,0.3
28.7.2005,2,0.3
1435/2003,2,0.3
15.9.2005,2,0.3
107/2005,2,0.3
94/19/eκ,2,0.3
30ε,2,0.3
λιχτενσταϊν,2,0.3
2004/72/eκ,2,0.3
0109,2,0.3
ε(2005,2,0.3
92/44/εοκ,2,0.3
2002/22/εκ,2,0.3
στοιχειώδους,2,0.3
ζευκτικός,2,0.3
τοπολογία,2,0.3
μικρότεροι,2,0.3
ισχύοντης,2,0.3
ανταγωνιζόμενους,2,0.3
μεγαλύτεροι,2,0.3
συντομότεροι,2,0.3
γραμμής·,2,0.3
2002/21/εκ,2,0.3
ερωτηματολογίου,2,0.3
υποδομή·,2,0.3
δομόμενης,2,0.3
1)lu,2,0.3
26.7.1997,2,0.3
32·,2,0.3
λισσαβόνα,2,0.3
διοργανικός,2,0.3
ίδρυσε,2,0.3
αυτές.»·,2,0.3
φράσεις,2,0.3
οδηγιων,2,0.3
διεπομένος,2,0.3
καταργείται·,2,0.3
κοινότητα·,2,0.3
εγκαθιδρύω,2,0.3
1765/82,2,0.3
1766/82,2,0.3
2385/2002,2,0.3
επιμήκη,2,0.3
18.1.2002,2,0.3
9.9.2000,2,0.3
31.12.1994,2,0.3
εγχειρήματος,2,0.3
κάποια,2,0.3
γινόταν,2,0.3
μεδ-12.6,2,0.3
25ζ,2,0.3
25στ,2,0.3
τροποποιηση,2,0.3
46γ,2,0.3
απο-προσδιορίσει,2,0.3
απο-προσδιορισμός,2,0.3
απο-προσδιορίστηκαν,2,0.3
από-προσδιορισμός,2,0.3
9β)i,2,0.3
επιλεχθείσα,2,0.3
πραγματοποιημένων,2,0.3
σπανίως,2,0.3
απαλείψει,2,0.3
απάλειφε,2,0.3
αισθητός,2,0.3
νμ45,2,0.3
108b,2,0.3
οε133,2,0.3
παρήγαγε,2,0.3
εκφρασθεί,2,0.3
επαναδιορισμός,2,0.3
37/2006,2,0.3
1.6.2006,2,0.3
30γαα,2,0.3
19.10.2006,2,0.3
εμπράκτως,2,0.3
–σε,2,0.3
επιλέγο,2,0.3
παραιτούνται,2,0.3
ιταλικής,2,0.3
έκτακτες,2,0.3
659/1999,2,0.3
αμοιβαίων,2,0.3
τροποποιείς,2,0.3
μερων,2,0.3
ξεχωριστούς,2,0.3
υπολόγισε,2,0.3
θέματι,2,0.3
δράσουν,2,0.3
κατ’αρχάς,2,0.3
εμπέσω,2,0.3
ενισχυόμενος,2,0.3
αναπτύξεως,2,0.3
απέδειξαν,2,0.3
επωμισθούν,2,0.3
ερωτηματολόγιο,2,0.3
συνημμένου,2,0.3
27.3.1999,2,0.3
21.8.2001,2,0.3
8/03,2,0.3
bbl,2,0.3
εναρμονίση,2,0.3
1301,2,0.3
142/87,2,0.3
επιχορήγησης·,2,0.3
επιστράφηκαν,2,0.3
ονομάζομαι,2,0.3
προαπαιτούμενους,2,0.3
cesr,2,0.3
εναρμονίσω,2,0.3
αμερικής·,2,0.3
δημοσίας,2,0.3
θεματοφύλακάς,2,0.3
εναλλάσσω,2,0.3
μεταβιβάσιμους,2,0.3
προστατεύσουν,2,0.3
ιδρυθείσας,2,0.3
μεταβιβάσιμοι,2,0.3
πανεπιστήμιο,2,0.3
πληροφορικής·,2,0.3
διπλωμάτων,2,0.3
επικυρωμένης,2,0.3
δεκαπενταετία,2,0.3
τριτοβάθμιος,2,0.3
εγγραφη,2,0.3
εμπιστευτικοτητα,2,0.3
επαγγελματικο,2,0.3
απορρητο,2,0.3
υπηρεσιών–,2,0.3
συνηγόρος,2,0.3
υποχρεωτικοί,2,0.3
διενεργήω,2,0.3
διορισμος,2,0.3
παώνυ,2,0.3
οντοτητων,2,0.3
προΐσταται,2,0.3
επταετία,2,0.3
απορρήτου·,2,0.3
χρέωσε,2,0.3
συνταώνχ,2,0.3
25.2.2005,2,0.3
19.1.2000,2,0.3
διηνεκός,2,0.3
εξοχήν,2,0.3
επιτευχθείσα,2,0.3
εφαρμογησ,2,0.3
μετρητοίς·,2,0.3
προθεσμία·,2,0.3
και·,2,0.3
125000,2,0.3
γήπεδο,2,0.3
ενοποίησης·,2,0.3
εμπίπτοντα,2,0.3
υπολογιζόμενων,2,0.3
υπαναδέχονται,2,0.3
υπολογιζόμενα,2,0.3
εσκεμμένα,2,0.3
θέματα·,2,0.3
-αν,2,0.3
απασχολουμένος,2,0.3
στον(στους,2,0.3
τον(τους,2,0.3
αποσβέννυται,2,0.3
αυθημερόν·,2,0.3
αθροίζει,2,0.3
εφαρμόζεμαι,2,0.3
συλλήβδην,2,0.3
αγνοείται,2,0.3
υπασφαλίζω,2,0.3
ειδικου,2,0.3
αυξομειώσεων,2,0.3
υποδεέστερης,2,0.3
εξαγοράσιμα,2,0.3
μεριδίου·ς,2,0.3
παραδώσει,2,0.3
παραχωρήσουν,2,0.3
ελεύθερες,2,0.3
πλήθους,2,0.3
συνυπολογισθεί,2,0.3
χρόνια—,2,0.3
ονομαστικά,2,0.3
λήγουσε,2,0.3
δεκαημέρος,2,0.3
απαίτησης·,2,0.3
προκύπτος,2,0.3
πιθανολογείται,2,0.3
ημερήσιου,2,0.3
διήρκεσε,2,0.3
εγκριθείσας,2,0.3
παρέκτασης,2,0.3
αποτιμώμενης,2,0.3
αίθουσα,2,0.3
δουλευμένος,2,0.3
κατεύθυνσης·,2,0.3
98/31/εκ,2,0.3
μεταφορας,2,0.3
δικαιο,2,0.3
3(1,2,0.3
13(1,2,0.3
9(4,2,0.3
iii(4,2,0.3
3(γ,2,0.3
είδωλα,2,0.3
77/91/eok,2,0.3
συνέβαλλαν,2,0.3
δημοσιοποιήζω,2,0.3
αυξήσεως,2,0.3
ελλείψεως,2,0.3
συντρέξει,2,0.3
αποκτήσεως,2,0.3
εξοφάλλω,2,0.3
ακυρώσουν,2,0.3
68/151/εοκ,2,0.3
ασκήσεως,2,0.3
απευθυνθούν,2,0.3
σχεδιασθούν,2,0.3
95/46/eκ,2,0.3
διαπραγματευθεί,2,0.3
αντισυμβαλλόμενος–,2,0.3
εκδηλώση,2,0.3
πλάνη,2,0.3
ενσωματώνοντάς,2,0.3
εκπλήρωνε,2,0.3
μεταβαλλόμενων,2,0.3
τιμολογούνται,2,0.3
θετός,2,0.3
ανατεθεί·,2,0.3
αδειοδοτήθηκε,2,0.3
αντιτασσόταν,2,0.3
βαθμολογήσεις,2,0.3
μηχανισμό·,2,0.3
υπόσχομαι,2,0.3
τιμή-στόχο,2,0.3
σύγκριση·,2,0.3
δωδεκάμηνες,2,0.3
διακυμάνσεων·,2,0.3
επιβαρύνσεων·,2,0.3
εντασσόταν,2,0.3
χορήγησε·,2,0.3
περιορισμών·,2,0.3
οφειλές·,2,0.3
απλουστευμένου,2,0.3
σύμφωνου,2,0.3
ακίνη,2,0.3
πραγματοποιήθηκαν·,2,0.3
τίμημα·,2,0.3
εκτελέσθηκε,2,0.3
δωδεκάμηνο·,2,0.3
απετέλεσαν,2,0.3
χειρισμό·,2,0.3
δυσχέρειας,2,0.3
προβλέψεως,2,0.3
καταστράφηκαν,2,0.3
επαναπατρίζω,2,0.3
θησαυροφυλάκι,2,0.3
ελνε,2,0.3
3.3.2003,2,0.3
20.12.2001,2,0.3
εκθεσησ,2,0.3
όμοια,2,0.3
ενεργητικού+,2,0.3
2006/17,2,0.3
unrealised,2,0.3
assets,2,0.3
realised,2,0.3
agency-based,2,0.3
eci,2,0.3
απολύσεω,2,0.3
εδδπχ,2,0.3
εκφράσλω,2,0.3
ζητήματα,2,0.3
επακόλουθης,2,0.3
συγκεκριμενοποιηθούν,2,0.3
αδειοδοτούν,2,0.3
ζευγή,2,0.3
δυνατότητες·,2,0.3
εμπόρων,2,0.3
παρατηρhσεις,2,0.3
αγαθά,2,0.3
πελατων,2,0.3
ανυπαρξία,2,0.3
πίνακας·,2,0.3
quote-driven,2,0.3
συχνό,2,0.3
ευκαιριακά,2,0.3
διασφαλίζεται,2,0.3
μεθοδεύω,2,0.3
δημοσιοποιούμαι,2,0.3
σφάλματα·,2,0.3
μεγεθή,2,0.3
δύνανμαι,2,0.3
αντικαταστατό,2,0.3
ενδιαφέροντος·,2,0.3
εξατομικευτούν,2,0.3
παραγώγου·,2,0.3
καθόλη,2,0.3
διάλογός,2,0.3
διορία,2,0.3
καταράγλω,2,0.3
5γ,2,0.3
30γαβ,2,0.3
29.3.2007,2,0.3
30γαγ,2,0.3
21/2007,2,0.3
23βα,2,0.3
2006/68/εκ,2,0.3
25.9.2006,2,0.3
87/2007,2,0.3
30β,2,0.3
30γ,2,0.3
αναριθμούνται,2,0.3
31β,2,0.3
10.4.2008,2,0.3
ενδυνάμωση,2,0.3
δίκτυο·,2,0.3
προσπελάσιμοι,2,0.3
απεικονιστεί,2,0.3
παραιτήσεων,2,0.3
υπογραφών,2,0.3
δόλος,2,0.3
γλωσσικό,2,0.3
ερωτημάτων,2,0.3
κοινολογείται,2,0.3
κατεχομένος,2,0.3
υποπαραγράφους,2,0.3
ανεξάρτητα·,2,0.3
αναπροσαρμοσμένων,2,0.3
διαχειρίζεται·,2,0.3
παρακαμφθούν,2,0.3
πρόδηλος,2,0.3
πληροφορημένων,2,0.3
χώρο·,2,0.3
επιτόκια·,2,0.3
δείκτες·,2,0.3
μεταβιβάσιμο,2,0.3
καθαρώς,2,0.3
ορίσνω,2,0.3
ολοκληρώσω,2,0.3
2002/13/εκ,2,0.3
2003/2,2,0.3
εφεξής·,2,0.3
τριετία·,2,0.3
1990,2,0.3
στατιστικής,2,0.3
χλνε,2,0.3
βέλος,2,0.3
χρονιά,2,0.3
αναδιαβίβασης,2,0.3
υποτομέος,2,0.3
17:00,2,0.3
escb-net,2,0.3
δημοσιευθέντων,2,0.3
12.1.2002,2,0.3
πινακες,2,0.3
σμός,2,0.3
υποτομής,2,0.3
αντιστραφεί,2,0.3
καταχωρήστε,2,0.3
1998/16,2,0.3
χρηματοπι-στωτικοί,2,0.3
χρηματο-δοτικός,2,0.3
κερδο-σκοπικά,2,0.3
αναπαροσαρμογών,2,0.3
διοικήση,2,0.3
χρηματοπιστω-τικοί,2,0.3
τακτοποιηθεί,2,0.3
προθεσμίας,2,0.3
cr5,2,0.3
"72,4296",2,0.3
10s,2,0.3
20s,2,0.3
προσποριζόμενων,2,0.3
υπεροχή,2,0.3
παραγώγων»)/κόσμος,2,0.3
παραγώγων»/κόσμος,2,0.3
περιφερειακών,2,0.3
επισκευαστικός,2,0.3
καθοριζόμενου,2,0.3
αναφερόμενου,2,0.3
5.95,2,0.3
αρχήν,2,0.3
διατυπούμενων,2,0.3
υποδιαιρεσεις,2,0.3
τικός,2,0.3
χεες,2,0.3
νοικοκυριό,2,0.3
issuance,2,0.3
τακτής,2,0.3
undated,2,0.3
index-linked,2,0.3
απεριορίστως,2,0.3
ευθυνόμενων,2,0.3
καταβληθέν,2,0.3
1212,2,0.3
εcu,2,0.3
δεύτερα,2,0.3
ασαφή,2,0.3
αποθηκευθεί,2,0.3
συνηθέσς,2,0.3
1316,2,0.3
αναγγέλλονται,2,0.3
άμεσοι,2,0.3
ταχυδρομικό,2,0.3
αποστολής,2,0.3
κυβέ-ρνηση,2,0.3
κά,2,0.3
f.33,2,0.3
f.511ς,2,0.3
αλληλοαποκλειόμενος,2,0.3
διαβιβαση,2,0.3
βίβλου,2,0.3
επιθήματος,2,0.3
yyyyq4,2,0.3
τελέστηκε,2,0.3
ενδιαμέσων,2,0.3
συγκεκριμενοποιώ,2,0.3
fns,2,0.3
αναγνωριστικά,2,0.3
obs_com,2,0.3
pct,2,0.3
εμπλουτισμένος,2,0.3
ivf,2,0.3
obs_conf,2,0.3
obs_pre_break,2,0.3
αληθοφάνεια,2,0.3
εισερχόμενους,2,0.3
υστερώ,2,0.3
νεοεισερχόμενος,2,0.3
συνειδητός,2,0.3
πληροφορηθεί,2,0.3
διασπάσεων,2,0.3
συμμέτρως,2,0.3
προσομοιάζει,2,0.3
παρέχον,2,0.3
φράγκα,2,0.3
πρόθεμα,2,0.3
θυρίδων,2,0.3
αλληλοαποκλειόμενες,2,0.3
διαγράψουν,2,0.3
αλφάβητο,2,0.3
νχι·,2,0.3
95·,2,0.3
συγχωνεύσεων·,2,0.3
αποστέλλεται,2,0.3
if_req_del,2,0.3
διαγεγραμμένος,2,0.3
ατελή,2,0.3
υποκαθίσταται,2,0.3
συμπράττω,2,0.3
ταμειολογιστικός,2,0.3
5.88-5.93,2,0.3
issuerς,2,0.3
τριμερός,2,0.3
έμβασμα,2,0.3
εμπόρος,2,0.3
issuers,2,0.3
προπληρωμένα,2,0.3
23.1.2006,2,0.3
2007/20,2,0.3
νόμιμας,2,0.3
συγκροτημένη,2,0.3
τελούσαν,2,0.3
συγκροτηθεί,2,0.3
διευκρινισθούν,2,0.3
προετοιμάζομαι,2,0.3
4a,2,0.3
20.1α,2,0.3
8.2α,2,0.3
2006/88/ek,2,0.3
εξασφαλάζομιι,2,0.3
κατάστρωση,2,0.3
επιμερισμένης,2,0.3
2722/2000,2,0.3
επιχειρησιακων,2,0.3
περιπτώσεως,2,0.3
εξατομικεύονται,2,0.3
αλιευμάτων,2,0.3
79/409/εοκ,2,0.3
15].άρθρο,2,0.3
πρόγραμμά,2,0.3
μεταποιηθούν,2,0.3
πανίδα,2,0.3
χλωρίδα,2,0.3
ιχθύων,2,0.3
προστατευόμενων,2,0.3
γόνου,2,0.3
ψάρια,2,0.3
αλιείς,2,0.3
διαπεριφερειακός,2,0.3
μάθηση,2,0.3
δημοσιοτητα,2,0.3
κατονομάζομαι,2,0.3
συγχρηματοδοτώ,2,0.3
αειφόρο,2,0.3
συγχρηματοδοτούντα,2,0.3
συγχρηματοδοτούντος,2,0.3
υφισταμένου,2,0.3
συνεισφέρονται,2,0.3
συγχρηματοδοτούνται,2,0.3
ταξινομημένα,2,0.3
ενταλμάτων,2,0.3
επαληθεύομαι,2,0.3
απειλούμενος,2,0.3
συγχρηματοδοτούμενος,2,0.3
διαπιστωθείσες,2,0.3
ταχύτατα,2,0.3
διαπιστωθένς,2,0.3
τελεσφορώ,2,0.3
επαφές,2,0.3
αντλώνη,2,0.3
καταργούμενων,2,0.3
επιχειρησιακο,2,0.3
προτεραιοτητας,2,0.3
δημιουργούμενος,2,0.3
δημοσιονομικες,2,0.3
υλοποιησης,2,0.3
διαφάνειάς,2,0.3
γαλανός,2,0.3
λαός,2,0.3
τελειότητα,2,0.3
γαλάζιος,2,0.3
πεντάκτινα,2,0.3
διαγωνίων,2,0.3
αστέρι,2,0.3
rgb:,2,0.3
255/20,2,0.3
4/0,2,0.3
ffcc00,2,0.3
βέβαια,2,0.3
δρασεων,2,0.3
σχετικό,2,0.3
αλιέας,2,0.3
γυναικός,2,0.3
μυδιών,2,0.3
κυδωνία,2,0.3
στρειδία,2,0.3
λαυρακία,2,0.3
τσιπούρα,2,0.3
καλκανία,2,0.3
σολομός,2,0.3
χελιών,2,0.3
κυπρίνος,2,0.3
πέστροφας,2,0.3
γλυκέων,2,0.3
εκσυγχρονισθέντος,2,0.3
βελτιώθηκαν,2,0.3
επιστημόνος,2,0.3
αποθηκός,2,0.3
αποβάθρας,2,0.3
καταφυγίο,2,0.3
πλεοναζόντων,2,0.3
απορρίψεων,2,0.3
συνδυάσει,2,0.3
νομικη,2,0.3
iia,2,0.3
προσεχέςς,2,0.3
διενεργηθέντες,2,0.3
ποροι,2,0.3
πιστοποίησή,2,0.3
αλλαγες,2,0.3
κυριοτέρων,2,0.3
ελεγκτικης,2,0.3
περιορίστηκε,2,0.3
προβείτε,2,0.3
περιόρισαν,2,0.3
προγραμμάτισα,2,0.3
31.12.20,2,0.3
ανακτηθέντων,2,0.3
στοιχειο,2,0.3
σωρεύω,2,0.3
συνοψη,2,0.3
απεστάλησαν,2,0.3
αντιμετώπισή,2,0.3
προηγουμενης,2,0.3
δαπανάται,2,0.3
θίγονται,2,0.3
μεταποιητή,2,0.3
ποσοστώσεών,2,0.3
493/2006,2,0.3
εργοστάσι,2,0.3
ραφινάρισμα,2,0.3
ισογλυκόζης,2,0.3
2000/597/εκ,2,0.3
2007/08,2,0.3
28.3.2006,2,0.3
7.10.2000,2,0.3
προοπτικά,2,0.3
παραδείγμας,2,0.3
μέτοχό,2,0.3
μετακιάνλω,2,0.3
εγκαταλείπω,2,0.3
κατοχυρωθώ,2,0.3
αναφερόμενη,2,0.3
επαναδιατυπωθούν,2,0.3
νεοπαρουσιαζόμενο,2,0.3
τομείς)·,2,0.3
αποσβέσεις·ς,2,0.3
μεδόθων,2,0.3
ασύμμετρων,2,0.3
τομέος,2,0.3
ουσιώση,2,0.3
επαναδιατύπωσε,2,0.3
αλληλοσύνδεση,2,0.3
καναδά,2,0.3
10/2008,2,0.3
καταργεί,2,0.3
31βαγ,2,0.3
0005,2,0.3
13δ,2,0.3
ε(2008,2,0.3
χρησιμοποιείται·,2,0.3
ζημιωθούν,2,0.3
ζητήθηκε,2,0.3
συντονισμος,2,0.3
συννομοθέτα,2,0.3
πρωιμότερο,2,0.3
ενότητες·,2,0.3
εκ·,2,0.3
16.5.2008,2,0.3
30.8.1993,2,0.3
7.8.1985,2,0.3
νομοθεσια,2,0.3
r11,2,0.3
αιτήματό,2,0.3
αναλόγος,2,0.3
προβλέπει(-ω,2,0.3
εκ—,2,0.3
συμμόρρφωση,2,0.3
επιβεβαίωνε,2,0.3
εξαλείφθηκαν,2,0.3
υιοθετήσουν,2,0.3
εεκα,2,0.3
εμμέσων,2,0.3
κεφαλαιοποιήσεως,2,0.3
μορφής·,2,0.3
διατυπώση,2,0.3
εισφοράς·,2,0.3
αποκλεισθεί,2,0.3
naamloze,2,0.3
commanditaire,2,0.3
besloten,2,0.3
с,2,0.3
ručením,2,0.3
anónima,2,0.3
azioniς,2,0.3
akcinė,2,0.3
bendrovė,2,0.3
αυστριακός,2,0.3
sociedadeς,2,0.3
delniška,2,0.3
aktiebolag,2,0.3
1972,2,0.3
27.3.1972,2,0.3
18.4.1973,2,0.3
29.8.1994,2,0.3
2»·,2,0.3
2008/18/εκ,2,0.3
καθόσο,2,0.3
2008/25/εκ,2,0.3
2008/21,2,0.3
μετατρεπόμενες,2,0.3
υπότιτλο,2,0.3
κυριες,2,0.3
διαγεγραμμένη,2,0.3
name_confidentiality_flag,2,0.3
γενικοτέρων,2,0.3
πιστοποιήσεων,2,0.3
διατηρήζω,2,0.3
θεωρήνω,2,0.3
επαυξηθούν,2,0.3
επιδίωξή,2,0.3
κώδικα·,2,0.3
ελεγχοι,2,0.3
κοινοτικό,2,0.3
καταστρέψουν,2,0.3
αχρηστεύσουν,2,0.3
προλάβουν,2,0.3
προκαταλήψεις,2,0.3
υπαλλήλων·,2,0.3
ανεστάλη,2,0.3
/2008,2,0.3
765/2008»].,2,0.3
παραπλανήσουν,2,0.3
2342/2002,2,0.3
17.2.1993,2,0.3
23.12.1995,2,0.3
σμικρυνθεί,2,0.3
μεγεθυνθεί,2,0.3
διαγραμμισμένος,2,0.3
συμβούλευσε,2,0.3
πληγεί,2,0.3
επαναταξινομεί,2,0.3
επαναταξινομήσει,2,0.3
44e.,2,0.3
επαναταξινομήθηκε,2,0.3
περιπλοκή,2,0.3
εντόκων,2,0.3
διεξαγόμενες,2,0.3
34β,2,0.3
θέσης,2,0.3
οτε,2,0.3
παραχωρηθέντων,2,0.3
εμπεριείχε,2,0.3
18)·,2,0.3
εξαργυρώσει,2,0.3
ωφελημάτων,2,0.3
11γ,2,0.3
διογκούμενων,2,0.3
τόνιζε,2,0.3
πρακτικών·,2,0.3
υψηλόβαθμο,2,0.3
προέδρους,2,0.3
υπογράφτηκε,2,0.3
αφρικανικής,2,0.3
σημερινή,2,0.3
κατέχων,2,0.3
οδοί,2,0.3
αποχέτευση,2,0.3
υπογραφούν,2,0.3
προσκλήση,2,0.3
προσφύγος,2,0.3
79.,2,0.3
ανοιχτά,2,0.3
πιστοδότηση·,2,0.3
αιτήματος·,2,0.3
αντεγγυημένη,2,0.3
προβλεπόμενους,2,0.3
1δ,2,0.3
πείθομαι,2,0.3
1γ,2,0.3
αθροισμένες,2,0.3
2009/16,2,0.3
2009/7,2,0.3
υποδιαιρεθούν,2,0.3
διαβιβαζόμενες,2,0.3
μεμ,2,0.3
διορθωτικοί,2,0.3
παραγώγων”/κόσμος,2,0.3
μχε,2,0.3
σταθμικοί,2,0.3
πιστωτικών,2,0.3
παραγραφους,2,0.3
οε25-οε29α,2,0.3
υποδεής,2,0.3
μη-κατόχου,2,0.3
επανακατατάσσει,2,0.3
περιγραφών,2,0.3
97γ,2,0.3
απαίτησε,2,0.3
οε14,2,0.3
οε14α,2,0.3
96γ,2,0.3
αποδοτέες,2,0.3
υποδεέστερος,2,0.3
προσδιοριστέος,2,0.3
44γ,2,0.3
α12,2,0.3
θυγατρικη,2,0.3
44a.,2,0.3
45a,2,0.3
38(α,2,0.3
επαναδιατυπώνει,2,0.3
140γ,2,0.3
140δ,2,0.3
12(η,2,0.3
μακροπροθέσμος,2,0.3
ενσωμάτο,2,0.3
32b,2,0.3
ανταπόδοση,2,0.3
προέλθει,2,0.3
3(α,2,0.3
επαναδιατυπωμένο,2,0.3
ετοίμων,2,0.3
επαναδιατυπωμένα,2,0.3
134(ε,2,0.3
προϋπολογιζόμενων,2,0.3
ανάλωση,2,0.3
108γ,2,0.3
105a.,2,0.3
αβάσιμος,2,0.3
ιδιόχρηση,2,0.3
53b,2,0.3
εκτροφή,2,0.3
ζωντανός,2,0.3
διηνεκή,2,0.3
κηπευτικός,2,0.3
ανθοκαλλιέργεια,2,0.3
ιχθυοκαλλιέργεια,2,0.3
λίπος,2,0.3
κερδώ,2,0.3
ανέγερση,2,0.3
οικοπέδου,2,0.3
επιδράσεών,2,0.3
βάρυναν,2,0.3
αποσβεστέος,2,0.3
περάσουν,2,0.3
42(β,2,0.3
επενδυμένα,2,0.3
μεδ-29,2,0.3
φυλακή,2,0.3
ενεργεί,2,0.3
εντολήν,2,0.3
γι,2,0.3
κρατήζω,2,0.3
αναγνωρίζονται,2,0.3
5(α,2,0.3
αντικαταστάσεων,2,0.3
στέγη,2,0.3
34a,2,0.3
αντάλλαξαν,2,0.3
22-31,2,0.3
επαναποκτηθέντα,2,0.3
προηγούμενοί,2,0.3
εξαναγκασμός,2,0.3
συνενωμένη,2,0.3
επαναγοράζει,2,0.3
πλειοψηφικός,2,0.3
ευθέτου,2,0.3
δημιουργηθείσες,2,0.3
επαναποκτηθέν,2,0.3
πωλήσεως,2,0.3
εσόδως,2,0.3
11.3.2010,2,0.3
10.9.2009,2,0.3
16.9.2009,2,0.3
προσανατολισμένης,2,0.3
1].άρθρο,2,0.3
593/2008,2,0.3
παράπονο,2,0.3
2003/6/εκ·,2,0.3
μεταβιβάσθηκε,2,0.3
γεγονότων·,2,0.3
υπηρέτηση,2,0.3
μεριδιούχο,2,0.3
ακέραιη,2,0.3
ουσιαστικοί,2,0.3
αρμοδιοτήτας,2,0.3
μοντέλα·,2,0.3
απορροφώντων,2,0.3
τροφοδοτικοί,2,0.3
ωσαύτως,2,0.3
έγγραφο·,2,0.3
προμήθεια·,2,0.3
συνεχισθούν,2,0.3
όρισαν,2,0.3
έγκριση·,2,0.3
αιτήσεως·,2,0.3
είδος·,2,0.3
επισυναπτόμενος,2,0.3
μικροεπενδυτών,2,0.3
προαναφερθήν,2,0.3
μεταπωλώ,2,0.3
αποσαφηνισθούν,2,0.3
απόκομμας,2,0.3
γενεσιουργό,2,0.3
αφορμή,2,0.3
πόρων·ς,2,0.3
έτη.»·,2,0.3
μηνών.»·,2,0.3
προλαμβάνο,2,0.3
αγορά.»·,2,0.3
μικρότερός,2,0.3
24γ,2,0.3
αντιτάχθηκε,2,0.3
26.1.2010,2,0.3
1998/26/εκ,2,0.3
παρουσιάστηκε,2,0.3
αισθητάς,2,0.3
τροποποιώντας,2,0.3
διαφανέστερη,2,0.3
διευθετήζω,2,0.3
κλίμακάς,2,0.3
υπερσυνδέσμους,2,0.3
μικτης,2,0.3
εδρασθεί,2,0.3
συνεργαώνσ,2,0.3
ακολουθητέες,2,0.3
εξεύρουν,2,0.3
οσαδήποτε,2,0.3
μορφό,2,0.3
θεμελιωμένος,2,0.3
συλλογικώς,2,0.3
διεκπεραιώσω,2,0.3
επικουρεί,2,0.3
ειδοποιήσουν,2,0.3
αρνώ,2,0.3
ανέδειξε,2,0.3
εξήγγειλε,2,0.3
ην,2,0.3
μέριμνας,2,0.3
11.11.2009,2,0.3
πολλοίς,2,0.3
συνυπάρχω,2,0.3
αποκλεισθούν,2,0.3
τουναντίον,2,0.3
αμοιβά,2,0.3
συμβολαιογράφος,2,0.3
πολλαπύς,2,0.3
μεσίτας,2,0.3
επέδειξε,2,0.3
βράχος,2,0.3
παραγγέλλει,2,0.3
ιθύνοντας,2,0.3
έθεταν,2,0.3
ανταγωνιστών,2,0.3
ενημερώσεως,2,0.3
επιβλαβείς,2,0.3
βλαπτικός,2,0.3
καταχωρισμένας,2,0.3
λονδίνο,2,0.3
προσήλωσή,2,0.3
περατωθούν,2,0.3
ευρωπαϊκοί,2,0.3
κατεβαίνω,2,0.3
ενσωματωμένης,2,0.3
τοιαύτη,2,0.3
βραχυχρονίως,2,0.3
ασφάλειες·,2,0.3
αρμόζων,2,0.3
καταλογίζομαι,2,0.3
αναγνωρισθούν,2,0.3
υλοποιούνται,2,0.3
περιουσιακή,2,0.3
αναθέσεις,2,0.3
επαναχρησιμοποιήθηκαν,2,0.3
προκυκλικός,2,0.3
εοχδ·,2,0.3
ασυμβίβαστης,2,0.3
απρογραμμάτιστα,2,0.3
αδειοδοτικός,2,0.3
κίνησε,2,0.3
εμφανισθεί,2,0.3
38·,2,0.3
καθεστώτων·,2,0.3
15.5.2009,2,0.3
23.3.2002,2,0.3
φέρνει,2,0.3
επαναγορών,2,0.3
συρρικνώνω,2,0.3
υποτονικός,2,0.3
περιλαμβανόμενοι,2,0.3
προθεσης,2,0.3
προωθησης,2,0.3
καταγωγης,2,0.3
εξάλειψή,2,0.3
αηηε,2,0.3
απόβλητο,2,0.3
εξασθενής,2,0.3
οικονομικώς,2,0.3
ασφαλέστερα,2,0.3
αξιολογηθεί,2,0.3
2006/66/εκ,2,0.3
συνεκτιμηθούν,2,0.3
ανακαίνισή,2,0.3
17].,2,0.3
πολεμικός,2,0.3
κλίμακας·,2,0.3
απεγκαθίστανται,2,0.3
volts,2,0.3
βοήθημα,2,0.3
φιλοσοφία,2,0.3
αυστηρής,2,0.3
σχετικά·,2,0.3
τεκμαίρουν,2,0.3
16.12.2009,2,0.3
26.9.2006,2,0.3
συμπαγής,2,0.3
t12,2,0.3
2012·,2,0.3
αλάτων,2,0.3
επαγωγικός,2,0.3
ηλεκτροδίου,2,0.3
μηχανουργικός,2,0.3
κολλήσεις,2,0.3
εξυπηρετητής,2,0.3
σηματοδοσία,2,0.3
πυκνωτών,2,0.3
αντιδιαβρωτικός,2,0.3
δακτύλιος,2,0.3
πυράκτωσης,2,0.3
επικαλυμμένο,2,0.3
ακτινοβόληση,2,0.3
σολάριουμ,2,0.3
φωσφορίζων,2,0.3
lcd,2,0.3
στεγανωτικός,2,0.3
γυάλινο,2,0.3
μεγάφωνο,2,0.3
ηλεκτρικοί,2,0.3
πηνίος,2,0.3
οξείδια,2,0.3
μm,2,0.3
διόδα,2,0.3
29.12.1969,2,0.3
μολύβδινα,2,0.3
φορητά,2,0.3
θειικός,2,0.3
φασματοσκοπία,2,0.3
υπεραγωγός,2,0.3
διακόπτας,2,0.3
ηλεκτρονόμος,2,0.3
απινιδωτής,2,0.3
εξαίρεσης·,2,0.3
20.3.2008,2,0.3
της·»·,2,0.3
ποία,2,0.3
εβδόμος,2,0.3
τετάρτος,2,0.3
αγγίξει,2,0.3
οδηγίας.»·,2,0.3
21γ,2,0.3
ακριβέστερης,2,0.3
άρθρο.»·,2,0.3
μήνες.»·,2,0.3
ποίων,2,0.3
αντενδείκνυται,2,0.3
αποφασίνω,2,0.3
συμμετοχών.»·,2,0.3
258·,2,0.3
ευάλωτους,2,0.3
συνδεδώνε,2,0.3
ακριβέστεροςς,2,0.3
εξελικτικός,2,0.3
μηνής,2,0.3
ευρω,2,0.3
υποχρεωτικα,2,0.3
επελέγη,2,0.3
έγκυρων,2,0.3
εκτενός,2,0.3
ενδοημερήσιες,2,0.3
ίσχυσε,2,0.3
ένωσης.1,2,0.3
κατονομαζόμενου,2,0.3
priori,2,0.3
πρωτεύονς,2,0.3
περιτροπής,2,0.3
πολιτικής·,2,0.3
14]·,2,0.3
16]·,2,0.3
απροσδόκητων,2,0.3
περιοδικότητα·,2,0.3
5.2)·,2,0.3
προτέρων·,2,0.3
προκατατεθεί,2,0.3
επιδιώξη,2,0.3
ανακοίνωσης,2,0.3
ανακοινωθούν,2,0.3
35].,2,0.3
38].,2,0.3
39].,2,0.3
δm–1,2,0.3
προσφορές·,2,0.3
χρέους)·,2,0.3
κατανεμόμενος,2,0.3
46].,2,0.3
αντιτάξιμος,2,0.3
—εν,2,0.3
δυνάμει—,2,0.3
49].,2,0.3
αυστηροί,2,0.3
sub-tranche,2,0.3
συνοφειλέτες,2,0.3
δεξαμενής,2,0.3
εμπιστευτικότητα·,2,0.3
συνομολοάγλω,2,0.3
a3,2,0.3
τοκοχρεολυτικός,2,0.3
συνάπτο,2,0.3
πιστωτή·,2,0.3
6.3.4,2,0.3
τίτλου.1ς,2,0.3
συνεχείς,2,0.3
συνεχών,2,0.3
εξοφλήσεως,2,0.3
υποβληθέντες,2,0.3
οκα·,2,0.3
παρατηρούμενου,2,0.3
εναρμονισμένα,2,0.3
χρεόγραφ,2,0.3
ταυτοποιήσιμα,2,0.3
αντιστρεπτέας,2,0.3
προκαταθέτουν,2,0.3
γνωστοποιηθέντων,2,0.3
άτοκος,2,0.3
τριπλασίου,2,0.3
προαναγγελλόμενος,2,0.3
αποκεντρώνω,2,0.3
διακανονίσουν,2,0.3
moody’s,2,0.3
first-best,2,0.3
δημοσιοποιάνω,2,0.3
παραπάνω·,2,0.3
καταβολών·,2,0.3
τελευταίου·,2,0.3
λύνω,2,0.3
ομοειδός,2,0.3
εξευρίσκω,2,0.3
εικοσιτετραώρους,2,0.3
υποκαταστήματά,2,0.3
τεκμαιρόμενου,2,0.3
υιοθέτησαν,2,0.3
b62b.,2,0.3
αναβαθμίσεων,2,0.3
60b,2,0.3
41b,2,0.3
58aς,2,0.3
απομείωσης·,2,0.3
αναδιάρθρωσης·,2,0.3
παγίων·,2,0.3
15-15γ,2,0.3
εποχικότητα,2,0.3
συχνότητά,2,0.3
νόμονς,2,0.3
ερείδω,2,0.3
πιθανότατα,2,0.3
προσυπογραφόμενος,2,0.3
15.»·,2,0.3
παραγράφου.»·,2,0.3
κοινότητος,2,0.3
παραπλανητική·,2,0.3
διευκολύνθηκε,2,0.3
απόφασή,2,0.3
εσκεμμένως,2,0.3
επιβαρυντικοί,2,0.3
38β,2,0.3
ενεργούσαν,2,0.3
6.10.1958ς,2,0.3
διορίτω,2,0.3
σύγχρονες,2,0.3
42b–42h,2,0.3
συνυφασμένοι,2,0.3
42e–42h,2,0.3
αγωγής·,2,0.3
αναγνωρίζονται·,2,0.3
αναφοράς)·,2,0.3
44λ,2,0.3
β29-β39,2,0.3
42ε-42η,2,0.3
42ε(ε,2,0.3
αναγνωριζόμενο,2,0.3
διέφεραν,2,0.3
επισκίασης,2,0.3
συνέστησαν,2,0.3
διασυνδεδεμένη,2,0.3
κωδίκα,2,0.3
επάγγελμά,2,0.3
παραπλανηθεί,2,0.3
ηλεκτρικής,2,0.3
φυσικού,2,0.3
απαρτιζόμενος,2,0.3
αλληλεπιδράση,2,0.3
εγκαταστάσεων·,2,0.3
εντολοδότης,2,0.3
υπαγορεύθηκε,2,0.3
διαδίδων,2,0.3
δημοσιογραφία,2,0.3
2009/73/εκ·,2,0.3
επαγγέλματός,2,0.3
απαριθμούμενο,2,0.3
αποσπάσματά,2,0.3
συγκεντρώζω,2,0.3
εντολέων,2,0.3
εντολής,2,0.3
συντονισμένο,2,0.3
εμπειρογνώμονες·,2,0.3
κοα,2,0.3
κίτρινες,2,0.3
κίτρινος,2,0.3
2014/2005,2,0.3
συνομοσπονδία,2,0.3
συνομοσπονδίας,2,0.3
κοινοπρακτούντης,2,0.3
αποσβέσιμων,2,0.3
sic-27,2,0.3
200917,2,0.3
κοσλοντούι,2,0.3
μόνιμοις,2,0.3
εντόπισαν,2,0.3
2003/49/εκ,2,0.3
2003/48/εκ,2,0.3
δικαιούχου·,2,0.3
20.8.1990,2,0.3
δρομολογήθηκε,2,0.3
85/611/εκ,2,0.3
σύγχωνευση,2,0.3
καταρτίζεται,2,0.3
όλονς,2,0.3
139/2004,2,0.3
περιπλέκω,2,0.3
industrial,2,0.3
προτίμησε,2,0.3
διαπίστωσαν,2,0.3
συμπλήρωσή,2,0.3
διαθετουν,2,0.3
εγκατεστημενοι,2,0.3
ανατρέξει,2,0.3
λύομαι,2,0.3
διαδόχου,2,0.3
παρανοήσεις,2,0.3
διαδόχους,2,0.3
αποδοτικότερος,2,0.3
ακεραιότητος,2,0.3
απορρίψουν,2,0.3
υπαίτιο,2,0.3
διευθυνόντος,2,0.3
άρθρων,2,0.3
δυσαρέσκεια,2,0.3
νεοεκδιδόμενος,2,0.3
μελετάται,2,0.3
συνολικώςς,2,0.3
επισημαίνει,2,0.3
συγχωνευθεί,2,0.3
οργάνωσής,2,0.3
ανάκριση,2,0.3
ενημερώνει,2,0.3
επιτρέπουσα,2,0.3
διάσωσή,2,0.3
κοινολόγησαν,2,0.3
αδιάβλητου,2,0.3
διαβιβασθούν,2,0.3
εντεταόμενλς,2,0.3
παρεμβαινόντων,2,0.3
εκπληρούται,2,0.3
απορρέοντος,2,0.3
29.1.2004,2,0.3
σύντομες,2,0.3
παρακρατήσεων,2,0.3
κλασμάτων,2,0.3
αποδόσεα,2,0.3
επανεπενδυόμενο,2,0.3
iιι,2,0.3
λήγουν·,2,0.3
κτάται,2,0.3
3][ποσά,2,0.3
2009/28,2,0.3
εκδοτρία,2,0.3
κοινοπρακτούντος,2,0.3
εξασκήσιμος,2,0.3
συμφωνήθηκαν,2,0.3
πληθωριστικός,2,0.3
δείξουν,2,0.3
αποτυχιών,2,0.3
ειδικεύομαι,2,0.3
διαφωνούσες,2,0.3
αποφάσεώς,2,0.3
ανεύρεση,2,0.3
θεσπιζόμενων,2,0.3
γνωμή,2,0.3
επιστώ,2,0.3
στηρίχθηκε,2,0.3
διαπραγματεύθηκε,2,0.3
αιτηση,2,0.3
υπογράφηκε,2,0.3
γαλλικη,2,0.3
ηνωμενο,2,0.3
βιέννη,2,0.3
εχοντας,2,0.3
συμβάλλλω,2,0.3
εκτελωνισμός,2,0.3
ελευθέρων,2,0.3
θησαυρών,2,0.3
αρχαιολογικός,2,0.3
αυθαίρετων,2,0.3
λειτουργια,2,0.3
επέκτασή,2,0.3
ενδοεπιχειρησιακώς,2,0.3
συμπράξει,2,0.3
εποπτεύομαι,2,0.3
παροχη,2,0.3
υπηρεσιος,2,0.3
μετατρεψιμότητα,2,0.3
facto,2,0.3
επιστημόνας,2,0.3
ανωτάτος,2,0.3
ερευνητός,2,0.3
ναυσιπλοΐα,2,0.3
αεροναυτιλία,2,0.3
ιδιωτικοποιήσεων,2,0.3
παθήσεων,2,0.3
ενώσεών,2,0.3
θεμιτές,2,0.3
δωροδοκία,2,0.3
πλαστογραφία,2,0.3
θυμάτων,2,0.3
λαθρεμπορίου,2,0.3
συγκροτούμενος,2,0.3
διαιτητής,2,0.3
εντάσεων,2,0.3
πανομοιότυπη,2,0.3
μεριμνούν,2,0.3
απολύω,2,0.3
αγαθών,2,0.3
πάγιο,2,0.3
9-11,2,0.3
χωριστά)·,2,0.3
β10α,2,0.3
β11δς,2,0.3
31-42,2,0.3
άλλοι,2,0.3
ενέπιπταν,2,0.3
7a,2,0.3
σύνθετου,2,0.3
260/2009,2,0.3
συρρίκνωση,2,0.3
μείωσαν,2,0.3
υπαρκτός,2,0.3
15072,2,0.3
lt-01104ς,2,0.3
bucurești,2,0.3
έκδοσης,2,0.3
απόσβεσή,2,0.3
αντιλογίζεται,2,0.3
χρυσό·,2,0.3
χρυσού·,2,0.3
ευρωσυστή,2,0.3
λογαριασμοί»)·,2,0.3
2]τα,2,0.3
b1–b4,2,0.3
130γ,2,0.3
ανακατατάσσονται,2,0.3
προέβαινε,2,0.3
υπολειπομένη,2,0.3
εξαρτωνται,2,0.3
19–21,2,0.3
b54,2,0.3
b60,2,0.3
τροποποιημένη,2,0.3
άρχιζαν,2,0.3
μετόχους,2,0.3
43a–43γ,2,0.3
43γ,2,0.3
b55,2,0.3
b61,2,0.3
δ8α,2,0.3
δ9α,2,0.3
δ21α,2,0.3
δ21,2,0.3
ε3,2,0.3
44ζ,2,0.3
προειδοποιήση,2,0.3
ενημερωμένοι,2,0.3
πραγμά,2,0.3
προηγούμενες,2,0.3
διαμορφωμένο,2,0.3
χαρακτήρεςς,2,0.3
αποσπά,2,0.3
επισκιάζω,2,0.3
α-4,2,0.3
ευρειών,2,0.3
σαφέστερα,2,0.3
χρεώθηκε,2,0.3
αντληθούν,2,0.3
αντλήζω,2,0.3
παρατίθεται,2,0.3
μεγεθύνω,2,0.3
βεβαιωθούν,2,0.3
κοινοποιηση,2,0.3
μεριδιων,2,0.3
προσκομισθεί,2,0.3
εξαιρέσεων·,2,0.3
συζεί·,2,0.3
εργαζόμενους·,2,0.3
μη)·,2,0.3
τεκμηριωθούν,2,0.3
εξαλείπτω,2,0.3
υποθέσει,2,0.3
υπουργικό,2,0.3
ακίνητη,2,0.3
11.1.2011,2,0.3
στέρεου,2,0.3
συσσωματώνεται,2,0.3
επεισοδίων,2,0.3
επωμιστούν,2,0.3
δόλο,2,0.3
υπογράφει,2,0.3
συνεταιριστικών,2,0.3
κεντρικών,2,0.3
αρχαιότητα,2,0.3
διευθύνουσα,2,0.3
χρηστων,2,0.3
εισηγούνται,2,0.3
εκδηλούμενες,2,0.3
ενάσκηση,2,0.3
φιλοξενούμενος,2,0.3
επίκαιρα,2,0.3
γραμματής,2,0.3
2012/25,2,0.3
αποκλιμακούμενος,2,0.3
τοκομερίδιος,2,0.3
notes,2,0.3
6.2.3.2,2,0.3
ανωμαλιών,2,0.3
απέσυρε,2,0.3
ιδιομορφιών,2,0.3
τάξεων,2,0.3
φορτώθηκαν,2,0.3
nd7,2,0.3
nd1,2,0.3
διαβιβάσεως,2,0.3
παρέμβουν,2,0.3
τηροόμενυς,2,0.3
δηλωτικός,2,0.3
πληροφορημένος,2,0.3
εκδοθής,2,0.3
διαρκή,2,0.3
1287/2006·,2,0.3
αποτελέσματος·,2,0.3
εικοσιτετραώρου,2,0.3
κοινοποιηθείσας,2,0.3
17.3.2011,2,0.3
185γ,2,0.3
2913/92,2,0.3
πιστοποιήσεις,2,0.3
θειωδών,2,0.3
απλοποιηθεί,2,0.3
χυμός,2,0.3
σταφύλιο,2,0.3
οινοποιήσιμος,2,0.3
αποστολή·,2,0.3
μηχανοργανωμένου,2,0.3
14.1.2009,2,0.3
βυτιοφόρος,2,0.3
πλοίος,2,0.3
δεμάτων,2,0.3
δέμα,2,0.3
datum,2,0.3
λεττονικός,2,0.3
607/2009·,2,0.3
koristamise,2,0.3
πρακτικοί,2,0.3
118.z,2,0.3
esetében,2,0.3
évét,2,0.3
vagy,2,0.3
récolte,2,0.3
da(s,2,0.3
protégée,2,0.3
αμελητέοςς,2,0.3
κατάρτισης·,2,0.3
υποβαλλόμενας,2,0.3
υλοτομημένος,2,0.3
ξυλείας·,2,0.3
διαλαμβάνω,2,0.3
αγγίττω,2,0.3
τί,2,0.3
μόνο·,2,0.3
στρογγυλευμένο,2,0.3
χρεους,2,0.3
827/2012,2,0.3
διαθεσιμοτητα,2,0.3
διακανονισμο,2,0.3
put,2,0.3
31ης,2,0.3
στρογγυλοποιημένος,2,0.3
καταστρατηγήζω,2,0.3
εναν,2,0.3
περισσοτερους,2,0.3
συνημμένους,2,0.3
α.2,2,0.3
χαρακτηριζόταν,2,0.3
εγγίζω,2,0.3
ποσοστιαίου,2,0.3
αναστολη,2,0.3
περιορισμων,2,0.3
μοχλευμένου,2,0.3
κατάλληλου,2,0.3
μοναδικός·,2,0.3
ουδέτερος·,2,0.3
κλιμακώσιμος·,2,0.3
πίστωση·,2,0.3
ομοιάζω,2,0.3
ασφαλιστική,2,0.3
2003/41/εκ·,2,0.3
συναλλακτική,2,0.3
6ψήφιος,2,0.3
εισέπραξε,2,0.3
10d,2,0.3
μαλακά,2,0.3
απαντήζω,2,0.3
κατέβαλαν,2,0.3
διαχειριζόταν,2,0.3
συνοψιστεί,2,0.3
συμβατάς,2,0.3
παρουσια,2,0.3
gil,2,0.3
επιλεκτικοί,2,0.3
22].,2,0.3
επιζήμιου,2,0.3
δικαιολογημενη,2,0.3
εμπιστοσυνη,2,0.3
σύννομη,2,0.3
1.10.2009,2,0.3
εντάχθηκε,2,0.3
κριτήρια·ς,2,0.3
409/00,2,0.3
27.9.2006,2,0.3
445/05,2,0.3
vlaamse,2,0.3
173/73,2,0.3
17b,2,0.3
συνεκδικαζόμενες,2,0.3
169/95,2,0.3
álava,2,0.3
regierung,2,0.3
σύννομος,2,0.3
ουσίας,2,0.3
ενισχύσεως,2,0.3
επιμελής,2,0.3
επικαλεστεί,2,0.3
πρός,2,0.3
καλύπτει,2,0.3
10.9.2011,2,0.3
αντιλήψη,2,0.3
εποπτεύων,2,0.3
απόψεών,2,0.3
παρεχομένος,2,0.3
αμύνη,2,0.3
94/45/εκ,2,0.3
2001/86/εκ,2,0.3
εξαργύρωση,2,0.3
συνόλω,2,0.3
μειοψηφούντων,2,0.3
τερματισθεί,2,0.3
φραγμή,2,0.3
27)·,2,0.3
ενισχυμένης,2,0.3
κυμαινομένου,2,0.3
απομόχλευση,2,0.3
1&2,2,0.3
εντέλλω,2,0.3
αl,2,0.3
φαντεζί,2,0.3
αναπτήρων,2,0.3
μειώω,2,0.3
γύρου,2,0.3
πολυμερές,2,0.3
δπ,2,0.3
διαστρεβλώνω,2,0.3
13.6.2012,2,0.3
31.7.2012,2,0.3
συγκροτεί,2,0.3
εξυγιαώνν,2,0.3
εύτακτο,2,0.3
αποφεύγο,2,0.3
βιώσιμη,2,0.3
εισπραττόμενος,2,0.3
αλόγιστος,2,0.3
ενθάρρυνε,2,0.3
ριψοκίνδυνος,2,0.3
εποικοδομητικός,2,0.3
προσλήψεων,2,0.3
επιτυχόντος,2,0.3
δεσμεύθηκαν,2,0.3
αποζημιώσεως,2,0.3
κατατομή,2,0.3
αναμένεται,2,0.3
οργανισμών,2,0.3
εφαρμογής,2,0.3
wohnungsgemeinnützigkeitsgesetz,2,0.3
στεγαστικοί,2,0.3
hoiu-laenuühistud,2,0.3
izvozna,2,0.3
teollisen,2,0.3
yhteistyön,2,0.3
rahasto,2,0.3
för,2,0.3
industriellt,2,0.3
administrations,2,0.3
παρομοίων,2,0.3
πληροφορώνη,2,0.3
προστατευτική,2,0.3
ελεύθερη,2,0.3
συγκατατίθενται,2,0.3
οργανώζω,2,0.3
σιωπή,2,0.3
προστατεύζω,2,0.3
σχέσεις,2,0.3
τρίτες,2,0.3
κρατουσ,2,0.3
μελουσ,2,0.3
επιμένω,2,0.3
ρυθμίω,2,0.3
γνώσιν,2,0.3
κηρύχθηκε,2,0.3
ιδρυματος,2,0.3
αρχεσ,2,0.3
ληξιπρόθεσμη,2,0.3
ελλείμματα,2,0.3
προνοητικός,2,0.3
διευθύνοντος,2,0.3
εισπραττόμενες,2,0.3
αφιέρωση,2,0.3
υπεράκτια,2,0.3
αναθεωρεί,2,0.3
πακέτα,2,0.3
πληθώρα,2,0.3
εκτίθεμαι,2,0.3
σώματα,2,0.3
μέτρησης,2,0.3
δοικητικός,2,0.3
διαπιστωμένων,2,0.3
επανακαθορίσει,2,0.3
προσδιορίζοντάς,2,0.3
ονόματά,2,0.3
επικρατούντος,2,0.3
δημοσιεύοντάς,2,0.3
συντονισθεί,2,0.3
εξόδας,2,0.3
μόνης,2,0.3
"1,875",2,0.3
συντομός,2,0.3
5.5.2001,2,0.3
αναγνωριση,2,0.3
εισπράξεως,2,0.3
106(2,2,0.3
ενδέκατο,2,0.3
μονιστικός,2,0.3
βαθμονομημένο,2,0.3
διαιρεμένο,2,0.3
προβληθούν,2,0.3
αποθετήριος,2,0.3
επέλεξαν,2,0.3
αποθετηρίων,2,0.3
iii)·»·,2,0.3
κατώτερων,2,0.3
αποθήκευσή,2,0.3
μεγαλύτερο·,2,0.3
30.3.2012,2,0.3
22.5.2012,2,0.3
78.,2,0.3
16.6.2012,2,0.3
εισάγει,2,0.3
επιλέττω,2,0.3
ροή·,2,0.3
—εφόσον,2,0.3
ομίλου—,2,0.3
ολοσχερής,2,0.3
δυνατή·,2,0.3
21.12.2011,2,0.3
14.7.2012,2,0.3
ημερολογίου,2,0.3
πλαισια,2,0.3
3)ν,2,0.3
ομιλων,2,0.3
1][αγαπητέ,2,0.3
αγαπητή,2,0.3
γνωστοποιούμε,2,0.3
έτους]·,2,0.3
εκτεταμένη,2,0.3
επιστολής].,2,0.3
γεω,2,0.3
φιλόδοξη,2,0.3
προληφθούν,2,0.3
υπογραμμιστεί,2,0.3
δυσχερώς,2,0.3
επανορθώσιμος,2,0.3
αμέσου,2,0.3
ομοειδέςς,2,0.3
ομοειδούς,2,0.3
επιδείνωση·,2,0.3
επικείμενη·,2,0.3
επικείμενες·,2,0.3
απομακρυσμένες,2,0.3
παραχωρήσεων,2,0.3
δασμών·,2,0.3
συνθηματικός,2,0.3
παράτασή,2,0.3
διέρχεται,2,0.3
349,2,0.3
κοινολογηθεί,2,0.3
εκτελεστικοι,2,0.3
εκτελεστικοί,2,0.3
απομακρυσμένου,2,0.3
νησιωτικός,2,0.3
κόστα,2,0.3
ονδούρα,2,0.3
παναμάς,2,0.3
έδωσε,2,0.3
1.1.2020,2,0.3
αυτεπάγγελτης,2,0.3
ιso,2,0.3
11783,2,0.3
t4.2,2,0.3
εξοπλιώνσ,2,0.3
"3,0·",2,0.3
εγκριθεί·,2,0.3
δοκός,2,0.3
καύσεως,2,0.3
οχήματος)·,2,0.3
μεταλλαγή,2,0.3
στάση·,2,0.3
ακμές,2,0.3
ρήξη,2,0.3
εργονομία,2,0.3
περιλαμβανομένη,2,0.3
διεξαγωγη,2,0.3
εξουσιοδοτημένο(-ας,2,0.3
υπογράφει(-ουν,2,0.3
προσαρτά,2,0.3
εργασιακής,2,0.3
επιλύζω,2,0.3
εξαρτήματο,2,0.3
νόμους,2,0.3
επισκευης,2,0.3
συντηρησης,2,0.3
καρτέλα,2,0.3
επιδιορθώσεων,2,0.3
καλωδιώσεων·,2,0.3
αξιολογηθέντων,2,0.3
διαπιστευμένες,2,0.3
ορίνω,2,0.3
ζητάω,2,0.3
διορθωτικά,2,0.3
απέκλιναν,2,0.3
77/537/εοκ,2,0.3
87/402/εοκ,2,0.3
2009/68/εκ,2,0.3
27.9.1976,2,0.3
29.8.1977,2,0.3
28.7.1980,2,0.3
26.8.1986,2,0.3
01·,2,0.3
μειονεκτημάτων,2,0.3
επίκαιρων,2,0.3
θεμιτού,2,0.3
93/30/εοκ,2,0.3
93/93/εοκ,2,0.3
κατηγοριοποιούνται,2,0.3
κατασκευάστηκαν,2,0.3
αυτοεξισορροπούμενος,2,0.3
αναβάτης,2,0.3
τροχού·,2,0.3
ενεργοποιούμενο,2,0.3
εξάτμισης·,2,0.3
σαρωνόμενος,2,0.3
εκφραζόμενων,2,0.3
υδρογονανθράκων,2,0.3
ποδηλάτων,2,0.3
σασί,2,0.3
άνυδρος,2,0.3
βουτάνιο,2,0.3
βιοαέριο,2,0.3
πετρελαίου·,2,0.3
καθημένου,2,0.3
τρίκυκλων,2,0.3
ελαφρία,2,0.3
βαρία,2,0.3
δίκυκλη,2,0.3
1e,2,0.3
στρόβιλος,2,0.3
προσυμπιεσμένο,2,0.3
γεμάτος,2,0.3
υπο-)κατηγορίος,2,0.3
χιλιομέτρο,2,0.3
εξοπλιστούν,2,0.3
αγωνιστικός,2,0.3
ορισθείσας,2,0.3
καμιάς,2,0.3
προβλώ,2,0.3
προηγμένου,2,0.3
29.7.1993,2,0.3
a2,2,0.3
αποκτήθηκαν,2,0.3
καταθέζω,2,0.3
κυριαρχήζω,2,0.3
προκαλούμενης,2,0.3
αβέβαιη,2,0.3
χρονιστής,2,0.3
μεταβιβαζόντος,2,0.3
δομούνται,2,0.3
επανασυσκευασμένων,2,0.3
παρανοήσεων,2,0.3
ανάδοχους,2,0.3
εμπλεκομένος,2,0.3
επίπτωσή,2,0.3
επαναχρησιμοποιώνη,2,0.3
ενδεδειγμένης,2,0.3
βημάτος,2,0.3
ομαδοποιώνη,2,0.3
ομαδοποιηθούν,2,0.3
αποβούν,2,0.3
ιδιόκτητων,2,0.3
εξωτερικώςς,2,0.3
εσωτερικώς,2,0.3
συχνότερος,2,0.3
επιλυθεί,2,0.3
επανυπολογίζει,2,0.3
—βάσει,2,0.3
εξόδου·,2,0.3
διευθετηθεί,2,0.3
εγκρίνονται,2,0.3
καταρράκτης,2,0.3
εύτακτα,2,0.3
δεσμούς·,2,0.3
επικύρωσή,2,0.3
ενδείκνυτο,2,0.3
εύλογες,2,0.3
πέρασμα,2,0.3
αποτιμήζω,2,0.3
συμφωνητικός,2,0.3
δαπανών·,2,0.3
ανεντιμότητα,2,0.3
προφανός,2,0.3
υπευθύνους,2,0.3
στρατηγικών·,2,0.3
μαθαίνω,2,0.3
δίκαιο·,2,0.3
εντοπισμού,2,0.3
διαβιβάζονται,2,0.3
μάθει,2,0.3
βεβαιώνομαι,2,0.3
κλάδου·,2,0.3
ταραχή,2,0.3
συγκριμένος,2,0.3
οφειλόμενο,2,0.3
παράτυπος,2,0.3
ασφαλισμένα,2,0.3
προσαρμοζόμενος,2,0.3
τετράγωνο,2,0.3
μεταβλητότηταt·,2,0.3
μετατραπείσα,2,0.3
συμψηφισμένο,2,0.3
διαστημάτων,2,0.3
οικιστικά,2,0.3
αργό,2,0.3
ανωτέρω·,2,0.3
απαντήσατε,2,0.3
εγγραφές,2,0.3
στρατηγικής,2,0.3
συμβάλλει,2,0.3
ονομαζόμενου,2,0.3
μοχλευμένας,2,0.3
εμβληματικός,2,0.3
πράσινος,2,0.3
προσδιορισμου,2,0.3
συμβεβλημένας,2,0.3
διοικητικη,2,0.3
συγκροάτλω,2,0.3
αντιτώνε,2,0.3
αναδύω,2,0.3
βοηθώντας,2,0.3
οικοσυστήματος,2,0.3
μεταγενεστέρως,2,0.3
περιθωριοποιημένα,2,0.3
κοινωνικώς,2,0.3
αντικτύπων,2,0.3
κρατούμενος,2,0.3
ελευθερωθούν,2,0.3
υποτροπή,2,0.3
αποεπενδύσεων,2,0.3
προτίθεται,2,0.3
επανεξεταώνσ,2,0.3
δυσχεράνω,2,0.3
υπονομέυομαι,2,0.3
αιτιώδους,2,0.3
αμβλυνθούν,2,0.3
νω,2,0.3
απερίφραστος,2,0.3
ι)·,2,0.3
δελτίων.»·,2,0.3
μέτοχοί,2,0.3
τδλ,2,0.3
συνομολογεί,2,0.3
παραβίαζε,2,0.3
σχηματίω,2,0.3
χαρτογραφήσεις,2,0.3
35ας,2,0.3
εισηγηθεί,2,0.3
αξιολόγησης·»·,2,0.3
θεμιτοί,2,0.3
κοινοβουλιος,2,0.3
συμβουλιου,2,0.3
ισχυρότερα,2,0.3
"0,7619",2,0.3
επανείσπραξη,2,0.3
επιδείσσω,2,0.3
αξιοσημείωτος,2,0.3
ταυτοποιήσιμος,2,0.3
ευκαιριών,2,0.3
υψηλότεροι,2,0.3
2009/111/εκ,2,0.3
γενικότερο,2,0.3
πληγούν,2,0.3
αθέλητος,2,0.3
μεταχειρίσεων,2,0.3
αναλύζω,2,0.3
προστατευτούν,2,0.3
εναντιώνω,2,0.3
ευθέτως,2,0.3
ποσοτικοποιήσιμα,2,0.3
μερισμός,2,0.3
ισόποση,2,0.3
προσαυξημένος,2,0.3
εμπορευσιμότητάς,2,0.3
ούσα,2,0.3
αξιοποιείται,2,0.3
απρόσφορος,2,0.3
εκκαθάρισής,2,0.3
προτέρως,2,0.3
εξαιρεσεις,2,0.3
εναλλακτικες,2,0.3
διευθετήσεών,2,0.3
σταματήσουν,2,0.3
εκδιδονται,2,0.3
εκπεφρασμένο,2,0.3
υπολογισμένα,2,0.3
προσδιορισμένας,2,0.3
συχνοτήτο,2,0.3
ανατιμούν,2,0.3
αντικατοπτριστώ,2,0.3
464,2,0.3
αποχωρήσουν,2,0.3
αναπτυξιακή,2,0.3
εξ’όσων,2,0.3
κατοικηθούν,2,0.3
εκμισθώνονται,2,0.3
εκμισθωθούν,2,0.3
δανειζομένου,2,0.3
ναυτικός,2,0.3
πλοίου,2,0.3
προνομίου,2,0.3
θησαυροφυλάκιο,2,0.3
εαεπ,2,0.3
διακριτών,2,0.3
elbe,2,0.3
συναθροίζω,2,0.3
αντιθετικός,2,0.3
αθέτησησς,2,0.3
τρίτο,2,0.3
προπληρωμένου,2,0.3
μισθώνω,2,0.3
"0,09",2,0.3
ακυρώσει,2,0.3
μείωσή,2,0.3
πειστικός,2,0.3
ταξινομήση,2,0.3
εκτιμηθείσες,2,0.3
επάρκειάς,2,0.3
ισχύι,2,0.3
υπερβάλλων,2,0.3
επιτυγχανόμενος,2,0.3
συναλλαγή(-ές,2,0.3
μακρός,2,0.3
εκμισθώνεται,2,0.3
κανονισμού,2,0.3
αντεγγύησης,2,0.3
ενεχυριασθεί,2,0.3
εκμισθούμενου,2,0.3
παλαιότητα,2,0.3
υπερεκτίμηση,2,0.3
οφειλόμενες,2,0.3
χαρακτηριζόμενος,2,0.3
πωλούμαι,2,0.3
πιστοδοτήσης,2,0.3
αναπροσαρμόζουν,2,0.3
αρχάς,2,0.3
n-1,2,0.3
ορίου,2,0.3
ανακυκλώνω,2,0.3
έλευση,2,0.3
πώλησε,2,0.3
στού,2,0.3
1/c1,2,0.3
kirbr,2,0.3
ονοματικός,2,0.3
t.,2,0.3
εμπίπτοντος,2,0.3
αγοραίων,2,0.3
μεταβλητότητες,2,0.3
μεταβλητότητος,2,0.3
διήρκεσαν,2,0.3
προσδιοριστεί,2,0.3
πραγματεύω,2,0.3
296,2,0.3
πολλαπλασιαστούν,2,0.3
πηλίκο,2,0.3
295,2,0.3
βαθμωτής,2,0.3
308,2,0.3
εξακολουθήσω,2,0.3
ποιοτικά,2,0.3
ταυτόσημων,2,0.3
ατελός,2,0.3
επανατιμολόγηση,2,0.3
si,2,0.3
προεξοφλείται,2,0.3
δανειοδοτούντος,2,0.3
υποκαθίστανται,2,0.3
μέγεθοςκαι,2,0.3
υπαγάγω,2,0.3
διευκολύνση,2,0.3
λιανικήςπου,2,0.3
επανεκχωρήνω,2,0.3
427,2,0.3
433,2,0.3
δημοσιοποιήσεων,2,0.3
αποθέματός,2,0.3
αι,2,0.3
πρόωρες,2,0.3
τιτλοποιηθώ,2,0.3
μεγεθά,2,0.3
αντιμετωπίζονταν,2,0.3
αδιάψευστος,2,0.3
διαπιστωθέν,2,0.3
επανεξετασεις,2,0.3
κυμαινόμενοςς,2,0.3
απαλλάξουν,2,0.3
δικαιολογούνταν,2,0.3
δανείζομαι,2,0.3
πλαισία,2,0.3
14γ,2,0.3
406,2,0.3
μετοχικων,2,0.3
αξίαν,2,0.3
πληρεί,2,0.3
συνελθόντων,2,0.3
ευρωμεσογειακής,2,0.3
παράγραφος7,2,0.3
αναλογικό,2,0.3
ακγ,2,0.3
26ας,2,0.3
στατιστικων,2,0.3
ωφελήμα,2,0.3
δευτερο,2,0.3
πραγματικος,2,0.3
σύνολα)·,2,0.3
β85α,2,0.3
β85ε,2,0.3
b85a,2,0.3
β85β,2,0.3
εκδότριές,2,0.3
αόριστης,2,0.3
της)·,2,0.3
β85ια,2,0.3
β85κγ,2,0.3
β101,2,0.3
γ3,2,0.3
δ16,2,0.3
δ17,2,0.3
ε6–ε7,2,0.3
68γ,2,0.3
θυγατρική·,2,0.3
11α–11β,2,0.3
18γ–18στ,2,0.3
18γ–18ζ,2,0.3
γ7ς,2,0.3
βιέννης,2,0.3
παρασκευάσμα,2,0.3
σέβω,2,0.3
αποθηκευτούν,2,0.3
κτηνιατρεία,2,0.3
13βς,2,0.3
ουσιών»·,2,0.3
νορεφεδρίνης,2,0.3
4468-48-8»·,2,0.3
26.1.2005,2,0.3
υποκατηγορια,2,0.3
φαινυλοξικό,2,0.3
ανθρανιλικό,2,0.3
πιπεριδίνη,2,0.3
ισομερός,2,0.3
εύχρηστα,2,0.3
εμπόριό,2,0.3
διασαφήσεις,2,0.3
εκτελωνιστής,2,0.3
μετακινήσεις,2,0.3
διοχετευθούν,2,0.3
μεσάζοντος,2,0.3
υπότιτλος,2,0.3
φάρμακα,2,0.3
γεγονός(-τα,2,0.3
ορίστε,2,0.3
γράψτε,2,0.3
επίπεδο(-α,2,0.3
υπο)ενοποιημένο,2,0.3
προβλέψιμες,2,0.3
λήχω,2,0.3
κοινωνικού,2,0.3
134049037,2,0.3
δοκιμες,2,0.3
κανονική,2,0.3
ψυχόμενοςς,2,0.3
εκκέντρου,2,0.3
μητρικού,2,0.3
συς,2,0.3
θερμή,2,0.3
1τος,2,0.3
ονομαστική(-ές,2,0.3
ταχύτητα(-ες,2,0.3
789-1:1990,2,0.3
nrtc/etc/whtc,2,0.3
υγραέρια,2,0.3
ασφαλτοστρωμένος,2,0.3
τοποθετημένο(-α,2,0.3
ακαμψία,2,0.3
κολώνα,2,0.3
ερ,2,0.3
απελευθερώνομαι,2,0.3
ατμόσφαιρα·,2,0.3
στοίβη,2,0.3
καλωδιώσεων,2,0.3
σκληρότητα,2,0.3
ακροφύσιο,2,0.3
εξήλθε,2,0.3
φωτός·,2,0.3
φωτισμού·,2,0.3
έμπροσθεν,2,0.3
χιονόπτωση,2,0.3
καταιγίδα,2,0.3
νέφος,2,0.3
σκόνης·ς,2,0.3
όπισθεν·,2,0.3
πλευρικά·,2,0.3
τετράγωνος,2,0.3
μορφολογία,2,0.3
διαμήκων,2,0.3
κατακόρυφων,2,0.3
αναδιπλούμενος,2,0.3
καθισμάτων·,2,0.3
ακουμπώ,2,0.3
όδευση,2,0.3
εμπρόσθιας,2,0.3
5ος,2,0.3
κύκλο·,2,0.3
τροχών·,2,0.3
εκκεντρότητα,2,0.3
πλήμνη,2,0.3
κάθετων,2,0.3
προσκέφαλο,2,0.3
θύρας·,2,0.3
κατασκευαστων,2,0.3
δοκιμαστούν,2,0.3
εξοφλητέος,2,0.3
απορροφητικότητα,2,0.3
ασήμαντο,2,0.3
wirtschaftsgenossenschaften,2,0.3
osuuskuntamuotoisista,2,0.3
av,2,0.3
συνεταιριστική,2,0.3
banche,2,0.3
spkg,2,0.3
österreichischen,2,0.3
ισχύουσες,2,0.3
συμβατικών,2,0.3
φιλοδοξία,2,0.3
δυσκολεύομαι,2,0.3
ανηλίκος,2,0.3
ευρύτερο,2,0.3
πολιτικής,2,0.3
υψηλόβαθμα,2,0.3
ταξιδιού,2,0.3
αρμοδιότητής,2,0.3
συναντήσεων,2,0.3
ιστοτόπων,2,0.3
γραμματισμός,2,0.3
τοκίζω,2,0.3
sμρ,2,0.3
20.5.2010,2,0.3
επιδεικνύεται,2,0.3
άφιξη,2,0.3
αυθαίρετης,2,0.3
ενωσιακες,2,0.3
εύφλεκτο,2,0.3
βόμβα,2,0.3
συναρμολογημένος,2,0.3
φωτοβολίδα,2,0.3
πιστόλιο,2,0.3
quick-match,2,0.3
εκρηκτικοί,2,0.3
0254,2,0.3
βομβίδες,2,0.3
εκτοξεύω,2,0.3
φυσιγγίο,2,0.3
κανόνι,2,0.3
πυροτεχνήματα,2,0.3
σχεδιασμένα,2,0.3
δοκιμαστικά,2,0.3
σφαίρα,2,0.3
πυροτεχνικά,2,0.3
νερό·,2,0.3
ανάφλεξης·,2,0.3
πυροδοτήσεως,2,0.3
εγκαιροφλεγών,2,0.3
πυροκροτητών,2,0.3
αξιόπιστα·,2,0.3
χύτευση,2,0.3
επαληθεύει,2,0.3
κλείεται,2,0.3
θολωτός,2,0.3
πυθμένες,2,0.3
ραδιενέργειας·,2,0.3
δοχειων,2,0.3
όλκιμα,2,0.3
ψαθυρή,2,0.3
χάλυβεςς,2,0.3
κυρτός,2,0.3
επιλεγέντης,2,0.3
διαμήκης,2,0.3
παραγωγήσ,2,0.3
ενδειξεις,2,0.3
tmin,2,0.3
παραδιδόμενος,2,0.3
ραδιοερασιτεχνικός,2,0.3
ακίνδυνος,2,0.3
1592/2002,2,0.3
2004/36/εκ,2,0.3
ραδιοεπικοινωνιών,2,0.3
διαταραχή·,2,0.3
προερχόμενη,2,0.3
πληρεξουσίο,2,0.3
ατρωσίας,2,0.3
νόμιμης,2,0.3
τυπώνω,2,0.3
καράτι,2,0.3
λίθων,2,0.3
απόβαρου,2,0.3
2]n,2,0.3
επικλινός,2,0.3
θερμοκρασιακός,2,0.3
3.2·,2,0.3
στ1,2,0.3
προσθετικός,2,0.3
90/384/εοκ,2,0.3
επικαλούμενα,2,0.3
εμποροπανηγύρεις,2,0.3
τομεακήςς,2,0.3
επιδρώντος,2,0.3
διερχόμενος,2,0.3
ιμάντες,2,0.3
εκκινητής,2,0.3
υδρατμών,2,0.3
δέοντος,2,0.3
ανάγκην,2,0.3
εσωτερικου,2,0.3
μορφοτροπέα,2,0.3
ac,2,0.3
αποθηκευτεί,2,0.3
μετρηθέν,2,0.3
q1,2,0.3
ανάγεται,2,0.3
ανοιγμένη,2,0.3
itr,2,0.3
διαταραχές,2,0.3
μηδενιώνσ,2,0.3
θερμαγωγός,2,0.3
δθmin,2,0.3
υπερπίεση,2,0.3
qi,2,0.3
αναγραφές,2,0.3
υγρών,2,0.3
ρέει,2,0.3
εμπ,2,0.3
ανοιγμένος,2,0.3
εmin,2,0.3
διαφέρουν,2,0.3
πόσιμος,2,0.3
ιξώδεςς,2,0.3
εκ)φόρτωση,2,0.3
βυτιοφόρων,2,0.3
γεμίζω,2,0.3
ασυνεχούς,2,0.3
σιδηροτροχιά,2,0.3
αυτόματες,2,0.3
y(i,2,0.3
y(ii,2,0.3
ref(x,2,0.3
ημιαυτόματος,2,0.3
ιμαντοζυγιστής,2,0.3
βαγονιών,2,0.3
μες,2,0.3
διαιρούμενου,2,0.3
21.2.1976,2,0.3
νύχτα,2,0.3
ρολόι,2,0.3
βυθομετρικός,2,0.3
ακανόνιστος,2,0.3
υφάσματος,2,0.3
τραπέζι,2,0.3
υδρογονάνθρακες,2,0.3
hpa,2,0.3
κορεσμός,2,0.3
μονοφασικός,2,0.3
διαθέσιμοι·,2,0.3
εργασίες·,2,0.3
φρεάτων,2,0.3
εγκαταστατής,2,0.3
απόφαση(-εις,2,0.3
προσαρτημένη,2,0.3
νομοθεσίας·,2,0.3
7.9.1995,2,0.3
2010/48/εκ,2,0.3
27.1.2010,2,0.3
κινητήρια,2,0.3
αντίβαρα,2,0.3
συνδεσμολογία,2,0.3
κλειστής,2,0.3
επιβαίνω,2,0.3
ρύθμιση·,2,0.3
οργανισμός·,2,0.3
υπογραφής·,2,0.3
προσκρουστήρες,2,0.3
σχεδιαγραμμάτο,2,0.3
ταυτοποίησή,2,0.3
3.5·,2,0.3
3.3·,2,0.3
εργοτάξια,2,0.3
εε—,2,0.3
εναποθήκευση,2,0.3
εκρήξιμων,2,0.3
ουσιών·,2,0.3
ποντοπόρας,2,0.3
αεροπορικά,2,0.3
έκρηξη·,2,0.3
υπόγεια,2,0.3
επιδείξεων,2,0.3
χρησιμοποίησή,2,0.3
αγαθών·,2,0.3
εκδηλωθούν,2,0.3
ατμοσφαιρών,2,0.3
ακίνδυνα,2,0.3
υποβαθμίσουν,2,0.3
άδειασμα,2,0.3
αποθέσεις,2,0.3
επαφή·,2,0.3
περιοριστών,2,0.3
φορτίσεις,2,0.3
φραγή,2,0.3
όλως,2,0.3
ατμόσφαιρος,2,0.3
2.1.2.2,2,0.3
2.2.1.3,2,0.3
επικινδύνων,2,0.3
κατασκευαόμενσς,2,0.3
94/9/εκ,2,0.3
κατασκευασθεί,2,0.3
ηλεκτρολογικου,2,0.3
υλικου,2,0.3
μηχανημάτο,2,0.3
διαύγεια,2,0.3
τηλεφωνία,2,0.3
2008/63/εκ,2,0.3
ραδιοπροσδιορισμός,2,0.3
2014/35/εε,2,0.3
πομπός,2,0.3
ραδιοκυμάτων,2,0.3
παρακείμενων,2,0.3
διασυνεργασία,2,0.3
συνδρομητών,2,0.3
συνεπάγεμαι,2,0.3
σχέδιά,2,0.3
2007/344/εκ,2,0.3
εκθέτης,2,0.3
ραδιοεξοπλισμός·,2,0.3
διαλειτουργώ,2,0.3
ραδιοδιεπαφών,2,0.3
14.11.2012,2,0.3
ραδιοερασιτέχνες·,2,0.3
εικόνων,2,0.3
σχημάτο,2,0.3
κουρκουλας,2,0.3
πλακός,2,0.3
απέδιδε,2,0.3
ns,2,0.3
ιόντων·,2,0.3
στοίβα,2,0.3
επινοώ,2,0.3
φορητής,2,0.3
έντονας,2,0.3
όξινος,2,0.3
αλκαλικός,2,0.3
συζευκτήρα,2,0.3
ακροδεκτών,2,0.3
repair-as-produced,2,0.3
ελέγχων,2,0.3
συνεισέφεραν,2,0.3
εβδομαδιαίου,2,0.3
διψήφια,2,0.3
kατ,2,0.3
ασυνέχεια,2,0.3
προηγμένη,2,0.3
εξοφλούμαι,2,0.3
αποδοχές·,2,0.3
χορηγηθένς,2,0.3
2494/95,2,0.3
αποδοχών·,2,0.3
ανατιμηθώ,2,0.3
καταβλητέες,2,0.3
υποτίμηση·,2,0.3
διασφάλιζε,2,0.3
ομάδες·,2,0.3
εξελιγμενη,2,0.3
δρομολόγησε,2,0.3
θεμελιωμένη,2,0.3
προτάση,2,0.3
ενίσχυε,2,0.3
σκεπτικισμός,2,0.3
εξαετία,2,0.3
απαγορευμένες,2,0.3
προσχέδια,2,0.3
αξιολογήνω,2,0.3
θεωρούταν,2,0.3
εξηγεί,2,0.3
επιτελεστεί,2,0.3
τομεακή,2,0.3
ελεγκτων,2,0.3
διαδικασίας·,2,0.3
εισηγείται,2,0.3
υπερπόντιος,2,0.3
αναθέτουσα,2,0.3
πόρους,2,0.3
οριστικοποιηθεί,2,0.3
διατομεακά,2,0.3
διαφάνειά,2,0.3
επιβεβλημένος,2,0.3
συνοδεία,2,0.3
αιτουσών,2,0.3
συναίνεσε,2,0.3
συμπλήρωσε,2,0.3
αποφασιστικά,2,0.3
φορείς,2,0.3
αλιευτική,2,0.3
ευσυνείδητος,2,0.3
front-running,2,0.3
ευμετάβλητος,2,0.3
αναγγείλλω,2,0.3
απαγορεύομαι,2,0.3
αποκαλύψουν,2,0.3
υποπέσουν,2,0.3
χρηματομεσίτα,2,0.3
ιστολογίων,2,0.3
όφειλαν,2,0.3
περιττό,2,0.3
πεπεισμένη,2,0.3
ομδ·,2,0.3
απαγορεύση,2,0.3
μετακύληση,2,0.3
18]·,2,0.3
1227/2011·,2,0.3
21]·,2,0.3
22]·,2,0.3
εκτιμώμενων,2,0.3
προεγγραφή,2,0.3
ές,2,0.3
δημοσιοποιούταν,2,0.3
συμπεράσματος,2,0.3
πλειστηριαζόμενων,2,0.3
παροτρύνσεωνς,2,0.3
απαιτητός,2,0.3
παρακαμφθεί,2,0.3
ής,2,0.3
διέδωσε,2,0.3
προβαλλόμενος,2,0.3
θερμική,2,0.3
κατάλογο·ς,2,0.3
απόκτησε,2,0.3
κεντρικού,2,0.3
αναφορές·,2,0.3
ελάχιστον·,2,0.3
απαγόρευση·,2,0.3
τεχνάσματος,2,0.3
διαδώζω,2,0.3
χρημα,2,0.3
τοπιστωτικός,2,0.3
οδηγιες,2,0.3
υποδειγμάτο,2,0.3
πορτοκαλί,2,0.3
ναχορηγηθεί,2,0.3
υποψία,2,0.3
οστό,2,0.3
άτων,2,0.3
471,2,0.3
δεδομένας,2,0.3
3.9,2,0.3
40.,2,0.3
30ή,2,0.3
ca1;r660ς,2,0.3
ca1;r880,2,0.3
ca5.2;r020;c060,2,0.3
ca1;r680,2,0.3
ca1;r900,2,0.3
ca1;r960,2,0.3
συντελεστες,2,0.3
θυγατρικων,2,0.3
αντιπροσωπεύουν,2,0.3
αποτιμώμενων,2,0.3
κωδικός/,2,0.3
καταναλωτικά,2,0.3
ηματοδοτικός,2,0.3
lvl,2,0.3
ρηματοδοτική,2,0.3
άνεια,2,0.3
αταναλωτικά,2,0.3
μπορικός,2,0.3
8-άλλα,2,0.3
αλυμμένα,2,0.3
10-άλλες,2,0.3
"7.16,37(β",2,0.3
4(α)(γ,2,0.3
αξίαςδπχα,2,0.3
επαγορά,2,0.3
2.116(ι,2,0.3
124(ιθ,2,0.3
37.1,2,0.3
εκμεταλλευση,2,0.3
επιλεγμενων,2,0.3
πεδιος,2,0.3
γεωγραφικη,2,0.3
παροχος,2,0.3
αποπληρωτέο,2,0.3
χρέους,2,0.3
ευχέρειες,2,0.3
διακανονισθώ,2,0.3
μισθωθεί,2,0.3
λιανικής,2,0.3
"lrcalc,110,1",2,0.3
"lrcalc,110,3",2,0.3
"lrcalc,150,2",2,0.3
"lrcalc,170,1",2,0.3
"lrcalc,190,1",2,0.3
"lr3,010,1",2,0.3
"lr3,030,1",2,0.3
"lr3,060,1",2,0.3
"lr3,080,1",2,0.3
"lrcalc,020,1",2,0.3
"lrcalc,040,1",2,0.3
"lrcalc,060,1",2,0.3
"lrcalc,070,1",2,0.3
"lrcalc,080,1",2,0.3
"lrcalc,100,1",2,0.3
"lrcalc,050,2",2,0.3
"050,7",2,0.3
"050,8",2,0.3
ικός,2,0.3
"120,3",2,0.3
"lr6,010,3",2,0.3
1.11.3,2,0.3
416παράγραφος,2,0.3
1.6.2,2,0.3
1.10.2,2,0.3
1.10.3,2,0.3
υψηλόςς,2,0.3
δανεικός,2,0.3
ενδοημερήσιου,2,0.3
καταπιστεύματα,2,0.3
1.4.4.4,2,0.3
1.6.6,2,0.3
τεταγμένης,2,0.3
στωτικός,2,0.3
επαναγοράστηκε,2,0.3
δανια,2,0.3
εσθονια,2,0.3
γαλλια,2,0.3
ελλαδα,2,0.3
ουγγαρια,2,0.3
ρουμανια,2,0.3
ηνωμενες,2,0.3
χορηγηθείσος,2,0.3
τραπεζικό,2,0.3
τ-2,2,0.3
2006/48/eκ,2,0.3
κονγκο,2,0.3
εδαφη,2,0.3
μαρτινος,2,0.3
σρι,2,0.3
δλπ19,2,0.3
δικαιοδοσίες,2,0.3
εξομοιούμενο,2,0.3
νήσων,2,0.3
ανατολικός,2,0.3
κουάτσα,2,0.3
wir,2,0.3
υεμένη,2,0.3
β8,2,0.3
ποτής,2,0.3
εκτυπώσεις,2,0.3
χονδρικό,2,0.3
ραδιοτηλεοπτικός,2,0.3
οργανωμένων,2,0.3
ανατολικής,2,0.3
δυτικής,2,0.3
δορυφορικών,2,0.3
idb,2,0.3
αναχρηματοδοτώ,2,0.3
μουσικός,2,0.3
προσδιοριζόμενας,2,0.3
περισσοτέρος,2,0.3
κινητοποιήζω,2,0.3
χλωριούχου,2,0.3
βινυλίου,2,0.3
σταθεροποιητής,2,0.3
σταθεροποιητήςς,2,0.3
δαπανώνται,2,0.3
ισχυρής,2,0.3
βαθμιαίος,2,0.3
αμοιβαιοποιημένο,2,0.3
αμετάκλητων,2,0.3
τοποθετούμενος,2,0.3
αλληλεπικαλύψεων,2,0.3
αυτοκίνηση,2,0.3
ταχέος,2,0.3
xxvi,2,0.3
ολοκληρωμένοι,2,0.3
υποδείγματος/,2,0.3
απασχολησης,2,0.3
μεταβατικεσ,2,0.3
διαταξεισ,2,0.3
συνιστω,2,0.3
ca·,2,0.3
οιπός,2,0.3
ειλημμένος,2,0.3
7.37(α,2,0.3
2.61,2,0.3
2.163-183,2,0.3
124(ιε,2,0.3
12.21(β)(iii,2,0.3
2.124(ιε,2,0.3
παθητικό(10,2,0.3
παθητικό(13,2,0.3
428(i,2,0.3
2.10-12,2,0.3
απαιτήσεις»·,2,0.3
κόστους»·,2,0.3
δραστηριότητες»·,2,0.3
θέσης)·,2,0.3
επιφερθεί,2,0.3
αξίας»)·,2,0.3
προσαρτημάτο,2,0.3
επιλέχνω,2,0.3
παραλλαγή(-ές,2,0.3
έκδοση(-εις,2,0.3
υποσημειώσεων,2,0.3
τύπος-παραλλαγή-έκδοση,2,0.3
αλλαγή(-ές,2,0.3
παραλλαγής·,2,0.3
κενό]977k(be,2,0.3
1-1,2,0.3
εργοστασίου(-ων,2,0.3
πινακίδα(-ες,2,0.3
ολοκληρωμένο,2,0.3
ημισυνεχής,2,0.3
ζάντα,2,0.3
αποδεκτή(-ές,2,0.3
t4.3,2,0.3
4.2.2.9.1,2,0.3
μετατρόχιου,2,0.3
κινητηρα,2,0.3
επιτρεπόμενη,2,0.3
εξαερωτήρας,2,0.3
θυρίδο,2,0.3
στατική,2,0.3
αριθμό(-ούς,2,0.3
2h,2,0.3
σφονδύλου,2,0.3
άσχετος,2,0.3
τελική(-ές,2,0.3
ν3,2,0.3
διευθυντήριου(-ων,2,0.3
σερβομηχανισμός,2,0.3
10998:2008,2,0.3
μετρητης,2,0.3
ταχύμετρου,2,0.3
πλευρικά,2,0.3
διπλωμένα,2,0.3
αλεξήνεμου·,2,0.3
διάκενο,2,0.3
κατόπτρος,2,0.3
εφαρμοζόμενα,2,0.3
σήμα(-τα,2,0.3
εξαρτηματα,2,0.3
προφυλακτήρης,2,0.3
ψυγείου,2,0.3
στεγάζω,2,0.3
αντιπαρασιτικός,2,0.3
6.12.2011,2,0.3
συσκευή(-ές,2,0.3
δοκιμάστηκε,2,0.3
14269-2:1997,2,0.3
ερμάτων,2,0.3
προεξοχών,2,0.3
8.5.2012,2,0.3
πέλμα,2,0.3
ap,2,0.3
πελμάτων,2,0.3
ακτινικός,2,0.3
ρυμουλκός,2,0.3
δομοστοιχειωτή,2,0.3
tmc,2,0.3
διεπαφών,2,0.3
15765-4,2,0.3
ελεγκτήρων,2,0.3
διαγνωστικά,2,0.3
δικαιόχρησής,2,0.3
μπροστινό,2,0.3
μπάρα,2,0.3
αντικειμενων,2,0.3
άμμου,2,0.3
6395:2008,2,0.3
χωματουργικός,2,0.3
σημείου(-ων,2,0.3
αγκυρώσεών,2,0.3
κάθισμα(-τα,2,0.3
καθίσματος(-ων,2,0.3
15997:2011,2,0.3
μηχανές,2,0.3
σκαλοπάτι,2,0.3
εισόδων,2,0.3
εύκαμπτων,2,0.3
9.9.2011,2,0.3
γρύλος,2,0.3
χειριστήρι,2,0.3
συμβόλου,2,0.3
υαλοκαθαριστήρας,2,0.3
μπροστινών,2,0.3
αποπνικτήρας,2,0.3
συσσωρευτή,2,0.3
φωτεινής,2,0.3
διαλείπουσας,2,0.3
κλάξον,2,0.3
αμόλυβδη,2,0.3
χειριστηρίος,2,0.3
δακτύλων,2,0.3
αυτοπροωθούμενοι,2,0.3
ψεκαστήρης,2,0.3
χειριστός,2,0.3
λυχνίαc,2,0.3
ιδιόκτητου,2,0.3
τύπου(-ων,2,0.3
κατασκευαστή(-ών,2,0.3
αρμόδιου(-ων,2,0.3
οράσεως,2,0.3
μικροτύπωσος,2,0.3
γραμμοκοσμητικός,2,0.3
ιριδίζουσα,2,0.3
τύπωση,2,0.3
χαρακτικός,2,0.3
ολογράμματα,2,0.3
οπτικά,2,0.3
χαραγμένος,2,0.3
προσκομίσουν,2,0.3
4.2.1.9,2,0.3
απόστροφος,2,0.3
ευδιάκριτου,2,0.3
στάδιο)·,2,0.3
πενταψήφιος,2,0.3
nks,2,0.3
μονάδα(-ες,2,0.3
ανέμου,2,0.3
ατόμου(-ων,2,0.3
παρέχει(-ω,2,0.3
δοκιμή·,2,0.3
2000/25,2,0.3
παρεμβολέ,2,0.3
1999/57/εκ,2,0.3
παρασίτων,2,0.3
jure,2,0.3
καταγγελίες·,2,0.3
επαναλαμβανόμενων,2,0.3
αντάλλαξε,2,0.3
αποτρέψουν,2,0.3
πρόδρομες,2,0.3
θειικό,2,0.3
υδροχλωρικός,2,0.3
οξέος,2,0.3
παραβιασθεί,2,0.3
angivelse,2,0.3
64/225/εοκ,2,0.3
0225,2,0.3
αντεκχωρήσεως,2,0.3
εζες·,2,0.3
αγ,2,0.3
δηλούντος,2,0.3
καταθετικού,2,0.3
επεκτάσιμη,2,0.3
απαραίτητου,2,0.3
ατομικους,2,0.3
λογαριασμους,2,0.3
αναζητήσιμα,2,0.3
δικαιοδοσίας(ία,2,0.3
δικαιοδοσία·ς,2,0.3
παρελήφθη,2,0.3
εξασφαλίστηκε,2,0.3
λογίζει,2,0.3
προβαίνοντας,2,0.3
ομαδικά,2,0.3
συνδικαλιστικός,2,0.3
επενδυτική,2,0.3
προσδιορισμού·,2,0.3
επικαρπίας,2,0.3
συνιστών,2,0.3
οντότητας,2,0.3
καταβάλλει,2,0.3
συμβόλαιο·,2,0.3
κατατεθειμένου,2,0.3
συντελεστή)·,2,0.3
συμβολαίου·,2,0.3
κρατά,2,0.3
καταπιστευματοδόχοι,2,0.3
καταπιστεύματος·,2,0.3
επιμελητήριο,2,0.3
εκμεταλλεύσεων,2,0.3
τιμήμα,2,0.3
σου,2,0.3
καταχωρίστηκε,2,0.3
φοροδιαφυγής·,2,0.3
οργανώθηκε,2,0.3
на,2,0.3
за,2,0.3
għ,2,0.3
φορητότητα,2,0.3
δραστηριότητας—ς,2,0.3
—τος,2,0.3
ευνοϊκά·,2,0.3
αναπτυγμένα,2,0.3
μακροσκελής,2,0.3
ρυθμίζονται,2,0.3
ats,2,0.3
υπο-πρότυπα,2,0.3
εδάφη,2,0.3
könig,2,0.3
εστία,2,0.3
υψικαμίνου,2,0.3
περιστρεφόμενων,2,0.3
μηχανών·,2,0.3
πύραυλος,2,0.3
ποτά,2,0.3
φλάντζες,2,0.3
συγκρότημα·,2,0.3
σημείο·,2,0.3
διαμέτρος,2,0.3
αριθμό·,2,0.3
συγκροτήματα·,2,0.3
διαλυμένος,2,0.3
πυροσβεστήρης,2,0.3
ps·v,2,0.3
υπερθέρμανσης·,2,0.3
απόλυτη,2,0.3
συγκροτηματων,2,0.3
πυροφορικός,2,0.3
επιζητείται,2,0.3
θεσμοθετούνται,2,0.3
97/23/εκ,2,0.3
παραμένοντης,2,0.3
δέοντης,2,0.3
προβλεπόμενοι,2,0.3
χειρισμών,2,0.3
δοκιμαζόμενος,2,0.3
παραμορφώσεις,2,0.3
αβλαβής,2,0.3
πλήγμα,2,0.3
ανεξέλεγκτων,2,0.3
αυτοδιάγνωση,2,0.3
μόνιμων,2,0.3
αποδεδειγμένης,2,0.3
όρια·ς,2,0.3
υλικών·,2,0.3
επικαθήσεων,2,0.3
διάβρωσης·,2,0.3
κραδασμών,2,0.3
απροειδοποίητης,2,0.3
ωστενιτικός,2,0.3
rm/20,2,0.3
κεκραμένος,2,0.3
αργιλίου,2,0.3
ελκυσμός,2,0.3
υπογράφοντος,2,0.3
διαπιστευθεί,2,0.3
πρωτοκόλλων,2,0.3
φυτικών,2,0.3
8.10.2008,2,0.3
παρατηρώντας,2,0.3
επιταχυνθούν,2,0.3
μολύνσεων,2,0.3
2000/29/εκ,2,0.3
καλλιεράγλω,2,0.3
μεσογειακής,2,0.3
αποχρωματισμός,2,0.3
εναέρια,2,0.3
γυμνός,2,0.3
δένδρο,2,0.3
αναπαραγωγή·,2,0.3
χειρισμού·,2,0.3
παράσιτα,2,0.3
αναμειγνύω,2,0.3
οπωροφόρου,2,0.3
φυτά-δείκτα,2,0.3
φαινότυπου,2,0.3
μικροπολλαπλασιασμό,2,0.3
γενεή,2,0.3
βλαστικός,2,0.3
παραγωγη,2,0.3
απομακρυνθεί,2,0.3
7.10.1993,2,0.3
syringae,2,0.3
net,2,0.3
φυτεύω,2,0.3
σταδίους,2,0.3
φράουλα,2,0.3
necrosis,2,0.3
νέκρωση,2,0.3
αγγουριά,2,0.3
chlorosis,2,0.3
χλώρωση,2,0.3
νεύρων,2,0.3
χλωρωτικός,2,0.3
βοθρίωση,2,0.3
καρουλιάσματος,2,0.3
ringspot,2,0.3
λανθάνων,2,0.3
δακτυλιωτής,2,0.3
νεκρωτικός,2,0.3
κοινοποιείτε,2,0.3
αντικαταστήσετε,2,0.3
διάρκειαπαράβασηςέτη,2,0.3
στρογγυλοποιημένη,2,0.3
προηγουμένος,2,0.3
επιβεβαιωθούν,2,0.3
ποιοτική,2,0.3
εμπόδια,2,0.3
επιφυλάξη,2,0.3
ζ)·ς,2,0.3
γ.2,2,0.3
γ.5,2,0.3
συνοψίστε,2,0.3
υπομνημάτων,2,0.3
συνακόλουθης,2,0.3
2014/484/κεππα,2,0.3
8.7.2003,2,0.3
αναστάτωση,2,0.3
ρυθμιζόμενους,2,0.3
παραταθείσα,2,0.3
εφαρμόσιμων,2,0.3
αρμοδιοτήτος,2,0.3
μετριαώνσ,2,0.3
αναγνώριση·,2,0.3
ομαλού,2,0.3
συνδέσεις·,2,0.3
διαστήματος·,2,0.3
εφικτοί,2,0.3
τιμολόγησή,2,0.3
επάνδρωση,2,0.3
άκρωςς,2,0.3
εξειδικευθούν,2,0.3
συμβουλεύεται,2,0.3
επικουρικων,2,0.3
ανακλά,2,0.3
σχεδίων·,2,0.3
ενδυναμώζω,2,0.3
αθετούντα,2,0.3
δημοσίευση·,2,0.3
62·,2,0.3
4.8.2006,2,0.3
4].άρθρο,2,0.3
ικανοποιηθείσες,2,0.3
μικρότερη·,2,0.3
εισήχθη,2,0.3
αναφέρομαι,2,0.3
συναφθεισών,2,0.3
προβάλλονται,2,0.3
ανάντη,2,0.3
κόμβος,2,0.3
δυναμικοτήτων,2,0.3
σταθμού-πελάτη,2,0.3
συμβάσεις·,2,0.3
web,2,0.3
ηλεκτρονικούς,2,0.3
1775/2005,2,0.3
επιτιθέμενος,2,0.3
βερμούδες,2,0.3
εναρκτήρια,2,0.3
σφάλμα»·,2,0.3
εποχικώς,2,0.3
αποστελλόμενου,2,0.3
μοναδιαία,2,0.3
κατανεμήω,2,0.3
δεσμοποίηση,2,0.3
δεσμοποιημένος,2,0.3
επειγόντων,2,0.3
ιδιοχρησιμοποιούμενο,2,0.3
μεσοπρόθεσμη,2,0.3
παρακίνηση,2,0.3
προσκόμματα,2,0.3
pspp·,2,0.3
διευθυντός,2,0.3
πολικός,2,0.3
λευκωσία,2,0.3
25.2.2015,2,0.3
παρακρατήνω,2,0.3
υποσειρές,2,0.3
2015/2101,2,0.3
2015/33,2,0.3
εμβάθυνση,2,0.3
συνέκρινε,2,0.3
2015/48,2,0.3
επέκτεινε,2,0.3
ευθυγραμμιζόμενος,2,0.3
συμβατού,2,0.3
επαρχιών,2,0.3
οντάριο,2,0.3
asc,2,0.3
απαλλασσόμενου,2,0.3
2011/65/εκ,2,0.3
πολυβρωμοδιφαινυλαιθέρων,2,0.3
δις-(2-αιθυλεξύλιο,2,0.3
βενζύλιο,2,0.3
βουτύλιο,2,0.3
διβουτύλιο,2,0.3
διισοβουτύλιο,2,0.3
καταγγέλλων,2,0.3
κατηγορείται,2,0.3
τρίτων,2,0.3
απομαγνητοφώνηση,2,0.3
2015/24,2,0.3
2]ενεργητικο,2,0.3
αντιστρεπτέ-ες,2,0.3
συναλλαγμα-τικών,2,0.3
πιστοποιη-τικός,2,0.3
τραπεζο-γραμματίων,2,0.3
δεδουλευμέ-νος,2,0.3
2015/2,2,0.3
υποταξινομήσεις,2,0.3
κατευθυντηρίο,2,0.3
εξουσιοδοτήσουν,2,0.3
οικονομικών·,2,0.3
χρηματιστών·,2,0.3
ασφαλίσεις·,2,0.3
εκδόσεών,2,0.3
προκατασκευασμένος,2,0.3
κτιριακός,2,0.3
1060/2009·,2,0.3
21:59:59,2,0.3
προσυπογράφουν,2,0.3
446/2012·,2,0.3
27.06.2013,2,0.3
τεχνικό,2,0.3
διακρίνει,2,0.3
unsecure,2,0.3
seu,2,0.3
κλιμάκων,2,0.3
εδαφικών,2,0.3
χρηματιστός,2,0.3
pe,2,0.3
clο,2,0.3
siv,2,0.3
dpc,2,0.3
bnd,2,0.3
αναφερθέντα,2,0.3
stand-alone,2,0.3
στατιστικοί,2,0.3
συνδρομητής,2,0.3
δδ,2,0.3
neg,2,0.3
αναλυτών,2,0.3
1.1.2011,2,0.3
κατάλογο,2,0.3
nxi,2,0.3
συνοδεύομαι,2,0.3
εμπιστοσύνης·,2,0.3
ορισμών·,2,0.3
διευκόλυνσης·,2,0.3
ιδιοκτησιακή,2,0.3
καταστημάτος,2,0.3
δυναμικό,2,0.3
αριθμητικό,2,0.3
ομολογου,2,0.3
πολλαπλασιάστε,2,0.3
εγκυκλίο,2,0.3
χρεωμένος,2,0.3
υποκατάστατο,2,0.3
υποκαταστάνω,2,0.3
εκταμιευθέν,2,0.3
αξιοποιήζω,2,0.3
καταβληθείς,2,0.3
πληρώθηκε,2,0.3
προκαταβληθεί,2,0.3
αθετεί,2,0.3
συμφώνου,2,0.3
περιουσιακο,2,0.3
καταλύματα,2,0.3
ενοικιαζόμενος,2,0.3
χτίνω,2,0.3
εκκενωθεί,2,0.3
καν.,2,0.3
απώλειες,2,0.3
ταμειακή,2,0.3
2-120,2,0.3
πουλήθηκαν,2,0.3
άνοιξε,2,0.3
0.,2,0.3
κρυπτογραφείται,2,0.3
κατασκευαστήςς,2,0.3
ικανότητα·,2,0.3
αποκαταστάθηκε,2,0.3
διατηρούσαν,2,0.3
καταφέρω,2,0.3
διασώνω,2,0.3
καταφύγει,2,0.3
υπο-επίπεδο,2,0.3
δίπολο,2,0.3
τραπεζών-κρατών,2,0.3
εμφάνισαν,2,0.3
κατακρήμνιση,2,0.3
πεε,2,0.3
υπεράνω,2,0.3
εγγείου,2,0.3
κυριότητας·,2,0.3
δανειστή·,2,0.3
διαθεσίμος,2,0.3
ευχερός,2,0.3
αλληλεξαρτώμενης,2,0.3
αρνητική·,2,0.3
πάροχο·,2,0.3
διευκόλυνση·,2,0.3
μετακυλήνω,2,0.3
εξαιρέσει,2,0.3
παρακάμψουν,2,0.3
ομογενός,2,0.3
456,2,0.3
ερμηνειών,2,0.3
δανειοδοτηθεί,2,0.3
2014/59/εκ,2,0.3
πυλώνες,2,0.3
εξαιρέση,2,0.3
πυλώνης,2,0.3
θσπ·,2,0.3
απαλλάττω,2,0.3
αιτιολογημένης,2,0.3
αναδιατυπώσεις,2,0.3
συνεργασιας,2,0.3
σταθμίσεών,2,0.3
συνεισφορων,2,0.3
tre,2,0.3
βημα,2,0.3
ορίσματα,2,0.3
if,2,0.3
wij,2,0.3
ερπυστριοφόρα,2,0.3
ακινητοποιώ,2,0.3
συρμού·,2,0.3
αδιάκοπος,2,0.3
φορτίου·,2,0.3
μετακινηθεί,2,0.3
πέδησής,2,0.3
ευθυγραμμισμένα,2,0.3
κρατώντας,2,0.3
ελευθερωμένο,2,0.3
ενεργοποιημένο,2,0.3
ακινητοποιήζω,2,0.3
υποβοηθώ,2,0.3
υποβοηθούμενη,2,0.3
2.2.1.5,2,0.3
2.2.1.25,2,0.3
εκπληρωθεί,2,0.3
εκπληρώνομαι,2,0.3
κλειδώνω,2,0.3
τετραπλάσιος,2,0.3
cb,2,0.3
άλλωστε,2,0.3
ελαίων,2,0.3
ρυθμισμένες,2,0.3
ανεξαρτήτου,2,0.3
εκκενώνω,2,0.3
2.2.1.19,2,0.3
οδηγικός,2,0.3
3.1.3.4.1.1,2,0.3
2.2.1.21.2,2,0.3
ανιούσος,2,0.3
κατιούσος,2,0.3
2.2.1.29.3,2,0.3
4.1.7,2,0.3
μηχανικά,2,0.3
2.2.1.29.6,2,0.3
αναμμένη,2,0.3
υποδηλώνομαι,2,0.3
r1b,2,0.3
s1b,2,0.3
2.2.2.8.1,2,0.3
αποφασισθούν,2,0.3
s2b,2,0.3
αγγίγω,2,0.3
λάδι,2,0.3
2.2.3.3,2,0.3
2.2.1.29.5,2,0.3
ισχύ·,2,0.3
εκκινείται,2,0.3
αξιοποιούμενης,2,0.3
vb,2,0.3
άνεμος,2,0.3
2.2.1.2.4,2,0.3
ενεργοποιήσεων,2,0.3
2.3.1.1,2,0.3
αναρρύθμιση,2,0.3
αναρρυθμίζεται,2,0.3
δίσκου,2,0.3
κρυώσουν,2,0.3
αποσυμπλεγμένας,2,0.3
ασυμπτωτικός,2,0.3
προσθεταίος,2,0.3
3.1.3.2,2,0.3
3.1.3.4,2,0.3
2.2.1.18,2,0.3
μυϊκής,2,0.3
μετρηθούν,2,0.3
4.5.2,2,0.3
853:2007,2,0.3
εκτοπιζόμενο,2,0.3
προσομοιωτήςς,2,0.3
ιξώδες,2,0.3
βαθμονομημένος,2,0.3
σταθεροποιημένη,2,0.3
αεροφυλάκιο(-α,2,0.3
ερμητικά,2,0.3
πεδός,2,0.3
2.2.2.10,2,0.3
απενεργοποιημένες,2,0.3
έκκεντρας,2,0.3
ζεύξη·,2,0.3
ταμπούρα,2,0.3
gbo,2,0.3
σώτρων,2,0.3
τετμημένης,2,0.3
6.2.1·,2,0.3
scd,2,0.3
κυλίνδρου·,2,0.3
πέδης·,2,0.3
εμπρός·,2,0.3
ολισθαίνοντα,2,0.3
ig,2,0.3
επανάταξης,2,0.3
αντισταθμιστής,2,0.3
καλώδι,2,0.3
ka,2,0.3
κεντροαξονικά,2,0.3
συμπληρωματικοί,2,0.3
inch,2,0.3
δρόμου,2,0.3
οδηγησιμότητα,2,0.3
διαμορφωτή,2,0.3
άλλου(-ων,2,0.3
διαμορφωτής,2,0.3
απομονώνεται(-ονται,2,0.3
στεγνός,2,0.3
zrall,2,0.3
4.1.6,2,0.3
διαδοχή,2,0.3
1155,2,0.3
συγκρατώ,2,0.3
ληφθεισες,2,0.3
νομισματων,2,0.3
εξασφαλίσεων)/(σύνολο,2,0.3
δεικνύω,2,0.3
επιβοηθητικός,2,0.3
βεβαρημενα,2,0.3
c60,2,0.3
δανεισμένοι,2,0.3
2008/851/κεππα,2,0.3
υποναύαρχος,2,0.3
υποναυάρχος,2,0.3
εγτε,2,0.3
αδικαιολόγητες,2,0.3
διασταυρωτικός,2,0.3
επιστροφέ,2,0.3
πρόωσής,2,0.3
iiia,2,0.3
αντικαταστήτω,2,0.3
ισοδύναμός,2,0.3
01.,2,0.3
τριοδικός,2,0.3
αλεξηνέμος,2,0.3
θεατής,2,0.3
έχουσα,2,0.3
pp′,2,0.3
ηχομέτρου,2,0.3
πάγκου,2,0.3
ινωδών,2,0.3
τυχαίνω,2,0.3
χιόνι,2,0.3
πρόσμειξη,2,0.3
σταθεροποιητών,2,0.3
εακ,2,0.3
επικαλυμμένος,2,0.3
επισμαλτωμένος,2,0.3
ημιπολύτιμος,2,0.3
μύτα,2,0.3
κλειδιά,2,0.3
κοσμήματα,2,0.3
λιώνω,2,0.3
διατίμηση,2,0.3
χρεόγραφο·,2,0.3
f.51,2,0.3
f.519,2,0.3
είδος—,2,0.3
διοχετευτούν,2,0.3
μοντελοποιηθώ,2,0.3
κρασιών,2,0.3
500000000,2,0.3
εξορθολογίζω,2,0.3
δευτερογενή,2,0.3
ιδιωτής,2,0.3
ελαττωθεί,2,0.3
διαρκεί,2,0.3
ομαδοποιούνται,2,0.3
επαυξημένη,2,0.3
εξορθολογίζει,2,0.3
26.4.2014,2,0.3
15ις,2,0.3
έμμεσε,2,0.3
15θ,2,0.3
διάδοχων,2,0.3
διάδοχες,2,0.3
15στ,2,0.3
επανεισάγω,2,0.3
ακούζω,2,0.3
υποτιμολόγηση,2,0.3
επιτηρησης,2,0.3
ανεπανόρθωτος,2,0.3
αντιστοιχιών,2,0.3
τούλι,2,0.3
δικτυωτός,2,0.3
αλεύκαστα,2,0.3
λευκασμένος,2,0.3
κορδελοποιίας,2,0.3
τι-σερτ,2,0.3
σου-πουλ,2,0.3
τζέρσεϋς,2,0.3
κάρντιγκαν,2,0.3
bed-jackets,2,0.3
τζάμπερς,2,0.3
ζακέτα,2,0.3
παντελόνιο,2,0.3
slacks,2,0.3
πουκάμισο,2,0.3
βαμβάκι·,2,0.3
σπογγώδος,2,0.3
φουντωτής,2,0.3
κοτλέ,2,0.3
πλεκτό,2,0.3
φλεβίτιδα,2,0.3
τσέπης,2,0.3
φούστες-παντελόνια,2,0.3
ζιπ-κιλότ,2,0.3
σαλοπέτ,2,0.3
γόνατο,2,0.3
παντελόνιος,2,0.3
κουστούμια-ταγιέρ,2,0.3
στηθόδεσμοι,2,0.3
μπούστα,2,0.3
περιπόδια,2,0.3
ποδιά,2,0.3
βισκόζη,2,0.3
στριμμένα,2,0.3
κυτταρίνος,2,0.3
προβάτων,2,0.3
αρνία,2,0.3
λαναρισμένα,2,0.3
χτενισμένα,2,0.3
ίνες,2,0.3
περιτύλιξη,2,0.3
στημονιού,2,0.3
τάπητης,2,0.3
γκομπλέν,2,0.3
ομπισόν,2,0.3
μποβέ,2,0.3
υφάδι,2,0.3
παραλληλισμένα,2,0.3
bolduc,2,0.3
χοντρότριχες,2,0.3
χαίτη,2,0.3
μονόπλων,2,0.3
βοοειδών,2,0.3
βροχιδωτά,2,0.3
ετικέτες,2,0.3
ταινιοπλεκτικής,2,0.3
κεντήματα,2,0.3
ελαστομερή,2,0.3
νήματο,2,0.3
τρίχωμα,2,0.3
βρέφη·,2,0.3
πλεκτά·,2,0.3
decitex,2,0.3
μαγιό,2,0.3
κοστούμια-ταγιέρ,2,0.3
κορσέδες,2,0.3
ζώνες-κορσέδες,2,0.3
κορσέδα,2,0.3
λαστέξ,2,0.3
καλτσοδέτα,2,0.3
αντρός,2,0.3
συγκρατήματα,2,0.3
καλτσών,2,0.3
σκηνές,2,0.3
σφαιρίδιο,2,0.3
πίλημα,2,0.3
υφασμένων,2,0.3
δίχτυα,2,0.3
δίχτυο,2,0.3
επιχρισμένα,2,0.3
κόλλα,2,0.3
αμυλώδεις,2,0.3
βιβλιοδεσία,2,0.3
χαρτοδεσία,2,0.3
θηκός,2,0.3
ιχνογράφησος,2,0.3
παρασκευασμένα,2,0.3
ζωγραφική·,2,0.3
σκληρυνθεί,2,0.3
γομάρισμα,2,0.3
πιλοποιία,2,0.3
λινοτάπητες,2,0.3
κομμένοι·,2,0.3
επίχρισμα,2,0.3
ζωγραφισμένα,2,0.3
σκηνικός,2,0.3
θεάτρων,2,0.3
εμποτισμένα,2,0.3
κυτταρίνη,2,0.3
απανωτός,2,0.3
στρώσεις,2,0.3
ιστία,2,0.3
στρώματα,2,0.3
κατασκήνωση,2,0.3
τέντα,2,0.3
πατωμάτων,2,0.3
πιατόπανα,2,0.3
ξεσκονιστήρια,2,0.3
μεταξότριχες,2,0.3
κορδελλοποιίας,2,0.3
μεταξιού,2,0.3
επιμεταλλωμένας,2,0.3
μανίλα,2,0.3
σπάγκοι,2,0.3
δεματιάσματα,2,0.3
αgaveς,2,0.3
κοκκοφοίνικας,2,0.3
cm·,2,0.3
φουντωτά,2,0.3
φλοκωτά,2,0.3
βελονάκι,2,0.3
μεταχειρισμένοι,2,0.3
κουκούλια,2,0.3
μεταξοσκώληκας,2,0.3
ωμό,2,0.3
κοκκοφοίνικος,2,0.3
μπλούζες,2,0.3
φουλάριο,2,0.3
γάζες,2,0.3
ιμa,2,0.3
μετατοπίσεις,2,0.3
κίνδυνο—,2,0.3
πιστωτικοi,2,0.3
τυποποιημeνες,2,0.3
προyφισταμενα,2,0.3
σχετικa,2,0.3
φερεγγυoτητα,2,0.3
υποδεiγματα,2,0.3
c*(1,2,0.3
–1,2,0.3
rts/,2,0.3
2013/15,2,0.3
τακτοποιήσεις)·,2,0.3
30/6,2,0.3
γραμμeς,2,0.3
απo,2,0.3
καλυμμeνα,2,0.3
δεδομeνα,2,0.3
επαναγορασθέντης,2,0.3
ομολογιούχων,2,0.3
κόστους”·,2,0.3
τύγχαναν,2,0.3
συμβιβάσουν,2,0.3
αναλύθηκαν,2,0.3
τοξική,2,0.3
ημιζωή,2,0.3
γλυκά,2,0.3
2015/2106,2,0.3
βεβαιώζω,2,0.3
κατανεμηθείσας,2,0.3
29407800,2,0.3
29815041/+359,2,0.3
224907111,2,0.3
+420,2,0.3
6196908-0,2,0.3
16312545,2,0.3
αθήνα,2,0.3
0659932450,2,0.3
70664762,2,0.3
226162,2,0.3
881512122,2,0.3
8366,2,0.3
dsl,2,0.3
+40,2,0.3
2955200,2,0.3
1052,2,0.3
erhvervs-,2,0.3
fod,2,0.3
spf,2,0.3
pme,2,0.3
εξαγωγών,2,0.3
majandus-,2,0.3
ja,2,0.3
ανταγωνιστικότητας,2,0.3
ψηφιακού,2,0.3
isabelle.paimblanc@finances.gouv.fr,2,0.3
ministrija,2,0.3
ūkio,2,0.3
commerce@gov.mt,2,0.3
τελωνείων,2,0.3
forschung,2,0.3
επιστημών,2,0.3
taric.fu@gov.si,2,0.3
hospodárstva,2,0.3
tulli,2,0.3
registrator@kommers.se,2,0.3
ακύρωσε,2,0.3
συντελέσουν,2,0.3
έθνη,2,0.3
εξακολουθώντας,2,0.3
μετριάζεται,2,0.3
κατηγορίες·,2,0.3
2015/2303,2,0.3
κανόνων·ς,2,0.3
ξέσπασε,2,0.3
σκιώδεςς,2,0.3
δυσκολεύω,2,0.3
σχτ·,2,0.3
αναφέρονται·,2,0.3
αλληλοσυγκρουόμενος,2,0.3
9)·,2,0.3
καταγραφης,2,0.3
εσσκ·,2,0.3
26]·,2,0.3
επαναχρησιμοποιησης,2,0.3
άδειας·,2,0.3
αποκομίσθηκαν,2,0.3
λεπτομερέστερες,2,0.3
αναλογικότητά,2,0.3
εααες·,2,0.3
75·,2,0.3
θεματοφυλάκας,2,0.3
ημερήσιων,2,0.3
0167,2,0.3
7.1.2015,2,0.3
0028,2,0.3
διαβιβάζει,2,0.3
27.3.2015,2,0.3
204/2016,2,0.3
2015/97,2,0.3
29ες,2,0.3
εφαρμόζεται·,2,0.3
2014/247/εε,2,0.3
28.3.2012,2,0.3
16.10.2012,2,0.3
0648,2,0.3
υπάλληλοι,2,0.3
2533/98·,2,0.3
"0,5%",2,0.3
εσολ,2,0.3
εθνικών,2,0.3
τρισεκατ,2,0.3
2014/10,2,0.3
ολοκλήρωσαν,2,0.3
αναζωογόνηση,2,0.3
καναλιού,2,0.3
1639/2006/εκ,2,0.3
προγράμματος-πλαισίου,2,0.3
esi,2,0.3
ταμειο,2,0.3
τραπεζα,2,0.3
2020]·,2,0.3
δεσμεύσει,2,0.3
τμήμα·,2,0.3
συμφωνίες·,2,0.3
2]·,2,0.3
αυτοαπασχολούμενος,2,0.3
εταε·,2,0.3
κίτρινα,2,0.3
περιλαμβάνει(-ω,2,0.3
στηρίζει(-ουν,2,0.3
ορόσημων,2,0.3
ετών,2,0.3
δράσεων·,2,0.3
υπολείπω,2,0.3
κινήτρου,2,0.3
απαιτείται].,2,0.3
συγχρηματοδοτείται(-ούνται,2,0.3
φιλικά,2,0.3
επιμονή,2,0.3
ενδεικτικοί,2,0.3
επισφαλέστερο,2,0.3
χρηματοδοτούμενες,2,0.3
λιμένα,2,0.3
καταδικασθεί,2,0.3
διαγωγή,2,0.3
8805]·,2,0.3
επιτεύξιμος,2,0.3
τακτικά·,2,0.3
ασφάλειές,2,0.3
γρήγορη,2,0.3
όρια·,2,0.3
προκαθοριστεί,2,0.3
αποδόσεων·,2,0.3
πολυήμερο,2,0.3
ευπαθειών,2,0.3
σημασιολογικός,2,0.3
αποδέκτες·,2,0.3
δημιουργια,2,0.3
ολογράφως,2,0.3
arial,2,0.3
verdana,2,0.3
υπογραμμισμένες,2,0.3
αντικλεπτικός,2,0.3
922/2009/εκ,2,0.3
τεχνικής·,2,0.3
μέτοχος·,2,0.3
υπογράφηκαν,2,0.3
επεστράφησαν,2,0.3
αξία-στόχο,2,0.3
κορυφές,2,0.3
στηριζόμενες,2,0.3
άτυπα,2,0.3
δεξιοτητων,2,0.3
διαρκήςς,2,0.3
ευσύνοπτος,2,0.3
αποφασιστικότητα,2,0.3
ιδεών,2,0.3
συναγωγή,2,0.3
διεισδυτικός,2,0.3
προσανατολίζω,2,0.3
εντατική,2,0.3
προκατάληψη,2,0.3
2016/702,2,0.3
2016/8,2,0.3
χρεόγραφα·,2,0.3
πιεστικός,2,0.3
συνταγμένος,2,0.3
διπλάσιου,2,0.3
διατάχω,2,0.3
υπολογισθείσες,2,0.3
σημαντικά·,2,0.3
u.s.c.,2,0.3
επιμελητήρια,2,0.3
l.p.,2,0.3
u.s.,2,0.3
cfr,2,0.3
1956,2,0.3
ελέγχους,2,0.3
02-g01,2,0.3
εύτακτης,2,0.3
regime,2,0.3
798j,2,0.3
chi-x,2,0.3
2016/2273,2,0.3
tsx,2,0.3
5c,2,0.3
υπουργείου,2,0.3
ένορκης,2,0.3
μικροσκόπιο,2,0.3
ανακαινισμένος,2,0.3
βρόχου,2,0.3
εναρμονίζει,2,0.3
βοηθούσαν,2,0.3
βασιώνσ,2,0.3
αποσκοπώντας,2,0.3
τρισεκατομμύριο,2,0.3
επιτελείται,2,0.3
δαπανηρή,2,0.3
συντονιώνσ,2,0.3
προστατευόμενα,2,0.3
αθροιστικώς,2,0.3
παραλαμβάνος,2,0.3
αφερέγγυας,2,0.3
δεκτικοί,2,0.3
ποι,2,0.3
προϋπαρχουσών,2,0.3
κεφαλαιοποιητικός,2,0.3
εργοδότη(-ών,2,0.3
εργαζομένου(-ων,2,0.3
ένδεια,2,0.3
παροχές·,2,0.3
ειδοποιηθεί,2,0.3
ποσοτικες,2,0.3
δικαιούχοι,2,0.3
λειτουργούντων,2,0.3
δηλώζω,2,0.3
λανθάνοντας,2,0.3
αθροίζονται,2,0.3
παραμενουσών,2,0.3
διακυβέρνηση·,2,0.3
υπόληψης,2,0.3
αποσπάσμα,2,0.3
περιεκτικοί,2,0.3
προσυνταξιοδοτικός,2,0.3
αποθεματικά·,2,0.3
διαφυλάξουν,2,0.3
διοικούντων,2,0.3
εκχωρηθείσες,2,0.3
δικαιούχους·,2,0.3
52·,2,0.3
διασυνοριακώς,2,0.3
ασφαλιστών,2,0.3
2016/2341·,2,0.3
αξιοποιήσιμος,2,0.3
δπδ·,2,0.3
isin»·,2,0.3
ημερών.»·,2,0.3
προτεραιότητας·,2,0.3
2012/21,2,0.3
μετατραπέν,2,0.3
43].,2,0.3
αποδεσμευτεί,2,0.3
εξοφλήθηκε,2,0.3
futures-style,2,0.3
ταξινομούμενα,2,0.3
συμπεριέλαβε,2,0.3
αποτελούμενων,2,0.3
δημιουργούμενου,2,0.3
παρέμβασης·,2,0.3
συστήματα·,2,0.3
γνώμη·,2,0.3
αιθοξυλιωμένος,2,0.3
πλυσίματος,2,0.3
αξεσουάρ,2,0.3
46α,2,0.3
διαλόγους,2,0.3
επισημάνθηκαν,2,0.3
σπουδαιότητά,2,0.3
χρηματοδότηση·,2,0.3
επηρεαστούν·,2,0.3
επιχειρησιακη,2,0.3
επικαιροποίησή,2,0.3
ανταλλαχθεί,2,0.3
θ.,2,0.3
κινητό,2,0.3
καλέσει,2,0.3
εκπλήρωσή,2,0.3
συνετών,2,0.3
προσδιορισμένης,2,0.3
επιμερισμένη,2,0.3
ππα·,2,0.3
προεξοφλώντας,2,0.3
pv,2,0.3
"lrcom,13",2,0.3
"lrcom,11",2,0.3
αφαιρέση,2,0.3
"lrcom,1",2,0.3
κατανόησή,2,0.3
2003/71//εκ,2,0.3
προκειμένω·,2,0.3
αυτονόητος,2,0.3
διαφημισεις,2,0.3
πτυχές·,2,0.3
παρωχημένη,2,0.3
xix·,2,0.3
aktiengesellschaft,2,0.3
φθίνων,2,0.3
amao,2,0.3
ίδρυμα-καταθέτη,2,0.3
1.1.4.5,2,0.3
1.1.5.1,2,0.3
1.1.5.2,2,0.3
αλληλοεξαρτώμενης,2,0.3
080ς,2,0.3
υποθηκεύονται,2,0.3
διαθέσιμά,2,0.3
b′,2,0.3
r130·,2,0.3
επιτροπής)·,2,0.3
r020·,2,0.3
r230·,2,0.3
c150,2,0.3
διαιρεθεί,2,0.3
επώνυμο(-α,2,0.3
συμπεριλήφθηκε,2,0.3
γεώμηλο,2,0.3
εξωτικά,2,0.3
tapos,2,0.3
bltc,2,0.3
διασταυρούμενες,2,0.3
τηλεσκί,2,0.3
επιτηρούνται,2,0.3
απλούστερη,2,0.3
αντίγραφα,2,0.3
υποσυστηματων,2,0.3
υποτιθέμενη,2,0.3
τάνυση,2,0.3
επίγειος,2,0.3
οχλήσεις,2,0.3
εφεδροβοηθητικός,2,0.3
τοιχώματα,2,0.3
εφοδιασμένες,2,0.3
οδηγηθούν,2,0.3
κατασκευαστικου,2,0.3
συνυπολογιστεί,2,0.3
φοράει,2,0.3
89/391/εοκ,2,0.3
οξυγόνου·,2,0.3
αλυσοπρίονα,2,0.3
πίδακες,2,0.3
απρόσκοπτα,2,0.3
εμπόδιζαν,2,0.3
ικανοποιητική,2,0.3
τραχείος,2,0.3
σωματοδομή,2,0.3
προστατευτικά,2,0.3
χρησιμοποιείται(-ούμαι,2,0.3
τόξου,2,0.3
αντιολισθητικός,2,0.3
προσάρτηση,2,0.3
εξαντλημένο,2,0.3
επίπλευση,2,0.3
βλαβερός,2,0.3
θερμομονωτικός,2,0.3
προσπίπτων,2,0.3
ψυχρών,2,0.3
εκτοξευόμενα,2,0.3
ακτινοβολείται,2,0.3
μήκη,2,0.3
επιβλαβές,2,0.3
γυαλιών,2,0.3
διήθηση,2,0.3
μολυσμένος,2,0.3
διηθητικός,2,0.3
καταδυτικός,2,0.3
εισπνεύσιμου,2,0.3
κατάδυση,2,0.3
οριστικοποιείται,2,0.3
έλεγχοι·,2,0.3
υπέδειξε,2,0.3
αντίκες,2,0.3
καίω,2,0.3
εγκαταστάσεις·,2,0.3
στεγνώματος,2,0.3
wobbe,2,0.3
εξοπλισμων,2,0.3
τοποθετήθηκε,2,0.3
ατελειών,2,0.3
συμβαση,2,0.3
κατωτατα,2,0.3
επιπεδα,2,0.3
αποπαγιοποίηση,2,0.3
εξαγοράζον,2,0.3
εξαγοραζόμενο,2,0.3
συγχωνευόμενο,2,0.3
δίκτυο·ς,2,0.3
ετσε,2,0.3
αναπτύσσομαι,2,0.3
κατανομή-στόχο,2,0.3
προβλέψιμες·,2,0.3
αθέτησής,2,0.3
χαμηλός·,2,0.3
υποδομών.»·,2,0.3
άνοιγμα·,2,0.3
απαιτήσεις:»·,2,0.3
κόμβο,2,0.3
1.7.2015,2,0.3
αιτιολογημένο,2,0.3
κατώτατου,2,0.3
διερευάνλω,2,0.3
inter-trading,2,0.3
τμήματος·,2,0.3
εμφανιζόμενων,2,0.3
συνεργούντα,2,0.3
κερδοφόρα,2,0.3
παρόχων·,2,0.3
στραφούν,2,0.3
αποτύπωμα,2,0.3
απόκτηση·,2,0.3
2016/824,2,0.3
ωθώ,2,0.3
παραταθούν,2,0.3
γενικη,2,0.3
καθιέρωσή,2,0.3
ασκούντων,2,0.3
δομικά,2,0.3
επιβληθεί,2,0.3
τηλεφορτώσιμος,2,0.3
στοίχημα,2,0.3
στήριξη·,2,0.3
έναυσμα,2,0.3
συσσωρευτούν,2,0.3
υπονοιών,2,0.3
επιτήρησής,2,0.3
πιθανολογούμενης,2,0.3
εντολη,2,0.3
υπονοιά,2,0.3
12μηνο,2,0.3
παρήγαγαν,2,0.3
παρεκτείνω,2,0.3
διαδόθηκε,2,0.3
έμμεσα·,2,0.3
2016/962,2,0.3
συνεργατικός,2,0.3
πίνακα·,2,0.3
inter-financial,2,0.3
προσφερόντων,2,0.3
ενεργούσες,2,0.3
ανταλλάξιμου,2,0.3
επωνυμία·,2,0.3
καταγραφή·,2,0.3
οντότητας2,2,0.3
βασικότερος,2,0.3
υλοποιώνη,2,0.3
στοχευμένα,2,0.3
διαμορφωνόταν,2,0.3
έγκαιρο,2,0.3
κεντροποιημένες,2,0.3
επιλογές,2,0.3
πρωταρχικά,2,0.3
ξεπεραστούν,2,0.3
ανακάμψουν,2,0.3
γλώσσα·,2,0.3
ομίλους·,2,0.3
αναθεωρημένης,2,0.3
εξωγενός,2,0.3
υποκαταστασιμότητα,2,0.3
εξυγιανση,2,0.3
πτωχεύσει·,2,0.3
58·,2,0.3
παραλάβω,2,0.3
eat,2,0.3
ακολουθήθηκε,2,0.3
αργότερη,2,0.3
104·,2,0.3
17.8.2016,2,0.3
αναλυθεί,2,0.3
ορόσημα·,2,0.3
χρονοδιάγραμμα·,2,0.3
επερχόμενος,2,0.3
συμφέρουσας,2,0.3
συμψηφιστικό,2,0.3
καταγγελθεισών,2,0.3
κοινοποιηθείσες,2,0.3
προσαρμοστικότητα,2,0.3
ασφαλούς,2,0.3
υπερκειμένου,2,0.3
εστιασμένη,2,0.3
τηλεφόρτωση,2,0.3
μεταδεδομένων,2,0.3
πλοήγηση,2,0.3
βασισμένο,2,0.3
ανακεφαλαιοποιώνη,2,0.3
εξαιρούμενη,2,0.3
12μηνη,2,0.3
cvα·,2,0.3
39.89α,2,0.3
2.149,2,0.3
12.β12(β,2,0.3
ε(2003)1422,2,0.3
/κίνηση,2,0.3
εμπεριστατωμένα,2,0.3
"179-180,182,183",2,0.3
210/380,2,0.3
κατεστημένος,2,0.3
ccc+,2,0.3
ccc,2,0.3
ιστορία,2,0.3
bb,2,0.3
bb-sf,2,0.3
ba3(sf,2,0.3
aa+sf,2,0.3
22.8.2014,2,0.3
15/30(4,2,0.3
kg(4)/100,2,0.3
αυτονομία(25,2,0.3
4.0.6,2,0.3
4.0.6.1,2,0.3
lurban(16ς,2,0.3
υπο)κατηγορίες,2,0.3
άλλος(4,2,0.3
θαλάμων,2,0.3
κέντρο(4,2,0.3
χωρίς(4,2,0.3
/δείκτης,2,0.3
r=,2,0.3
δεξιό,2,0.3
αριστερό,2,0.3
εισόδους,2,0.3
αναγνωριστικός(-οί,2,0.3
ecus(1,2,0.3
με(2,2,0.3
εκατοστό,2,0.3
db(a)](3θ,2,0.3
km)(3θ,2,0.3
ιδ)·,2,0.3
4α.1,2,0.3
1.8.3,2,0.3
2.2.1.10.12,2,0.3
οριοθετείται,2,0.3
2016/1976,2,0.3
νεοεμφανιζόμενος,2,0.3
επικαιροποιόμενης,2,0.3
παρόμοια·,2,0.3
ταχυδρομείου·,2,0.3
μακρόπνοο,2,0.3
διερμηνείες,2,0.3
υποστήριξης·,2,0.3
παρουσίαση·,2,0.3
183/2013,2,0.3
2015/2173,2,0.3
2015/2441,2,0.3
2016/1703,2,0.3
2016/1905,2,0.3
δ)].ς,2,0.3
β3.1.1,2,0.3
β3.1.2,2,0.3
3.2.3–3.2.9,2,0.3
μεταβίβαση·ς,2,0.3
3.2.16,2,0.3
3.2.13,2,0.3
β4.1.9ε,2,0.3
3.2.15,2,0.3
β4.3.5,2,0.3
4.3.4,2,0.3
συσχετιστεί,2,0.3
ανέκκλητης,2,0.3
ανατρέψει,2,0.3
εμφανίσω,2,0.3
τροποποιημένα,2,0.3
εκταμιευμένη,2,0.3
β3.1.6,2,0.3
6.6.1–6.6.6,2,0.3
β6.6.1–β6.6.16,2,0.3
οε114–οε132,2,0.3
β6.4.9–β6.4.11,2,0.3
υχόν,2,0.3
εκκαθαρίζοντα,2,0.3
αντισταθμισμένας,2,0.3
εύρους·,2,0.3
7.2.21,2,0.3
7.2.14,2,0.3
γ42,2,0.3
γ16,2,0.3
42ιθ,2,0.3
4.1.5·ς,2,0.3
42ιβ–42ιε,2,0.3
επαναπροσαρμόζει,2,0.3
ανέκκλητη,2,0.3
αγορασμένο,2,0.3
ασφαλιστός,2,0.3
β)].ς,2,0.3
β3.2.9,2,0.3
διακανονιζόμενα,2,0.3
αποσβενόμενος,2,0.3
κατανεμηθείσα,2,0.3
εισπραχθείσες,2,0.3
εισέπραττε,2,0.3
μεγιστοποιείται,2,0.3
4.1.3,2,0.3
πενταετίας,2,0.3
κέρδους·,2,0.3
ανέλυε,2,0.3
διηνεκές,2,0.3
μοιράζονται,2,0.3
υπεισέλθει,2,0.3
κίνδυνοί,2,0.3
—έτσι,2,0.3
αλληλεξαρτώμενα,2,0.3
4.3.2,2,0.3
αναπροσαρμόστηκε,2,0.3
ομαδοποιώντας,2,0.3
ααα,2,0.3
ισχυρότερη,2,0.3
επικεντρωθεί,2,0.3
στενότερη,2,0.3
ικανοποιήνω,2,0.3
6.5.13,2,0.3
απεικονίζονταν,2,0.3
πουλώ,2,0.3
αντισταθμισμένοι,2,0.3
δολαρίων,2,0.3
κατασκεύασε,2,0.3
201χ,2,0.3
αξίας)·,2,0.3
βαρέλι,2,0.3
6.4,2,0.3
εξασφάλιζε,2,0.3
συνέχιζε,2,0.3
παραλείπο,2,0.3
πραγματοποιάνω,2,0.3
αντισταθμίστηκαν,2,0.3
κινδύνου)·,2,0.3
διάρκειάς,2,0.3
μηδενικό·,2,0.3
διαχειρίστηκε,2,0.3
σμ120,2,0.3
σμ50,2,0.3
του)·,2,0.3
β1–β6,2,0.3
β9ς,2,0.3
b4.1.9b,2,0.3
b4.1.9δ,2,0.3
b4.1.12ς,2,0.3
7.2.5,2,0.3
β8στ,2,0.3
64η,2,0.3
41δ,2,0.3
β18–β20,2,0.3
2–5,2,0.3
8–11,2,0.3
42γ–42ε,2,0.3
22–24,2,0.3
44ιδ,2,0.3
12β–12δ,2,0.3
22α–22γ,2,0.3
23α–23στ,2,0.3
24α–24ζ,2,0.3
35α–35ιδ,2,0.3
προσδιορίσθηκαν,2,0.3
35β,2,0.3
ανακατατάγω,2,0.3
αποπροσδιορισμός,2,0.3
β22,2,0.3
προσδιορισμό·,2,0.3
35ια,2,0.3
7.2.13,2,0.3
139ε,2,0.3
40β,2,0.3
40δ,2,0.3
60θ,2,0.3
40–42,2,0.3
45α,2,0.3
97h,2,0.3
4–7,2,0.3
10–70,2,0.3
88–90,2,0.3
103β,2,0.3
103ιθ,2,0.3
οε1–οε93,2,0.3
παραγραφοι,2,0.3
11–13,2,0.3
οε1,2,0.3
εξοφλούμενης,2,0.3
υποχρέωσης)·,2,0.3
στερλινός,2,0.3
απομειώω,2,0.3
αναλυτικότερη,2,0.3
104.00,2,0.3
απρίλιο,2,0.3
ανακαινισμένο,2,0.3
μακροπεριφέρειες,2,0.3
ανανεούμενων,2,0.3
φούσκα,2,0.3
105.03,2,0.3
αθέτησης*,2,0.3
105.01,2,0.3
λογιστώ,2,0.3
κλεισίματα,2,0.3
προσαρμόστε,2,0.3
ακάλυπτα,2,0.3
χρηματαγορών,2,0.3
βέγκα,2,0.3
straddle,2,0.3
καταβαλλόμενο,2,0.3
libor,2,0.3
ποσό*ς,2,0.3
"1,5000",2,0.3
20000000,2,0.3
υπερ-προνομιούχος,2,0.3
αναφέρεμαι,2,0.3
εκπεφρασμένη,2,0.3
ιστορική,2,0.3
βύθισμα,2,0.3
ειδικών,2,0.3
+46,2,0.3
υποστηριζόμενα,2,0.3
λαμβάνοντα,2,0.3
επανενεχυρίαση,2,0.3
καθυστερήνω,2,0.3
περάτωση·,2,0.3
συλλέγοντος,2,0.3
λαμβάνοντος,2,0.3
παρεχόντων,2,0.3
πλεονάζουσας,2,0.3
συναλλάγματος»)·,2,0.3
συγκεντρωθεί,2,0.3
πληρούνται·,2,0.3
ασφαλειά,2,0.3
641/2009,2,0.3
244/2009,2,0.3
2015/1188,2,0.3
στεγανός,2,0.3
11.11.2010,2,0.3
ανεμιστήρων,2,0.3
10.3.2012,2,0.3
ερμάριο,2,0.3
συμπιεστή-συμπυκνωτή,2,0.3
24.3.2009,2,0.3
κάτωθις,2,0.3
θύρας,2,0.3
ενσύρματος,2,0.3
σκανδάλιση,2,0.3
επανενεργοποιώ,2,0.3
αποσυνδεδεμένος,2,0.3
κορυφοτιμής,2,0.3
δροσερός,2,0.3
αναπαραγώγιμας,2,0.3
aec,2,0.3
ηρl,2,0.3
στεγνωτηρίων,2,0.3
interface,2,0.3
νάρκης,2,0.3
συλλεγόμενη,2,0.3
χαλί,2,0.3
κενώ,2,0.3
ομε,2,0.3
μομε,2,0.3
ερμαρίων,2,0.3
εναλλακτικώς,2,0.3
i)1,2,0.3
μαγειρέμας,2,0.3
σωληνωτός,2,0.3
ψυκτής,2,0.3
2017/100,2,0.3
2017/1,2,0.3
πάψω,2,0.3
2016/3,2,0.3
επιτροπής·ς,2,0.3
φθινόπωρο,2,0.3
παρέλαβε,2,0.3
emsländische,2,0.3
τοπικών,2,0.3
μεταβιβαση,2,0.3
67.500,2,0.3
καταγγέλθηκε,2,0.3
εκκαθαρίσεων,2,0.3
διασφαλιζόταν,2,0.3
ελεγχόταν,2,0.3
δημοσιων,2,0.3
σιδηρόδρομος,2,0.3
ταξίδια,2,0.3
αντισταθμίστηκε,2,0.3
ενισχυσης,2,0.3
βελτιστοποιώ,2,0.3
ασκούνταν,2,0.3
επισήμαναν,2,0.3
άνοιξη,2,0.3
αναγκάζονταν,2,0.3
nahverkehrsberatung,2,0.3
δραστηριοποιούνταν,2,0.3
καταργήθηκε,2,0.3
μειώθηκαν,2,0.3
προσαρμόστηκε,2,0.3
αρνιέμαι,2,0.3
διευκρίνισαν,2,0.3
επεσήμαναν,2,0.3
κρατικων,2,0.3
διεξήχθη,2,0.3
ebb,2,0.3
—αν,2,0.3
ομόσπονδος,2,0.3
βεβαίως,2,0.3
χωρία,2,0.3
διατροπικός,2,0.3
επέτρεψε,2,0.3
διατίθεντο,2,0.3
διέταξε,2,0.3
nds,2,0.3
κυβερνήσεως,2,0.3
περιφερειοποίησης,2,0.3
μεταβιβαζόμενες,2,0.3
"520989,05",2,0.3
184/98,2,0.3
36.,2,0.3
ενδοομιλικό,2,0.3
ανεξάρτητων,2,0.3
πληρώνομαι,2,0.3
απαιτούμενης,2,0.3
αδύναμη,2,0.3
κατασκευάζεται,2,0.3
προβλέπεται·,2,0.3
πουλήζω,2,0.3
απτός,2,0.3
χρέωση·,2,0.3
διαπιστωθεισών,2,0.3
βραχύτερων,2,0.3
καταγγελθείσα,2,0.3
άσκησης·,2,0.3
χαρακτηρισμένος,2,0.3
παλαιού,2,0.3
ταξινόμησης,2,0.3
προϊόντος,2,0.3
ωριαία,2,0.3
λήξη»·,2,0.3
αποτίμησης»·,2,0.3
μονοψήφιου,2,0.3
–και,2,0.3
διαχωρίζοντάς,2,0.3
κενά,2,0.3
fu,2,0.3
spreadbet,2,0.3
διαχωριζόμενοι,2,0.3
da,2,0.3
pr,2,0.3
σχηματισμένο,2,0.3
gd,2,0.3
λεπτά,2,0.3
wn,2,0.3
σαββατοκύριακο,2,0.3
tu,2,0.3
su,2,0.3
λλζ,2,0.3
χρονοσειρή,2,0.3
ενσωματωμένοι,2,0.3
ενσωματώω,2,0.3
ομαδοποιημένο,2,0.3
αποδεχόμενος,2,0.3
δακτύλα,2,0.3
κοκοφοίνικας,2,0.3
λαοκρατική,2,0.3
δίκαιό,2,0.3
συλλέξουν,2,0.3
επιτρέπει,2,0.3
αποτελέσματα·,2,0.3
επιδομάτων,2,0.3
δαπάνες·,2,0.3
έχουν,2,0.3
προληπτικής,2,0.3
εποπτείας,2,0.3
ρευστοποίησή,2,0.3
επιστολής·,2,0.3
επιστολών·,2,0.3
πιστώσεων·,2,0.3
συχνότητα·,2,0.3
θέσεις·ς,2,0.3
εξελιώνχ,2,0.3
εσωτερικοποιημένας,2,0.3
διάδικος,2,0.3
αυτόβουλος,2,0.3
χρημάτων·,2,0.3
κύρωσης·,2,0.3
παραπτώματα,2,0.3
ανοιχτής,2,0.3
εκτελέσιμα,2,0.3
συζύγους,2,0.3
συντρόφος,2,0.3
αρχειων,2,0.3
αρχείων·,2,0.3
καταγράφονται·,2,0.3
εντολέα·,2,0.3
αναμονή·,2,0.3
καταστροφή·,2,0.3
αναγκαίων,2,0.3
άλλου/-ων,2,0.3
υπεύθυνο/-α,2,0.3
κατατέθηκε,2,0.3
καθορισμένου/-ων,2,0.3
πιστωτικού/-ών,2,0.3
ιδρύματος/-των,2,0.3
εξερχόμενες,2,0.3
διαβιβάζουσα,2,0.3
4-7,2,0.3
προσόντων,2,0.3
-22,2,0.3
αυτοτελές,2,0.3
ucit,2,0.3
άλλα·,2,0.3
4)/χώρα,2,0.3
δανειοδοτικές,2,0.3
ηητhh,2,0.3
δανειοδοτικής,2,0.3
επιχειρησιακοί,2,0.3
ισημερινού,2,0.3
08030019,2,0.3
24.12.2016,2,0.3
ποσότητά,2,0.3
αντιστοιχιζόμενος,2,0.3
επενδυθέντος,2,0.3
ημι-αυτοματοποιημένου,2,0.3
αλγοριθμικές,2,0.3
θεσπίνω,2,0.3
λύση·,2,0.3
πελάτες-επενδυτής,2,0.3
προειδοποιήσεις·,2,0.3
αποδέχθηκε,2,0.3
ριζικά,2,0.3
διαβίβασε,2,0.3
βαθμό·,2,0.3
2009/22/εκ,2,0.3
αδιαφανή,2,0.3
εισερχόμενης,2,0.3
0εισαγωγή,2,0.3
εισαχθέντος,2,0.3
εσωτερικοποιητή·,2,0.3
ερχόταν,2,0.3
έκλεισαν,2,0.3
παρεμβασεις,2,0.3
συνυφασμένη,2,0.3
τριτεύουσα,2,0.3
υπονοώντας,2,0.3
θέσεων·ς,2,0.3
2014/65/εκ,2,0.3
σχεδιασμένου,2,0.3
χειριστούν,2,0.3
παραλείφω,2,0.3
διαφάνειας·,2,0.3
διπλότυπων,2,0.3
χιλιοστός,2,0.3
αξιόπιστου,2,0.3
ανασυντάξουν,2,0.3
ιχνηλασιμότητά,2,0.3
συνεπέςς,2,0.3
όριωρα,2,0.3
μεταφορτώνω,2,0.3
15:30:00,2,0.3
διαφέρουν·,2,0.3
διάμεσο,2,0.3
κατευθυνόμενος,2,0.3
βαθμονομούν,2,0.3
αθροιστούν,2,0.3
εσωτερικοποιητής·,2,0.3
ταυτοποιήζω,2,0.3
πρόθημα,2,0.3
στρογγυλοποιούμαι,2,0.3
προσφοράς-ζήτηση,2,0.3
ανεπαρκής·,2,0.3
προπορευόμενος,2,0.3
εκτελών,2,0.3
απαλοιφη,2,0.3
συνεπαγωγή,2,0.3
δρομολογημένος,2,0.3
good-till-cancelled,2,0.3
fill-or-kill,2,0.3
alphanum-4,2,0.3
ενεργοποιημένη,2,0.3
προσδεδεμένος,2,0.3
εναπομείνας,2,0.3
αυτοεκτέλεση,2,0.3
iso10383,2,0.3
διακρισεων,2,0.3
άσκοποι,2,0.3
αιτιολοάγλω,2,0.3
τόπου(-ων,2,0.3
τόπος(-οι,2,0.3
πωλών,2,0.3
πραγματοποιουν,2,0.3
εφαρμοζόμενου,2,0.3
9:00,2,0.3
δοκιμασία-2,2,0.3
etn·,2,0.3
εκατομμύρια·,2,0.3
s3,2,0.3
mtf,2,0.3
alphanum-25,2,0.3
περιορισμένα,2,0.3
κατατμηθεί,2,0.3
ανταλλάξουν,2,0.3
παθητικά,2,0.3
δικαιώματα·,2,0.3
ndo,2,0.3
κλιμακίου,2,0.3
χρονοναύλωσος,2,0.3
intr,2,0.3
πληθωρισμου,2,0.3
ανεκτέλεστος,2,0.3
αλγοριθμικων,2,0.3
τοπων,2,0.3
ρεαλιστικά,2,0.3
αναμονής·,2,0.3
απρόσμενος,2,0.3
δυσλειτουργίας·,2,0.3
επανεξέτασή,2,0.3
πυλών,2,0.3
δυναμικά,2,0.3
επιχειρησιακή,2,0.3
αναγνωριστικών,2,0.3
παραλήφνω,2,0.3
αδειοδότησης·,2,0.3
πείρα·,2,0.3
2017/577,2,0.3
παρτίδα·,2,0.3
επανέλεγχος,2,0.3
παρέχει·,2,0.3
τεχνικη,2,0.3
εγκεκριμένοι,2,0.3
επώνυμα,2,0.3
ουδετερότητα·,2,0.3
υψηλότερος·,2,0.3
εκτελούσας,2,0.3
actx,2,0.3
δεσποζουσών,2,0.3
εξυπαρχής,2,0.3
επιλεξιμότητάς,2,0.3
μεθοδολογια,2,0.3
ειδό,2,0.3
15κδ,2,0.3
10.12.2013,2,0.3
4λγς,2,0.3
6.10.2017,2,0.3
ίδιες.»·,2,0.3
επιβλητέας,2,0.3
υπολογισμένου,2,0.3
τιμολογίων,2,0.3
18.8.2015,2,0.3
αλληλοσυγκρουόμενων,2,0.3
1a(47,2,0.3
foia,2,0.3
721(a)(21,2,0.3
συντείνω,2,0.3
),2,0.3
εκτενέςς,2,0.3
υποκίνηση,2,0.3
ισοδυναμίας,2,0.3
συνεύρεση,2,0.3
κανόνα,2,0.3
3b-16,2,0.3
διαμεσολαβητής-διαπραγματευτής,2,0.3
19(b,2,0.3
διαμεσολαβητή-διαπραγματευτή,2,0.3
χρηματιστηρίων].,2,0.3
διαμεσολαβητές-διαπραγματευτές,2,0.3
1933,2,0.3
αυτορρυθμιζόμενου,2,0.3
μάρτυρα,2,0.3
nms,2,0.3
αυτού].,2,0.3
17(a,2,0.3
26(b,2,0.3
διατάγματα,2,0.3
fmio,2,0.3
υποψιών,2,0.3
εξουσιοδοτόμενης,2,0.3
επίπληξη,2,0.3
άμεμπτος,2,0.3
αμφιβολιών,2,0.3
κάνο,2,0.3
δυσκολότερη,2,0.3
προνομιούχου,2,0.3
υπέρτερος,2,0.3
99α,2,0.3
εκκαθάρισης,2,0.3
seco»·,2,0.3
βάθρων,2,0.3
βιοκτόνα,2,0.3
αντιπρόσωπου,2,0.3
αναβαθμιστεί,2,0.3
εξορθολογιστεί,2,0.3
συνεργεία,2,0.3
2003/12/εκ,2,0.3
μοσχεύμα,2,0.3
παράγωγό,2,0.3
γραφενίο,2,0.3
μικροσκοπικός,2,0.3
συσσωματωμάτο,2,0.3
εμβαδός,2,0.3
ανακαινίζω,2,0.3
ανακατασκευή,2,0.3
οδηγώντας,2,0.3
ενταχθούν,2,0.3
ατυχής,2,0.3
εμβρυϊκός,2,0.3
προδραστικός,2,0.3
iiι,2,0.3
συνεργαστεί,2,0.3
ασφαλίσει,2,0.3
85/374/εοκ,2,0.3
αποσύρσεων,2,0.3
ανάδρομη,2,0.3
εμφυτεύσιμου,2,0.3
εμφυτευθεί,2,0.3
εμφυτευμάτων,2,0.3
87.,2,0.3
προμήθευσαν,2,0.3
προμηθεύτηκαν,2,0.3
αντιπαραβάλλω,2,0.3
πληθυσμιακός,2,0.3
ιχνηλασιμότητάς,2,0.3
οργανισμοι,2,0.3
επιβεβαιώζω,2,0.3
εμμείνω,2,0.3
αριθμής,2,0.3
μαρτύρων,2,0.3
μαρτυρώ,2,0.3
συνήγαγε,2,0.3
αδικαιολογήτως,2,0.3
επιλεγείς,2,0.3
ερευνες,2,0.3
ταλαιπωρία,2,0.3
πάσχω,2,0.3
επαληθευθούν,2,0.3
εγκύους,2,0.3
έμβρυο,2,0.3
διεξαγόταν,2,0.3
ελαττωμάτο,2,0.3
απροσδόκητης,2,0.3
σίγουρος,2,0.3
στοχοθετημένος,2,0.3
διαταραχθούν,2,0.3
εμπειρογνωμονων,2,0.3
αμφοτέρους,2,0.3
προσκαλούμαι,2,0.3
1.2.2002,2,0.3
2002/98/εκ,2,0.3
20.10.2011,2,0.3
στήθους,2,0.3
αρθρώσεων,2,0.3
ισχίου,2,0.3
καταλληλότερων,2,0.3
μόρφωση,2,0.3
ανάπηρος,2,0.3
σχεδιασμο,2,0.3
10.4.3,2,0.3
10.4.4,2,0.3
10.4.1,2,0.3
ανέπαφος,2,0.3
αποστειρωθεί,2,0.3
αποστειρωθούν,2,0.3
επικίνδυνη,2,0.3
επαναληψιμότητα,2,0.3
χορηγούμενης,2,0.3
αντενδείξεων,2,0.3
10.4.5,2,0.3
επανεπεξεργασμένο,2,0.3
επαναχρησιμοποιήσεων,2,0.3
αιχμηρά,2,0.3
27.6.2012,2,0.3
θεραπευθούν,2,0.3
εργαστηρίου,2,0.3
γονιδιοτοξικότητας,2,0.3
λατέξ,2,0.3
συναρμολογηθούν,2,0.3
κονσόλα,2,0.3
χαρτοκιβώτιος,2,0.3
ραβδωτοί,2,0.3
εμπορευματοκιβώτιο,2,0.3
συναλυσωμένα,2,0.3
ετοιμασία,2,0.3
σαρώσιμος,2,0.3
ανταγωνιζόμενος,2,0.3
βεβαιωμένος,2,0.3
σχολή,2,0.3
επιστήμες,2,0.3
τεχνικές,2,0.3
κατασκευασθήν,2,0.3
εγκεφαλοπάθεια,2,0.3
ευρημά,2,0.3
ενεργα,2,0.3
τραύματος,2,0.3
παρακολουθητικός,2,0.3
κατιούσα,2,0.3
φλέβες,2,0.3
φλέβα,2,0.3
βλεννογόνου,2,0.3
ασκός,2,0.3
αυτιού,2,0.3
ορατού,2,0.3
αντισύλληψη,2,0.3
έκπλυση,2,0.3
φακής,2,0.3
εντεταγμένη,2,0.3
εξεταστής,2,0.3
σχετικότητα,2,0.3
δικαιολογημένων,2,0.3
τεκμηρίο,2,0.3
προσδοκώμενας,2,0.3
εφε,2,0.3
περιέχονται,2,0.3
συνοδός,2,0.3
χώνα,2,0.3
ενδοδερμικός,2,0.3
λέιζερς,2,0.3
κρανίο,2,0.3
806//2014·,2,0.3
προβλέφθηκε,2,0.3
2016/2276,2,0.3
επικουρία,2,0.3
μεταφραστικός,2,0.3
επιθεώρηση·,2,0.3
ανακριτικός,2,0.3
αυτοενοχοποίησης·,2,0.3
άρθρο/-α,2,0.3
προβλέπετε,2,0.3
τετραγωνίδιο/-α,2,0.3
γνωστά/-οί,2,0.3
επιληφθεί,2,0.3
διαβιβάσετε,2,0.3
αναφοράς].,2,0.3
χρειάζεστε,2,0.3
δεδικασμένου,2,0.3
μεμονωμένα·,2,0.3
υποενοτήτων,2,0.3
κατάργησε,2,0.3
υπευθύνας,2,0.3
αιτιολογημένους,2,0.3
παραθέζω,2,0.3
επιβληθέντος,2,0.3
πέτυχαν,2,0.3
αναλύσιμο,2,0.3
διασαφηνισθούν,2,0.3
μεταφράσεών,2,0.3
δυναμισμός,2,0.3
στιγμιαίου,2,0.3
εναλλάξιμες·,2,0.3
συνοδεύθηκε,2,0.3
μεταβιβάσιμης,2,0.3
επενδύσω,2,0.3
ζητεί,2,0.3
κατέθεσαν,2,0.3
υπαναχωρήσουν,2,0.3
ανταλλάσσουν,2,0.3
νομικών,2,0.3
700000,2,0.3
υπαιτίος,2,0.3
δημοσίευσης·,2,0.3
ακυρώσεως,2,0.3
διαδόσεως,2,0.3
επιλεγέντας,2,0.3
τάσεις,2,0.3
ενοποιημένοι,2,0.3
πανικόβλητος,2,0.3
ληκτότηταςς,2,0.3
συντελείται,2,0.3
δεδουλευμένη,2,0.3
ακχα-στόχο,2,0.3
ακχα-στόχος,2,0.3
ακχα-αγοραστή,2,0.3
αλληλεγγύως,2,0.3
εξαγοραστούν,2,0.3
εκφεύγουν,2,0.3
εξαγοράζονται,2,0.3
δράσης·,2,0.3
εακaa,2,0.3
36·,2,0.3
—ως,2,0.3
δικαιοδοσίες·,2,0.3
7.35m(α,2,0.3
7.35μ(β)(i,2,0.3
7.35m(γ,2,0.3
b5.4.7,2,0.3
b6.4.1,2,0.3
2.238(β,2,0.3
2.238(α,2,0.3
2.249(γ,2,0.3
7.35m(στ,2,0.3
1.34(γ,2,0.3
34(ε,2,0.3
1.34(ε,2,0.3
34(στ,2,0.3
9.6.7].,2,0.3
α].,2,0.3
9.5.5.15].,2,0.3
9.5.6.7,2,0.3
εκτ[.,2,0.3
7.b8e].,2,0.3
213-239,2,0.3
9.5.1.1].,2,0.3
16.3,2,0.3
16.4,2,0.3
ομαδασ,2,0.3
εσοδων,2,0.3
τισ,2,0.3
164β,2,0.3
εξυπηρετήνω,2,0.3
αυστραλίας·,2,0.3
βραζιλίας·,2,0.3
καναδά·,2,0.3
μεξικού·,2,0.3
κορέας·,2,0.3
ελβετίας·,2,0.3
τουρκίας·,2,0.3
ssh,2,0.3
συνδυάσιμων,2,0.3
αντληθέντων,2,0.3
αντιπροσώπους·,2,0.3
προορίζεται·,2,0.3
διαφανής·,2,0.3
συμπληρώνο,2,0.3
προθέση,2,0.3
επίτευξή,2,0.3
διοριστούν,2,0.3
κεφαλαιαγορής,2,0.3
"του,»·ς",2,0.3
"προϋποθέσεις,»·",2,0.3
προϋποθέσεις:»·ς,2,0.3
"15α,»·",2,0.3
πετύχω,2,0.3
26.6.2014,2,0.3
21.,2,0.3
κατάρτισή,2,0.3
www.bis.org,2,0.3
δείκτες,2,0.3
επιπροσθετους,2,0.3
κκα)].,2,0.3
ba.7,2,0.3
δοθείσας,2,0.3
3μ,2,0.3
"έως030,010",2,0.3
δείχτη,2,0.3
1.2.3.4,2,0.3
2.1.3.1,2,0.3
2.1.3.4,2,0.3
προτοποθετημένος,2,0.3
cce,2,0.3
ασφάλειάς,2,0.3
μεγαλύτερας,2,0.3
αδειοδοτημένο/-η,2,0.3
ευχρηστία,2,0.3
οφθαλμολογικά,2,0.3
γονιμοποίηση,2,0.3
ορθοπαιδικός,2,0.3
καθετήρας,2,0.3
ανόργανος,2,0.3
λοίμωξη,2,0.3
γονιμότητα,2,0.3
βιοχημεία,2,0.3
χρωματογραφία,2,0.3
χημεία,2,0.3
προτελευταίος,2,0.3
διαπραγμάτευσης.»·,2,0.3
επιβάρυνσής,2,0.3
τετραμήνου,2,0.3
αναγκαία,2,0.3
1163/2014·,2,0.3
2014/41,2,0.3
προτίθεστε,2,0.3
απορία,2,0.3
αντιπροσώπου].,2,0.3
"a4,irb",2,0.3
ώσπου,2,0.3
επανεμφάνιση,2,0.3
διευκρινήσεις,2,0.3
ήπια,2,0.3
γνωπό,2,0.3
τμημάτο,2,0.3
υποσκάπτω,2,0.3
εκπονήνω,2,0.3
δανειοδότες,2,0.3
27·,2,0.3
εαες,2,0.3
μετριάζονται,2,0.3
παρέλειψε,2,0.3
συνδιαλλαγή,2,0.3
ενημερώθηκαν,2,0.3
τιτλοποιήσεων]·,2,0.3
μεταβιβάζουσος,2,0.3
πραγματικότητας·,2,0.3
παρεισέφρησαν,2,0.3
4.2.1.7,2,0.3
c2a,2,0.3
14863,2,0.3
t-3,2,0.3
b-3,2,0.3
b-4,2,0.3
28.3.2015,2,0.3
επιτοκιων,2,0.3
εκκρεμούσας,2,0.3
ζητουμένος,2,0.3
υποβάλετε,2,0.3
αποδέκτρια,2,0.3
22.4.2004,2,0.3
15.5.2003,2,0.3
22.9.2012,2,0.3
15.10.2016,2,0.3
13.10.2016,2,0.3
13.12.2016,2,0.3
εξουσιοδοτικός,2,0.3
13ζ,2,0.3
2014/16,2,0.3
αντικαθιστάμενο,2,0.3
προσεγγίσεας,2,0.3
20.5.2016,2,0.3
ετέθη,2,0.3
31βγβ,2,0.3
απόφαση]·,2,0.3
32013r0148.a09]·,2,0.3
αντισυμβαλλομένων»·,2,0.3
απόφαση]»·,2,0.3
31βγιη,2,0.3
0849,2,0.3
προορισμόνς,2,0.3
συνθετότητα,2,0.3
αναδιάρθρωσή,2,0.3
προκαθορισμένο,2,0.3
ανάλυση.»·,2,0.3
προεξοφλημένου,2,0.3
εκτιμηθείσα,2,0.3
προεξοφλήσεις,2,0.3
ιδιαίτερης,2,0.3
πληρωμές·,2,0.3
παρεχόμενων,2,0.3
7.2.29,2,0.3
β4.1.11,2,0.3
sd,2,0.3
amb-4,2,0.3
a1,2,0.3
καρκινογόνους,2,0.3
μεταλλαξιογόνος,2,0.3
μεταλλαξιογόνοι,2,0.3
προτιμώ,2,0.3
"2,3-εποξυπροπυλεστέρας·",2,0.3
ανθρακικό,2,0.3
n′-μεθυλενοδιμορφολίνη·,2,0.3
παραφορμαλδεΰδης,2,0.3
2-υδροξυπροπυλαμίνης,2,0.3
οξύ·,2,0.3
δεκαεννεαφθοροδεκανοϊκός,2,0.3
2.2.2.15.1.1.1,2,0.3
οχήματα.»·,2,0.3
6.15.6,2,0.3
6.18.4.3,2,0.3
5.1.3,2,0.3
11451-1,2,0.3
μs,2,0.3
7.4.4,2,0.3
καμπύλο,2,0.3
έδαφος)·,2,0.3
mt,2,0.3
t2/c2,2,0.3
3.11.2,2,0.3
σβησμένος,2,0.3
πάγο,2,0.3
3.2.2.2.2,2,0.3
διαμήκες,2,0.3
γυρισμένος,2,0.3
προστασίας.»·,2,0.3
3.1.5.2,2,0.3
εξώς,2,0.3
στροφέας,2,0.3
3.2.1.3.4,2,0.3
3.2.2.2.4,2,0.3
στύλο,2,0.3
χειρολαβή,2,0.3
εγκάρσιων,2,0.3
επίπεδη,2,0.3
7.13,2,0.3
κατεβασμένη,2,0.3
καρπός,2,0.3
καθόδος,2,0.3
3.1.3.1,2,0.3
τηλεπισκόπηση,2,0.3
αρθρώνω,2,0.3
φορτωμένο,2,0.3
εργολάβος,2,0.3
συνηόμενμς,2,0.3
read-only,2,0.3
επισκευη,2,0.3
επεξεργάσιμων,2,0.3
παράτυπα,2,0.3
διαγραφόμενος,2,0.3
2009/40/εκ,2,0.3
17.9.1996,2,0.3
12.1.2011,2,0.3
ενηλίκος,2,0.3
ανδρεικέλου,2,0.3
λεκάνη,2,0.3
πολυθρόνα,2,0.3
έδρανος,2,0.3
ν.,2,0.3
υποκατηγοριοποίηση,2,0.3
εξισώσεις,2,0.3
12800,2,0.3
3.8.3.1,2,0.3
στραμμένους,2,0.3
πανό,2,0.3
επίμηκες,2,0.3
υποκατηγοριοποιώ,2,0.3
πενταξονικός,2,0.3
4.1(α,2,0.3
4.2(α,2,0.3
4.2(β,2,0.3
4.3(α,2,0.3
τροχόσπιτο,2,0.3
ταξιδεύω,2,0.3
αυτοφερόμενος,2,0.3
φάτνωμα,2,0.3
κουπέ,2,0.3
κινήσει·,2,0.3
αμαξώματος·,2,0.3
οχήματα)·,2,0.3
τρίγωνο,2,0.3
αμάξωμα·,2,0.3
ομάδα·,2,0.3
λεωφορείου,2,0.3
ημιρυμουλκουμένων,2,0.3
διευθυντήριος,2,0.3
επεξεργασμένο,2,0.3
εφοδιασμένα,2,0.3
βατήρας,2,0.3
προβλεπόμενη,2,0.3
ασυμμετρικός,2,0.3
προσαρμοζόμενα,2,0.3
πνευματικά,2,0.3
run-flat,2,0.3
προσθίως,2,0.3
φατνώματος,2,0.3
ανακυκλωσιμότητα,2,0.3
περίπλοκα,2,0.3
ηλεκτροκίνητα,2,0.3
2015/758,2,0.3
81·,2,0.3
17020:2012,2,0.3
διατρέξει,2,0.3
δυναμόμετρο,2,0.3
καλιφόρνια,2,0.3
εξατμιστικός,2,0.3
βενζινοκίνητα,2,0.3
κάνιστρο,2,0.3
καυσαερίου,2,0.3
5.9.1,2,0.3
ηχητική,2,0.3
ταμπλό,2,0.3
ευδιάκριτας,2,0.3
σβήσιμο,2,0.3
αλλοίωσή,2,0.3
προβολέος,2,0.3
χιονιού,2,0.3
αυτοκόλλητων,2,0.3
έγχρωμων,2,0.3
πεζή,2,0.3
5.1.2,2,0.3
καθισμάτο,2,0.3
εξατμίσεως,2,0.3
23.2.1970,2,0.3
25.6.2011,2,0.3
14.07,2,0.3
swc,2,0.3
στραμμένου,2,0.3
υπογαστρίου,2,0.3
2003/102/εκ,2,0.3
2005/66/εκ,2,0.3
73·,2,0.3
υπολογιστή·,2,0.3
ορίζεται·,2,0.3
κατασκευαστή(-ές,2,0.3
προϊόν(-τα,2,0.3
διεξαχθείσες,2,0.3
ενδείκτης,2,0.3
στάδιο(-α)·,2,0.3
αναδημοσίευση,2,0.3
ολοκληρωμένου,2,0.3
επικοινωνιας,2,0.3
χωριστης,2,0.3
τεχνικης,2,0.3
μοναδας,2,0.3
λεπτομερές,2,0.3
εδ,2,0.3
$00,2,0.3
δευτερεύουσες,2,0.3
επαναρρύθμιση,2,0.3
αρχικοποίηση,2,0.3
γκαουσιανές,2,0.3
σοβαρότητας·,2,0.3
προετοιμασμένο,2,0.3
φιλτραρίσματος,2,0.3
κλιμακοθέτησης,2,0.3
διαπιστωθέντας,2,0.3
κατανομό,2,0.3
ανιχνεύσιμος,2,0.3
λεπτοκύρτωση,2,0.3
2.5.4.2,2,0.3
2.2.2·,2,0.3
13.4.2017,2,0.3
γαλακτωμάτων,2,0.3
δηλούμενες,2,0.3
δηλούμενη,2,0.3
11.2.3,2,0.3
οδοντοτροχών)/ιμάντας,2,0.3
43.6.5,2,0.3
6.3.6.4,2,0.3
τελική/-ές,2,0.3
1)»·,2,0.3
1)·,2,0.3
2.1.1.10,2,0.3
κλάδο·,2,0.3
2018/1078,2,0.3
διαμέσου,2,0.3
μέλη-αποδέκτα,2,0.3
πιστωθούν,2,0.3
χρεωθούν,2,0.3
μέρος-αποδέκτης,2,0.3
δανειοδοτικέ,2,0.3
προσμείξεις,2,0.3
κουβέρτα,2,0.3
υποδημάτο,2,0.3
γούνα,2,0.3
κουμπώμα,2,0.3
μοκέτα,2,0.3
βενζόλιο,2,0.3
α-4-τετραχλωροτολουόλιο·,2,0.3
χλωριούχο,2,0.3
"2,4,5-τριμεθυλανιλίνη",2,0.3
δανείσουν,2,0.3
εκτεταμένης,2,0.3
τριετών,2,0.3
πενταετών,2,0.3
ανοίξει,2,0.3
πράκτορά,2,0.3
δ)·»·,2,0.3
8.»·,2,0.3
παράγραφο.»·,2,0.3
ασφαλισμένες,2,0.3
δευτερογενείς,2,0.3
πρόσκαιρων,2,0.3
0340,2,0.3
0390,2,0.3
0530,2,0.3
χαρτογραφεί,2,0.3
1071/2013,2,0.3
2014/15,2,0.3
4.1-4.2,2,0.3
αποτρεπόταν,2,0.3
infrastructures,2,0.3
προσβαλλόμενες,2,0.3
χρηματοπιστωτικων,2,0.3
170·,2,0.3
180·,2,0.3
ρυθμιστικής,2,0.3
070-110,2,0.3
9.3.2.16,2,0.3
—λόγω,2,0.3
091,2,0.3
096,2,0.3
1.29,2,0.3
—αφού,2,0.3
154η,2,0.3
154ιβ,2,0.3
154ιε,2,0.3
ruf”)·,2,0.3
εγγυήσεων”·,2,0.3
ιδρύματα”·,2,0.3
διαγραφών”·,2,0.3
αναστολής”)·,2,0.3
40.1·,2,0.3
κυβερνήσεις·,2,0.3
υποκατάστασης·,2,0.3
c43.00,2,0.3
υπολογιζόμενο,2,0.3
ευπαθής,2,0.3
προσκαλούνται,2,0.3
υπεύθυνο/-η,2,0.3
δεοντολογίας·,2,0.3
2018/1638,2,0.3
υποβάλλας,2,0.3
συνεισφοράς·,2,0.3
δυσλειτουργίες·,2,0.3
συνεισφέρων·,2,0.3
2018/1639,2,0.3
κατέχον,2,0.3
νανομορφής,2,0.3
εφαρμοσιμότητας,2,0.3
συνόλων,2,0.3
υδατοδιαλυτότητα,2,0.3
γονιδίο,2,0.3
βακτήριο,2,0.3
θηλαστικός,2,0.3
προσμείξεων,2,0.3
0.6.1,2,0.3
εντοπιζόμενος,2,0.3
επιδημιολογικός,2,0.3
προσμείξη,2,0.3
μορφολογικός,2,0.3
αποσυντίθω,2,0.3
ασπόνδυλας,2,0.3
διαλυτή,2,0.3
8.6.1,2,0.3
δοσολογία,2,0.3
σκοπιμότερο,2,0.3
ψάρι,2,0.3
οξείδωση,2,0.3
εκρόφηση,2,0.3
αποδόμησή,2,0.3
αποσυντίθενται,2,0.3
μεμβράνα,2,0.3
νανομορφές.»·,2,0.3
επικίνδυνης,2,0.3
2011/5,2,0.3
αυτοδίκαιης,2,0.3
παροχέων,2,0.3
ευθύνης·,2,0.3
συνομολογούνται,2,0.3
μετάπτωσή,2,0.3
ομιλία,2,0.3
προκηρύσσω,2,0.3
·όπως,2,0.3
37.3,2,0.3
38.1α,2,0.3
εκπνεύζω,2,0.3
32019,2,0.3
αναφοράς,2,0.3
26.7.2016,2,0.3
αυτοαξιολόγησης»·,2,0.3
συα»·,2,0.3
οριζόμενου,2,0.3
ασκηθεί·,2,0.3
εδικός,2,0.3
εμπειρογνώμονα·,2,0.3
καθοδήγηση·,2,0.3
c(2018,2,0.3
ανταλλαγής,2,0.3
δερματοστιξιών,2,0.3
παρουσιάζει·,2,0.3
καταναλωτές·ς,2,0.3
rag,2,0.3
εγκυμονεί,2,0.3
στείλει,2,0.3
γραμμωτό,2,0.3
διασαφήσεων,2,0.3
δρώντες,2,0.3
κοινοποίηση/-εις,2,0.3
πάρει,2,0.3
ιδανικά,2,0.3
ευσταθεί,2,0.3
αφαιρέσει,2,0.3
αναδημοσιεύσει,2,0.3
αντιδρώντος,2,0.3
διαδικτυακά,2,0.3
κοινοποιούμενο/-α,2,0.3
στάλθηκε,2,0.3
σταλείσα,2,0.3
σίδερο,2,0.3
ψαλίδι,2,0.3
μαχαίριο,2,0.3
υποστηριχτεί,2,0.3
χρήστη/-εςς,2,0.3
αποθηκευτικός,2,0.3
συναδέλφων,2,0.3
επικινδυνότητάς,2,0.3
σφυρί,2,0.3
εύθραυστη,2,0.3
τραυματιστεί,2,0.3
αναφλεγεί,2,0.3
οριακή/-ές,2,0.3
έκθεση/-εις,2,0.3
κίνδυνο/-ος,2,0.3
βραχυκύκλωμα,2,0.3
αναφλέγω,2,0.3
έγκαυμα·,2,0.3
εκτοξεύνω,2,0.3
προφανούς/-ων,2,0.3
ευάλωτοι,2,0.3
γονέας,2,0.3
διαιρεθούν,2,0.3
κρύο,2,0.3
τραυματισμός/-οί,2,0.3
1/100,2,0.3
σύντομοςς,2,0.3
σπώ,2,0.3
καρφώνω,2,0.3
ημισφαίριου,2,0.3
χτυπά,2,0.3
σενάριό,2,0.3
ελέγξτε,2,0.3
αναδίπλωση,2,0.3
κατάγματα,2,0.3
ηλεκτροφόρος,2,0.3
πόλος,2,0.3
ερχόμενο,2,0.3
κερί,2,0.3
αναφλεγώ,2,0.3
εισπνεύσουν,2,0.3
κουρτινός,2,0.3
δωματίου,2,0.3
απαισιόδοξες,2,0.3
πέφτει·,2,0.3
διάσειση,2,0.3
καταπίνω,2,0.3
πεπτικός,2,0.3
αιχμηρή,2,0.3
τρύπημα,2,0.3
τομή·,2,0.3
γλιστρά,2,0.3
χάσμα,2,0.3
ηλεκτροφόρα,2,0.3
στήριγμα,2,0.3
ξαφνικά·,2,0.3
οφθαλμών·,2,0.3
αγγίζει·,2,0.3
καυτά,2,0.3
λευχαιμία,2,0.3
τοξικό,2,0.3
εμετός,2,0.3
πνευμονία,2,0.3
δερματίτιδα·,2,0.3
ανθυγιεινός,2,0.3
βοηθειών,2,0.3
βρογχικός,2,0.3
βαθιά,2,0.3
μωλωπισμός,2,0.3
στήθος,2,0.3
παράλυση,2,0.3
γονάτων,2,0.3
μυών,2,0.3
ποδιού,2,0.3
μηρός,2,0.3
δάχτυλο/-α,2,0.3
αναστρέψιμη,2,0.3
αναστρέψιμες,2,0.3
standards,2,0.3
εεκπ,2,0.3
δικαιολογημένα,2,0.3
2016/nn,2,0.3
λουξεμβουργιανή,2,0.3
15ετούς,2,0.3
επιμαχων,2,0.3
φορολογικων,2,0.3
αφορούσαν,2,0.3
"0,0-0,50]%",2,0.3
100-200,2,0.3
φορολογητέου,2,0.3
διανεμομενων,2,0.3
αγνόησε,2,0.3
υλοποιήνω,2,0.3
–το,2,0.3
επωφελούνταν,2,0.3
εισαγει,2,0.3
φορολογουμένου,2,0.3
εξαρτάτο,2,0.3
παραδέχομαι,2,0.3
φορολογηθεί,2,0.3
réalisée,2,0.3
économiquement,2,0.3
2015/121,2,0.3
διέφευγε,2,0.3
ευνοϊκότερη,2,0.3
συμφυών,2,0.3
αιτιολογηθεί,2,0.3
προεκτεθέντων,2,0.3
αποφασίζονται,2,0.3
bürgerlichen,2,0.3
όποια,2,0.3
καθυστέρησε,2,0.3
προτέρα,2,0.3
μετατραπείσος,2,0.3
2013/cp,2,0.3
http://www.engie.com/en/group/history-engie-group/,2,0.3
αποκόμισε,2,0.3
εκκαθαρίστηκε,2,0.3
branche,2,0.3
2.2.3.4,2,0.3
ci-après,2,0.3
produits,2,0.3
alloués,2,0.3
qu'il,2,0.3
exonérés,2,0.3
bénéficiaire,2,0.3
s'engage,2,0.3
ininterrompue,2,0.3
détenue,2,0.3
non,2,0.3
zu,2,0.3
applicables,2,0.3
navantia,2,0.3
279/08,2,0.3
2.ii,2,0.3
développéς,2,0.3
ayant,2,0.3
mis,2,0.3
une,2,0.3
287/11,2,0.3
t:2016:60,2,0.3
620/11,2,0.3
2009/809/εκ,2,0.3
correspondent,2,0.3
22bis,2,0.3
delle,2,0.3
autorités,2,0.3
17/05,2,0.3
ci-dessous,2,0.3
inhérentesς,2,0.3
échangés,2,0.3
renoncent,2,0.3
επίδικος,2,0.3
0036,2,0.3
κράτος/-η,2,0.3
εζες.»·,2,0.3
υπόπτους,2,0.3
vic,2,0.3
2019/476,2,0.3
aufbaubank,2,0.3
92α,2,0.3
εξακολουθητικά,2,0.3
τετραμήνος,2,0.3
τέταρτο,2,0.3
αποσβεσμένων,2,0.3
μ-μδπς,2,0.3
τηλεφωνικά,2,0.3
ταυτότητα·,2,0.3
καταχωρημένο,2,0.3
xxxvii,2,0.3
27θ,2,0.3
ήδη.»·,2,0.3
12).»·,2,0.3
υποδομός,2,0.3
χρηματομεσίτης·,2,0.3
κούρεμα,2,0.3
νέο»·,2,0.3
συνάφθηκαν,2,0.3
2015/2365·,2,0.3
διαπιστευτήριο,2,0.3
2019/363·,2,0.3
γνωστοποιηθεί·,2,0.3
παρασκευής,2,0.3
συζευγμένη,2,0.3
συγκεντρωτική,2,0.3
uti·,2,0.3
bilateral,2,0.3
πλασματικό,2,0.3
επιζητήζω,2,0.3
λεπτομέρειες,2,0.3
rwa-,2,0.3
pd+ς,2,0.3
rwa++,2,0.3
καταρτίζονται,2,0.3
σημείωμα·,2,0.3
eni,2,0.3
apr,2,0.3
κερδος,2,0.3
7.10.2017,2,0.3
παρουσίασε,2,0.3
2019/396,2,0.3
βουλή,2,0.3
2014/45/εε,2,0.3
2007/46/εκ·,2,0.3
1999/37/εκ,2,0.3
επιβραδυνσιομέτρου,2,0.3
κιβωτίου,2,0.3
τζογόμετρο,2,0.3
συνδέσμα,2,0.3
eps,2,0.3
κάτοπτρα,2,0.3
φωτόμετρο,2,0.3
σκόπευση,2,0.3
συσσωρευτών,2,0.3
πόρτες,2,0.3
πορπών,2,0.3
απαιτήσεις1,2,0.3
θερμανθεί,2,0.3
ορθίο,2,0.3
ράμπα,2,0.3
70/220/εοκ,2,0.3
denox,2,0.3
αυστηρότερο,2,0.3
μονοετής,2,0.3
μεταγενέστερη·,2,0.3
υπολογισμό.»·,2,0.3
469α,2,0.3
εξυπηρετώντας,2,0.3
ιστοτόπου·,2,0.3
εντοπιστής,2,0.3
παραπομπή/-ές,2,0.3
υπερσύνδεσμος/-οι,2,0.3
τρι,2,0.3
ppb,2,0.3
αδιαβροχοποίηση,2,0.3
tdfa,2,0.3
εκνεφώμα,2,0.3
θανατηφόρο,2,0.3
περιληπτικο,2,0.3
μηχανικα,2,0.3
αναγνωσιμα,2,0.3
μεταφορτωμένων,2,0.3
συγκριτική,2,0.3
μετοχικες,2,0.3
αποστέλλουσα,2,0.3
κινητές,2,0.3
άτυπες,2,0.3
αρχης,2,0.3
πηγή/-ές,2,0.3
δελτίου].,2,0.3
αστάθμητος,2,0.3
19.1.1,2,0.3
19.1.7,2,0.3
12.1.1,2,0.3
12.1.2,2,0.3
8.2.α.2,2,0.3
1.19.1,2,0.3
εισαγωγης,2,0.3
πληρωτέοι·,2,0.3
δημιουργουν,2,0.3
χονδρικής)·,2,0.3
δανειστής·,2,0.3
3.4.6,2,0.3
ατυπων,2,0.3
διασαφήνισης·,2,0.3
νωρίτερα·,2,0.3
προσαρμογές·,2,0.3
προσαρμογής·,2,0.3
άτυπης,2,0.3
5.6.1,2,0.3
5.6.5.1,2,0.3
5.8.2,2,0.3
3.1.17,2,0.3
μακροπρόθεσμοι,2,0.3
μεσοπρόθεσμου,2,0.3
90β,2,0.3
90γς,2,0.3
πυρκαγιάς·,2,0.3
κατοικίας·,2,0.3
ασφαλιόμενσς,2,0.3
ποσό·»·,2,0.3
105α,2,0.3
2015/2450,2,0.3
σταθμισμένης,2,0.3
ασθενείας,2,0.3
168α,2,0.3
προσδιοριζόμενους,2,0.3
συνεπενδυτός,2,0.3
214·,2,0.3
rmfin,2,0.3
f′,2,0.3
f′′′,2,0.3
23.»·,2,0.3
κεφαλαίου.»·,2,0.3
εκχωρούσας,2,0.3
παρακράτηση·»·,2,0.3
ζημίας.»·,2,0.3
κλαδου,2,0.3
νοτιοανατολικές,2,0.3
θυελλης,2,0.3
δημοκρατία·,2,0.3
γουαδελούπη,2,0.3
μαρτίνου,2,0.3
ch,2,0.3
ω1,2,0.3
ω2,2,0.3
2014/33/εε,2,0.3
απομίμηση,2,0.3
παραγγελιά,2,0.3
μετεγκαθίσταται,2,0.3
απλούστερος,2,0.3
δειγμά,2,0.3
97/67/εκ,2,0.3
2018/644,2,0.3
ικανής,2,0.3
ενωσιακό,2,0.3
παραστούν,2,0.3
προεξαγωγικοί,2,0.3
απορρυπαντικός,2,0.3
8.4.2004,2,0.3
29.3.2019,2,0.3
3.7.2000,2,0.3
φανοποιΐας,2,0.3
1999/13/εκ,2,0.3
17)·,2,0.3
2000/53/εκ,2,0.3
34)·,2,0.3
24)·,2,0.3
ενθαρρυνθώ,2,0.3
θεμέλιο,2,0.3
προκριθείσα,2,0.3
επενδυθέν,2,0.3
αποταμιεύω,2,0.3
τεχνικής,2,0.3
συναθροιζόμενων,2,0.3
επιβαρύνθηκε,2,0.3
συσσωρεύτηκε,2,0.3
2.2.2016,2,0.3
προσοδοφόρος,2,0.3
επιταχυώνν,2,0.3
μεμονωμένης,2,0.3
κωδικοποιώ,2,0.3
χρονοβόρα,2,0.3
παραγόντων.»·,2,0.3
ζβ,2,0.3
ενδελεχών,2,0.3
αβ,2,0.3
πρακτικών.»·,2,0.3
κωλύματος,2,0.3
9γ,2,0.3
συμπλήρωναν,2,0.3
διευκρίνιζαν,2,0.3
λόγων·,2,0.3
αποσπάσεων,2,0.3
εργαλείων·»·,2,0.3
ανέπτυξαν,2,0.3
αυτά.»·,2,0.3
εξελίξεις·»·,2,0.3
εσσκ.»·,2,0.3
βουλευτής,2,0.3
συγκαλούνται,2,0.3
45ας,2,0.3
προσφερθείσα,2,0.3
επικουρούμενο,2,0.3
32α,2,0.3
παραγράφο,2,0.3
2015/444,2,0.3
αλληλασφάλισηςς,2,0.3
2021.»·,2,0.3
μετα-συναλλακτική,2,0.3
πραγματοποιήζω,2,0.3
δημοσιοποιείς,2,0.3
επιβεβαιώνεται,2,0.3
38ζ,2,0.3
38ιβ,2,0.3
38ιε,2,0.3
48ιγ,2,0.3
19γ,2,0.3
κανονισμού-πλαισίου,2,0.3
10.5.2019,2,0.3
απώτερος,2,0.3
αξίωμα,2,0.3
συμπεριληπτικός,2,0.3
παρευρεθούν,2,0.3
καθίστατο,2,0.3
2020/34,2,0.3
6.8.4,2,0.3
6.8.5,2,0.3
6.8.8,2,0.3
β6.3.8,2,0.3
αναγνωρίσιμο]—,2,0.3
108ζ,2,0.3
102δ,2,0.3
102ε,2,0.3
102η,2,0.3
102ι,2,0.3
102δ–102ιδ,2,0.3
οε105,2,0.3
102θ,2,0.3
αναγνωρίσιμο—,2,0.3
102ια,2,0.3
102ζ,2,0.3
κόστους-οφέλος,2,0.3
7.6.3.5,2,0.3
2.2.1.9.3,2,0.3
2.2.1.9.4,2,0.3
αποκαλούμενων,2,0.3
υποβολών,2,0.3
αναφερουσών,2,0.3
ανανέωσε,2,0.3
κρουσμάτων,2,0.3
φθινοπωρινός,2,0.3
σημάδιο,2,0.3
απειλης,2,0.3
περισσοτερες,2,0.3
αντιμέτωπες,2,0.3
αγγίξω,2,0.3
30.7.2020,2,0.3
άρθηκε,2,0.3
δεκ,2,0.3
es10-ετές,2,0.3
fr10-ετές,2,0.3
it10-ετός,2,0.3
us10-ετές,2,0.3
gb10-ετής,2,0.3
jp10-ετές,2,0.3
εμγ,2,0.3
επέκτειναν,2,0.3
april,2,0.3
finansforetak,2,0.3
29.9.2016,2,0.3
14στ,2,0.3
αναχαίτιση,2,0.3
15.6.2016,2,0.3
προετοιμάζονται,2,0.3
πρωτοκολλήθηκε,2,0.3
2018/593,2,0.3
μπορουν,2,0.3
immoinvfg,2,0.3
22.2.2014,2,0.3
δικαστηρίου»·,2,0.3
2010/78/εε,2,0.3
πρωτοφανής,2,0.3
νεοφυής,2,0.3
2019/1937,2,0.3
4.5.2018,2,0.3
νοικοκυρί,2,0.3
αντιμέτωπα,2,0.3
πρωτοφανέςς,2,0.3
διοχετεύσουν,2,0.3
κατέληγαν,2,0.3
μεα·,2,0.3
προκαταβλητέες,2,0.3
2020/852,2,0.3
9.11.2020,2,0.3
2019-13,2,0.3
9.12.2019,2,0.3
συντάσσομαι,2,0.3
απορροφωμενη,2,0.3
διασπωμενη,2,0.3
συστημάτο,2,0.3
προσωρινες,2,0.3
6.8.4–6.8.8,2,0.3
τεκμηριώθηκε,2,0.3
διακοπείσας,2,0.3
102ιε–102κθ,2,0.3
102κβ,2,0.3
102κε,2,0.3
102κθ,2,0.3
108θ–108ια,2,0.3
24θ–24ι,2,0.3
24θ,2,0.3
20ιη–20ιθ,2,0.3
20ιη,2,0.3
104–106,2,0.3
-20,2,0.3
προειδοποίησε,2,0.3
παραμένοντας,2,0.3
επιφυλακτικός,2,0.3
οξύτερη,2,0.3
διαμηχανικός,2,0.3
ivss11,2,0.3
δευτέρας,2,0.3
επιδημικός,2,0.3
πωλήθηκαν,2,0.3
εξαγγελία,2,0.3
26.3.2018,2,0.3
νχο,2,0.3
οα,2,0.3
rrel2,2,0.3
δευτεροφειλέτη,2,0.3
ακινητοποιημένου,2,0.3
προηγούμενα,2,0.3
γερμανική,2,0.3
εξυπηρετούμενο,2,0.3
rarr,2,0.3
90/180,2,0.3
βιομηχανικό,2,0.3
κατοικούμενος,2,0.3
εκταμιευθείσας,2,0.3
χωρισμένος,2,0.3
wlot,2,0.3
crel102,2,0.3
κπτφα,2,0.3
πληρεξουσιότητα,2,0.3
crpc13,2,0.3
αυτοκινητα,2,0.3
ομόρρυθμη,2,0.3
προσωπική,2,0.3
καινούργιο,2,0.3
καταναλωτες,2,0.3
cmrl4,2,0.3
εσωτερικα,2,0.3
estl2,2,0.3
npel2,2,0.3
θανών/-ούσα,2,0.3
npec3,2,0.3
ival3,2,0.3
90-119,2,0.3
100*(1-((1-περιοδικός,2,0.3
"7,50",2,0.3
ivsf2,2,0.3
ivar2,2,0.3
παρόντων,2,0.3
αυξανόμενου,2,0.3
τμηματοποιημένος,2,0.3
υπόλοιπο-στόχος,2,0.3
προσφορές,2,0.3
sesi3,2,0.3
seas1,2,0.3
υποδειγ-ματοσ,2,0.3
ημιμόνιμος,2,0.3
βολβός,2,0.3
ματιού,2,0.3
2003)2,2,0.3
μόνιμου,2,0.3
ινστιτούτου,2,0.3
αμίνα,2,0.3
προτείνομαι,2,0.3
νικελίου,2,0.3
χρωμίου(vi,2,0.3
"2,4-ξυλιδίνη",2,0.3
δερματοστικτών,2,0.3
πιγμέντων,2,0.3
πράσινο,2,0.3
αναπληρωτός,2,0.3
ci,2,0.3
χρώμιο(vi,2,0.3
τολουιδίνη,2,0.3
2019/2115,2,0.3
18.3.1α,2,0.3
11.2.1α,2,0.3
11.3.1α,2,0.3
10.2.1α,2,0.3
8.2.α.4,2,0.3
7.3.α,2,0.3
5.3.1α,2,0.3
υποσημείο,2,0.3
14.6.2019,2,0.3
χρηματοδοτούμενοι,2,0.3
πανδημικός,2,0.3
ευρωσυστήματος•,2,0.3
18.12.2015,2,0.3
11.3.2016,2,0.3
0908,2,0.3
0957,2,0.3
υπευθύνου/-ων,2,0.3
2014/04,2,0.3
εισάγουν,2,0.3
αντίγραφου,2,0.3
18.5.2018,2,0.3
26.1.2018,2,0.3
2017/1986,2,0.3
9.11.2017,2,0.3
rw=1250,2,0.3
εξοφλητικη,2,0.3
εφαρμοζομενη,2,0.3
σημειο,2,0.3
144,2,0.3
επενδεδυμένοι,2,0.3
κκα)·,2,0.3
εξασφαλίσεων)·,2,0.3
249,2,0.3
επιστρεπτεες,2,0.3
εκπτωσεις,2,0.3
0580-0620,2,0.3
0310,2,0.3
0210-0250,2,0.3
0140-0180ς,2,0.3
0260-0300,2,0.3
0380-0420,2,0.3
0180-0210,2,0.3
0350-0640,2,0.3
0760-0830,2,0.3
διακρατηθεισών,2,0.3
προσέγγιση(-εις,2,0.3
συμπεριλαμβάνονταν,2,0.3
0080ς,2,0.3
0921,2,0.3
0924,2,0.3
0930,2,0.3
0840,2,0.3
1.20,2,0.3
ππαράρτημα,2,0.3
.b6.6.16,2,0.3
.b5.4.7,2,0.3
.b6.4.1,2,0.3
εκροων,2,0.3
εισπραχθέντας,2,0.3
κέρδη/(-,2,0.3
16.68,2,0.3
16.38,2,0.3
13.2.1,2,0.3
18.0,2,0.3
απομειωσεις,2,0.3
εκτελεσης,2,0.3
επιμετρώμαι,2,0.3
9.6.5.16,2,0.3
9.5.7.8,2,0.3
1.91,2,0.3
εκρ,2,0.3
9-,2,0.3
μικρο-αντισταθμίσεις,2,0.3
αεροπλάνα,2,0.3
ημι-έτοιμα,2,0.3
επαναταξινομείται,2,0.3
όλω·,2,0.3
2015/2366·,2,0.3
ταμεία)·,2,0.3
19.8·,2,0.3
2015/22,2,0.3
ιπα,2,0.3
απασχολούμενων,2,0.3
εντοπισμένων,2,0.3
απενταχθούν,2,0.3
239x,2,0.3
239ii,2,0.3
τέτοια·,2,0.3
αναταξινομηθέντα,2,0.3
συνδώνε,2,0.3
εκταμιεύτηκαν,2,0.3
239viς,2,0.3
απεντάχνω,2,0.3
προεξοφλήση,2,0.3
24.3,2,0.3
παύσεις,2,0.3
αφαιρουμένος,2,0.3
κερδών/(-,2,0.3
κέρδη/(-)ζημία,2,0.3
25.2,2,0.3
κπα,2,0.3
κεφαλαιοποιηθούν,2,0.3
εκπέσουν·,2,0.3
περιμετρος,2,0.3
77.00,2,0.3
πολλαπλασιαζόμενας,2,0.3
1.1.1.7,2,0.3
1.1.8.1,2,0.3
1.1.8.4.4,2,0.3
1.1.7.6,2,0.3
1.1.7.4,2,0.3
1.1.7.5,2,0.3
1.1.7.9,2,0.3
1.1.5.10.1,2,0.3
1.2.1.7,2,0.3
1.2.2.4,2,0.3
1.1.6.2,2,0.3
1.1.1.2.1,2,0.3
1.2.1.1.2.1,2,0.3
279,2,0.3
1.2.1.1.3.1,2,0.3
1.2.1.1.4.1,2,0.3
1.2.1.1.5.1,2,0.3
1.2.1.1.6.1,2,0.3
303,2,0.3
1.2.1.3.2,2,0.3
1.2.2.1.1.1,2,0.3
1.2.2.1.2.1,2,0.3
1.2.2.1.3.1,2,0.3
1.2.2.1.4.1,2,0.3
1.2.2.1.5.1,2,0.3
1.2.2.1.6.1,2,0.3
343,2,0.3
1.2.2.3.3,2,0.3
1.1.5,2,0.3
1.1.8,2,0.3
1.2.8,2,0.3
1.3.6,2,0.3
1.3.8,2,0.3
1.4.5,2,0.3
1.5.2,2,0.3
1.5.3,2,0.3
1.5.6,2,0.3
1.5.7,2,0.3
1.5.8,2,0.3
1.6.1,2,0.3
1.6.3,2,0.3
1.6.4,2,0.3
1.6.5,2,0.3
1.6.8,2,0.3
1.7.4,2,0.3
1.7.5,2,0.3
1.7.6,2,0.3
1.7.7,2,0.3
1.7.8,2,0.3
1.8.6,2,0.3
1.8.7,2,0.3
2.1.7,2,0.3
2.2.6,2,0.3
2.3.7,2,0.3
2.3.8,2,0.3
2.4.6,2,0.3
2.4.7,2,0.3
2.4.8,2,0.3
2.5.7,2,0.3
2.5.8,2,0.3
2.6.3,2,0.3
2.6.5,2,0.3
2.6.6,2,0.3
2.6.7,2,0.3
2.6.8,2,0.3
2.7.4,2,0.3
2.7.5,2,0.3
2.7.6,2,0.3
2.7.7,2,0.3
2.7.8,2,0.3
2.8.4,2,0.3
2.8.6,2,0.3
2.8.7,2,0.3
to-fei-ihc,2,0.3
min(ihc,2,0.3
περίμετρος,2,0.3
2018/843,2,0.3
5.12.2019,2,0.3
stss17,2,0.3
stss21,2,0.3
επιδεινούμενος,2,0.3
2022·,2,0.3
μεταχειρίζω,2,0.3
25.4.2019,2,0.3
νεοφυών,2,0.3
εκδοθεί·,2,0.3
3(a)(23,2,0.3
34-90492,2,0.3
σπουδαιότητάς,2,0.3
1030/2014,2,0.3
25.5.2016,2,0.3
14.9.2016,2,0.3
14.1.2017,2,0.3
14ιγ,2,0.3
14ιδ,2,0.3
2019/834,2,0.3
χώρα·»·,2,0.3
26.6.2020,2,0.3
αυστηροποίηση,2,0.3
2017/1988,2,0.3
20ζα,2,0.3
28.2.2017,2,0.3
18.5.2017,2,0.3
3.2.2018,2,0.3
12.6.2019,2,0.3
3.9.7,2,0.3
433α,2,0.3
40.00,2,0.3
"r0410,c0010ς",2,0.3
428λε,2,0.3
01/01/2020,2,0.3
"0,00",2,0.3
περιθωριο,2,0.3
παρεχομενο,2,0.3
ανεξαρτητο,2,0.3
εξωχρηματιστηριακα,2,0.3
εκκαθάρισης)·,2,0.3
08.07,2,0.3
πιστωτικων,2,0.3
35.01,2,0.3
0130·,2,0.3
ca5.1,2,0.3
κκα].,2,0.3
κεφαλαίων·που,2,0.3
139,2,0.3
αρνητικοί,2,0.3
08.05,2,0.3
0250,2,0.3
τυχός,2,0.3
280α,2,0.3
277α,2,0.3
0155,2,0.3
0030-0040,2,0.3
0100-0150,2,0.3
7.35ιγ(γ,2,0.3
"9.b2.5,παράρτημα",2,0.3
εμφάνιση(6,2,0.3
καταστασης,2,0.3
ενεργητικού»·,2,0.3
κωδικός»·,2,0.3
αντισυμβαλλόμενος)·,2,0.3
"0130,0010",2,0.3
"0150,0010",2,0.3
"0195,0010",2,0.3
"0050,0070",2,0.3
τραπεζική·,2,0.3
428ζ,2,0.3
ενεχυριάζει,2,0.3
428ιδ,2,0.3
428ιε,2,0.3
προειδοποίησής,2,0.3
πολλαπλασιαζόμενοι,2,0.3
428θ,2,0.3
λιανικής»·ς,2,0.3
2.5.3.2,2,0.3
428μδ,2,0.3
428μα,2,0.3
2.3.0.2,2,0.3
ενεργητικού)·,2,0.3
eur+40,2,0.3
καθορισμου,2,0.3
ποσοστων,2,0.3
υπουργείος,2,0.3
εκτελέσεως,2,0.3
θίξουν,2,0.3
νεοεκδοθείσες,2,0.3
ετύγχαναν,2,0.3
δράσεή,2,0.3
αραίωση,2,0.3
επιδίκαση,2,0.3
επισπεύδω,2,0.3
2019/2162,2,0.3
αναγνωρίσεων,2,0.3
αδειοδοτήσεων,2,0.3
επείγουσας,2,0.3
διαφάνεια·,2,0.3
απομειωθώ,2,0.3
προετοιμαστεί,2,0.3
αξιώσεών,2,0.3
επιβλητής,2,0.3
εργαλεία,2,0.3
εκτιμηθούν·,2,0.3
22.1.2021,2,0.3
έπλητταν,2,0.3
προωθημένο,2,0.3
κουκέτα,2,0.3
725/2011,2,0.3
καινοτομικός,2,0.3
οδομέτρου,2,0.3
υποδείξτε,2,0.3
οικογένειας,2,0.3
2017/1152,2,0.3
ενιαίες,2,0.3
χιονιός,2,0.3
πρόβολος,2,0.3
διευθυντήριου,2,0.3
κεντροαξονικού,2,0.3
βαρέα,2,0.3
δεξαμενής/-ών,2,0.3
εγχυτήρας/-ες,2,0.3
σιγαστήρα/-ων,2,0.3
φτωχού,2,0.3
κάνιστρου,2,0.3
ξυλάνθρακα,2,0.3
εφοδιασμένου,2,0.3
cdmin,2,0.3
αντιδραστηρίο,2,0.3
ip_h,2,0.3
αυτόματη/-ες,2,0.3
βαλβίδα/-ες,2,0.3
βαλβίδα-ε,2,0.3
ανακουφιστική,2,0.3
n_min_drive_set,2,0.3
asm,2,0.3
μηχανικά·,2,0.3
άξονα/-ος,2,0.3
ταμιευτήρα/-εςς,2,0.3
φωτογραφία/-ες,2,0.3
πιστοποιητικού-ών,2,0.3
πλανήτης,2,0.3
τεμαχίο,2,0.3
άνωθεν,2,0.3
εσχάρων,2,0.3
τοποθετηθεί/-ούν,2,0.3
καθήμενος,2,0.3
αμαξιδίο,2,0.3
οχήματος/-ων,2,0.3
καθήμενας,2,0.3
εμπορική/-ές,2,0.3
co2(εφόσον,2,0.3
κατευθυντήριος/-οι,2,0.3
άξονας/-ες,2,0.3
δοκιμων,2,0.3
καύσιμο/-α,2,0.3
αιθάλη,2,0.3
φορτιζόμενων,2,0.3
φορτιζόμενα,2,0.3
h)2,2,0.3
εντυπη,2,0.3
οχηματα,2,0.3
πληρη,2,0.3
1/2/3a/3b,2,0.3
τοποθετάνω,2,0.3
αυτοπροσαρμογής,2,0.3
βιομετρικού,2,0.3
κατανεμήθηκαν,2,0.3
εικονίδιο,2,0.3
αλλάξω,2,0.3
επιτυχία»·,2,0.3
-8,2,0.3
"-26,5",2,0.3
cir,2,0.3
2020/12,2,0.3
πληροφορια,2,0.3
σημαντικα,2,0.3
ασυνήθιστης,2,0.3
mta,2,0.3
απώλεσαν,2,0.3
31.8.2017,2,0.3
17.3.2017,2,0.3
26.5.2016,2,0.3
2017/2361,2,0.3
έτος.»·,2,0.3
2018”·,2,0.3
χαμηλότεροι,2,0.3
αυτής(7,2,0.3
ιδρυμάτων(10,2,0.3
ιδρυμάτων(13,2,0.3
ενεχομένων,2,0.3
επιτροπή(5,2,0.3
ενεργούντα,2,0.3
ενδίκων,2,0.3
89/592/εοκ,2,0.3
συνταξιοδοτήσεων,2,0.3
απονομή,2,0.3
αξιών(5,2,0.3
επεδίωκε,2,0.3
διαθέτουσα,2,0.3
εσωτερικοποίηση,2,0.3
fin-net,2,0.3
πιθανολογούμενες,2,0.3
παρεμπιπτόντως,2,0.3
εξακριβώνεται,2,0.3
διευθυνόμενα,2,0.3
ακυρωσία,2,0.3
σπς,2,0.3
προσφερόμενου,2,0.3
θεραπεύω,2,0.3
συνδεδεμένους,2,0.3
αμέριστος,2,0.3
υποπαραγράφων,2,0.3
προ-διαπραγματευτικός,2,0.3
μετα-διαπραγματευτικός,2,0.3
αλλήλος,2,0.3
δημιουργούμαι,2,0.3
έστειλε,2,0.3
παρουσας,2,0.3
προστασιών,2,0.3
ανακύπτοντα,2,0.3
ημικρατικός,2,0.3
ασκηθείσος,2,0.3
επισήμων,2,0.3
εμπίπτουσας,2,0.3
cambio,2,0.3
επιτρέπουσες,2,0.3
forward-rate,2,0.3
δεκτικά,2,0.3
αντεκχώρησης,2,0.3
επισημοποίηση,2,0.3
επιτυχημένος,2,0.3
2001/310/εκ,2,0.3
ενδιαφέροντα,2,0.3
αιτιολογηθούν,2,0.3
ταυτίσει,2,0.3
διασφαλίζουν,2,0.3
xxiii,2,0.3
xxviii,2,0.3
13ε,2,0.3
25.5.2012,2,0.3
προαναφερθέντος,2,0.3
αορίστος,2,0.3
αποσαφηνίζεται,2,0.3
αρνούμενος,2,0.3
πωλείται·,2,0.3
2273,1,0.15
0125,1,0.15
104/2004,1,0.15
23.12.2004,1,0.15
1725,1,0.15
0707,1,0.15
1541/1,1,0.15
ακάλυπτες,1,0.15
ζημιώνω,1,0.15
προοδεύω,1,0.15
εξελιγμένους,1,0.15
απλοί,1,0.15
tεχνικός,1,0.15
εξελιγμένοι,1,0.15
εξελιγμένων·,1,0.15
έλεγχων,1,0.15
αναγνώρισή,1,0.15
συγκλίνουσας,1,0.15
ρευστοποιήσιμες·,1,0.15
επιτροπεία,1,0.15
ασφαλείας)·,1,0.15
επιδιωκόμενων,1,0.15
τριτεγγυήσεις,1,0.15
δεικτοποιημένος,1,0.15
τονωθεί,1,0.15
χρήσιμο,1,0.15
αναπληροφόρησος,1,0.15
συνιστα,1,0.15
αυξομειωθεί,1,0.15
ρευστότητας)·,1,0.15
αναξιόχρεος,1,0.15
θεματοφυλακής)·,1,0.15
οριζόντιοι,1,0.15
αποδόσεις·,1,0.15
τριτεγγυητή,1,0.15
1.5.1ς,1,0.15
ερμηνεύσουν,1,0.15
trust's,1,0.15
νεοσυσταθέντων,1,0.15
δσε·,1,0.15
άμεσα-προμήθειος,1,0.15
έμμεσα-δσε,1,0.15
επισυναφθούν,1,0.15
περιλαμβανόμενα,1,0.15
υπό-λογιστικός,1,0.15
παραπλανητικών,1,0.15
προσθέτοντας,1,0.15
85/611/eoκ,1,0.15
υποκείμενο(-α,1,0.15
ομπρέλα»/αμοιβαία,1,0.15
επενδύοντα,1,0.15
—εφιστώντας,1,0.15
δεικτοποιημένου,1,0.15
εμπεδώνω,1,0.15
βαρκελώνη,1,0.15
προετοιμάσει,1,0.15
διακοινοτικός,1,0.15
ειλικρινή,1,0.15
oδηγία,1,0.15
απρόοπτων,1,0.15
εκσυγχρονισμό,1,0.15
ασκούνται·,1,0.15
συνελεύσεις,1,0.15
ενεργότερα,1,0.15
διαχυθεί,1,0.15
απλοποάιλω,1,0.15
νομισματικών,1,0.15
παραβλάπτεται,1,0.15
εκδώσας,1,0.15
2003/6/eκ·,1,0.15
83/349/εοκ.η,1,0.15
ελεγκτών·,1,0.15
συνελεύσεις·,1,0.15
συνέλευσης·,1,0.15
συνέρχεται,1,0.15
προέλευσης·,1,0.15
καθιερώνο,1,0.15
εκτελεσθούν,1,0.15
παραβιάσθηκαν·ς,1,0.15
συμβαίνει·,1,0.15
1999/468/εοκ,1,0.15
1999/468/eκς,1,0.15
τρίμηνη,1,0.15
διακυβεύσει,1,0.15
τoυ,1,0.15
καταργηθείσες,1,0.15
30.3.2004,1,0.15
προσαρμόσθηκε,1,0.15
αναρίθμηση,1,0.15
άμστερνταμ·,1,0.15
4.9.2003,1,0.15
eυρωπαϊκής,1,0.15
καταπιστευτικός,1,0.15
ασυμπλήρωτα,1,0.15
ελλειπουσών,1,0.15
διαστρέβλωση,1,0.15
εκάστη·,1,0.15
δημοσιευθεί·,1,0.15
0001/34/,1,0.15
prο,1,0.15
προσαυξημένη,1,0.15
συνακόλουθο,1,0.15
άξία,1,0.15
έκαστος·,1,0.15
επιλεγένς,1,0.15
υς,1,0.15
2003/71//εκ·,1,0.15
εκδόσεις)·,1,0.15
ενσωματωση,1,0.15
απόσχιση·,1,0.15
δελτία·,1,0.15
μεταβλήθηκαν,1,0.15
ενσωματωθέντα,1,0.15
άνες,1,0.15
υπονομευθεί,1,0.15
ευχερής·,1,0.15
τηλεφορτώσον,1,0.15
εκτυπώζω,1,0.15
προμηθευτεί·,1,0.15
αντίγραφο·ς,1,0.15
παραλήπτη·,1,0.15
τηλεειδοποίησης·,1,0.15
επιστολές·,1,0.15
παραγγελίας·,1,0.15
κατάλογοι·,1,0.15
παρουσιάσεις·,1,0.15
ραδιόφωνο·,1,0.15
εικόνα·,1,0.15
βιντεοτέξ·,1,0.15
ταχυδρομείο·,1,0.15
πανό·,1,0.15
φυλλάδιο·,1,0.15
προσώπων·εάν,1,0.15
εγκαταστασεις,1,0.15
διπλωματα,1,0.15
ισχύει(-ουν,1,0.15
14.1.παρατίθενται,1,0.15
διευκρινίζεται,1,0.15
-σε,1,0.15
καταβληθεί·,1,0.15
προσδιορίζεται(ονται,1,0.15
forma,1,0.15
εξηγούνται·,1,0.15
διασπορας,1,0.15
μερομηνία,1,0.15
παράγωγο(-α,1,0.15
εγγραφόμενους,1,0.15
απονεμώ,1,0.15
εμπράγματων,1,0.15
well,1,0.15
αποφασισθεί·,1,0.15
άμεσης(ου,1,0.15
έμμεσης(ου,1,0.15
διαθεσιμων,1,0.15
διαγραμματικός,1,0.15
απεικόνισή,1,0.15
καλύπω,1,0.15
παραστατικά,1,0.15
πιστοποιητικά·,1,0.15
κτήσής,1,0.15
προσφοράς·εάν,1,0.15
δαπανη,1,0.15
επeνδυτικος,1,0.15
γ)]·,1,0.15
οργανισμου,1,0.15
καταλογισθούν,1,0.15
χρηματοοικονομικμ,1,0.15
πληπροθορηση,1,0.15
τραπεξώνς,1,0.15
)με,1,0.15
ορανισμοί,1,0.15
νααποτελούν,1,0.15
υποχρέωνε,1,0.15
οε57-οε63,1,0.15
65-67,1,0.15
κελσίου,1,0.15
οε27-,1,0.15
οε36-οε63,1,0.15
επανακατατάξεων,1,0.15
συντομότερο,1,0.15
διακανονιζόταν,1,0.15
οε94-οε97,1,0.15
συμβόλαιο–,1,0.15
αποτιμήνω,1,0.15
διαγραφη,1,0.15
οε34-οε52,1,0.15
κατ’αναλογίαν,1,0.15
17-26,1,0.15
εξατομικεύθηκε,1,0.15
εκταμιεύτηκε,1,0.15
επανακατάξει,1,0.15
πληωτέο,1,0.15
εύλογής,1,0.15
επαναμετρηθεί,1,0.15
οε83,1,0.15
οε98-οε101,1,0.15
οε53,1,0.15
πλημμέλεια,1,0.15
εξατομικευθεί,1,0.15
ελευθέρου,1,0.15
αναστρέφομαι,1,0.15
κατατασσόμενου,1,0.15
οε102-οε104,1,0.15
συνεξαρτώμενοι,1,0.15
βέβαιων,1,0.15
απομονωθεί,1,0.15
συναθροίζονται,1,0.15
κατ’αυτός,1,0.15
χρησημοποιείται,1,0.15
απορρέουσος,1,0.15
προσδιοριζόμενου,1,0.15
επανακαταταχθούν,1,0.15
θααφαιρεί,1,0.15
98.,1,0.15
95-100,1,0.15
88(γ,1,0.15
105-108,1,0.15
εφαρμόζετο,1,0.15
απατήσεις,1,0.15
οε36-οε52,1,0.15
ανακοινωσεων,1,0.15
οδηγιών,1,0.15
ε.δ.λ.π,1,0.15
ασφαλιζόμενης,1,0.15
εξοφλητέο,1,0.15
ποικίλω,1,0.15
ανακτήσιμο,1,0.15
διακρατήνω,1,0.15
εξαναγκάζω,1,0.15
οε16-οε23,1,0.15
διακρατηθούν,1,0.15
οε71,1,0.15
κατατάσσετο,1,0.15
κατ’εξοχήν,1,0.15
14-42,1,0.15
οε49,1,0.15
οε50,1,0.15
ο.ο.ε.ς,1,0.15
18(α,1,0.15
εύκολά,1,0.15
αντ’αυτού,1,0.15
τρόπο,1,0.15
επανακατατάσνω,1,0.15
οε44,1,0.15
αναγγελίες,1,0.15
υποτάσσο,1,0.15
ανταλλαγές,1,0.15
αποσβηνώμενες,1,0.15
αποσβηνόμενης,1,0.15
συνεχιζόμενής,1,0.15
όι,1,0.15
κουπόνι,1,0.15
νμ10000,1,0.15
υπεισέρχεται,1,0.15
υποθέτοντας,1,0.15
επιμερισθείσα,1,0.15
διακεκριμένη,1,0.15
υποχρέωσής,1,0.15
λυθεί,1,0.15
ανασκευάζω,1,0.15
διακατέχομαι,1,0.15
έπακρων,1,0.15
αληθοφανήςς,1,0.15
κινδύνου-απόδοση,1,0.15
εκτιάμλω,1,0.15
τιμολογηθείσα,1,0.15
ορθολογικά,1,0.15
ενσωμάτωνε,1,0.15
ισοτιμίες,1,0.15
ορθολογιστικά,1,0.15
95-101,1,0.15
τηρείτο,1,0.15
επαναδιαπραγματευτούν,1,0.15
επιτόκιο(α,1,0.15
αποπληρώσουν,1,0.15
βρέθηκαν,1,0.15
72-77,1,0.15
ενοποιούμενος,1,0.15
προβλέψιμη,1,0.15
νμ90ς,1,0.15
120/100,1,0.15
100/120,1,0.15
κατ’ελάχιστον,1,0.15
ληξιαρίου,1,0.15
σύμμορφωσος,1,0.15
α)-(θ,1,0.15
οε115-οε132,1,0.15
εξατομικεύεται,1,0.15
οε114(α,1,0.15
οε114(β,1,0.15
επιμερισμούς,1,0.15
αποσβηνόμενων,1,0.15
αυθαίρετος,1,0.15
οε114(ε,1,0.15
οε114(δ,1,0.15
προπληρωτέος,1,0.15
έλεγξε,1,0.15
γνώστης,1,0.15
προηγούμένος,1,0.15
101(δ,1,0.15
ουσιαστικότητα,1,0.15
νμ0,1,0.15
οε94,1,0.15
προηγούμενές,1,0.15
28(α)-(στ,1,0.15
28(στ,1,0.15
οε5-οε8,1,0.15
εισπράξιμων,1,0.15
43-49,1,0.15
υποπαράγραφοι,1,0.15
β)(iv,1,0.15
έξοδοποιούνται,1,0.15
συνήφθηκε,1,0.15
συμμετάσχώ,1,0.15
θανάτος,1,0.15
αποβιώω,1,0.15
απεβίωσαν,1,0.15
αξιολογητικός,1,0.15
κρινόμενος,1,0.15
17(α,1,0.15
αντισταθμιζόμενοι,1,0.15
οε107a.,1,0.15
αντικειμένου,1,0.15
κανονισμόσ,1,0.15
επιτροπήσ,1,0.15
καταταγούν,1,0.15
υιοθέτησή,1,0.15
27.9.2003,1,0.15
170/2004,1,0.15
0383,1,0.15
2004/384/eκς,1,0.15
2000/408/εκ,1,0.15
29γ,1,0.15
επαναριθμούνται,1,0.15
εξής:1,1,0.15
70/2005,1,0.15
176/2004,1,0.15
0025,1,0.15
87/2005,1,0.15
71/2005,1,0.15
92/49/eοκ,1,0.15
98/78/eκ,1,0.15
2002/87/eκ,1,0.15
1073,1,0.15
λιχτενστάϊν,1,0.15
υψίρρυθμος,1,0.15
υπεραστικός,1,0.15
97/33/εκ,1,0.15
ονρ,1,0.15
2002/19/εκ,1,0.15
αναθεωρηθούν,1,0.15
2003/311/εκ·,1,0.15
αδόμητες,1,0.15
στοιχειώδης,1,0.15
2003/548/εκ,1,0.15
προκαταλαμβάνω,1,0.15
συμβατικοί,1,0.15
χρόνοι,1,0.15
επικοινωνιών·,1,0.15
συντομότερους,1,0.15
8.5.2003,1,0.15
25.7.2003,1,0.15
διαθέτοντης,1,0.15
μισθωμένη,1,0.15
3].μισθωμένες,1,0.15
http://europa.eu.int/information_society/topics/telecoms/implementation/leasedlines/doc/cocom02-10,1,0.15
20final.pdf,1,0.15
97/51/εκ,1,0.15
29.10.1997,1,0.15
αδόμητων,1,0.15
όριοχρόνος,1,0.15
ημέρες)9080706050403020100bedkdeelesfrieitlu,1,0.15
98/61/εκ,1,0.15
3.10.1998,1,0.15
19.6.1992,1,0.15
20.1.1998,1,0.15
ευαρέσκεια,1,0.15
μνημονίων,1,0.15
μετονομαστεί,1,0.15
συνεννοήσεις,1,0.15
—η,1,0.15
esc,1,0.15
2001/528/εκ—,1,0.15
επιτροπολογίας,1,0.15
προσχώσεις,1,0.15
τραπεζών.»·,1,0.15
ασφαλισεων,1,0.15
επαγγελματικων,1,0.15
συνταξεων,1,0.15
κείμενο:«όταν,1,0.15
κατάσταση.»·,1,0.15
"5,αντικαθίσταται",1,0.15
αξιών»·,1,0.15
2:α,1,0.15
θέματα.»·,1,0.15
καταστάσεως,1,0.15
προβλεπομένος,1,0.15
χρηματοπιστωτικους,1,0.15
ετερογενων,1,0.15
6.3.2004,1,0.15
γνωστοποιούνταν,1,0.15
ηθελώ,1,0.15
απρόσκοπτο,1,0.15
νεοεισηγμένες,1,0.15
επίκριση,1,0.15
2238/2004,1,0.15
469/2005,1,0.15
3420/83,1,0.15
διαθέσιμες,1,0.15
πλατέος,1,0.15
δεκάμηνο,1,0.15
ιανουαρίου-οκτωβρίου,1,0.15
κυμάνθηκε,1,0.15
414500,1,0.15
24.7.2002,1,0.15
179/2005,1,0.15
3.2.2005,1,0.15
2200/2004,1,0.15
22.12.2004,1,0.15
89·,1,0.15
427/2003,1,0.15
8.3.2003,1,0.15
διερμηνεύεται,1,0.15
αυτοβοηθεία,1,0.15
διακανονιστώ,1,0.15
ρευστότητα–,1,0.15
αλλιά,1,0.15
1751/2005,1,0.15
107α,1,0.15
2002·,1,0.15
25ε)·,1,0.15
εκδίδομαι,1,0.15
στρογγυλής,1,0.15
τραπέζη,1,0.15
οε30α,1,0.15
οε40,1,0.15
105α-105δ,1,0.15
απο-προσδιοριστούν,1,0.15
και«λογιστικός,1,0.15
επιμετρείτο,1,0.15
συμπέραινε,1,0.15
επαναγοράζεται,1,0.15
αναφέρθηκαν,1,0.15
συνδιαχείρισης,1,0.15
11αα,1,0.15
προσέδιδε,1,0.15
οε4β,1,0.15
οε4γ,1,0.15
οε4δ,1,0.15
οε4ε,1,0.15
οε4στ,1,0.15
οε4ζ,1,0.15
οε4θ,1,0.15
οε33b.,1,0.15
16.11.2005,1,0.15
108a,1,0.15
ομίλου)·,1,0.15
εκφραζόταν,1,0.15
οε99γ,1,0.15
οε99δ,1,0.15
αποσβεσθώ,1,0.15
αγοράζουσα,1,0.15
1910/2005,1,0.15
2/2005/sc,1,0.15
μονιμη,1,0.15
1/2000/sc,1,0.15
2/2002,1,0.15
αποφασισε,1,0.15
οφείλουν,1,0.15
διορισθούν,1,0.15
πρακτέος,1,0.15
93/22/eoκ,1,0.15
2006/31/eκ,1,0.15
93/22/eκ,1,0.15
παρέτεινε,1,0.15
0026,1,0.15
0708,1,0.15
30.11.2006,1,0.15
σημαντικότατος,1,0.15
αποφασίσνω,1,0.15
αξιών–,1,0.15
προσωποπαγώς,1,0.15
βρυξέλες,1,0.15
com(2005,1,0.15
d/56756,1,0.15
κλήθηκαν,1,0.15
ιταλικών,1,0.15
d/51366,1,0.15
investimento,1,0.15
διαχειρίσεως,1,0.15
εκμετάλλευσης»)·,1,0.15
λουξεμβούργου»·,1,0.15
καλούμενοι,1,0.15
unit,1,0.15
έναρξής,1,0.15
προσήκον,1,0.15
επενδυτής-μέτοχος,1,0.15
εξετασθείσα,1,0.15
ορίζοντάς,1,0.15
φορολογώνη,1,0.15
εκφράζοντας,1,0.15
βεβαίωσαν,1,0.15
πρόβαλαν,1,0.15
ελάμβαναν,1,0.15
προοριζόμενου,1,0.15
πρόβαλε,1,0.15
κατέχονταν,1,0.15
τήρησαν,1,0.15
συμβιβάσιμο,1,0.15
συμβιβάσιμό,1,0.15
χαρακτήρος,1,0.15
θεομηνία,1,0.15
ομοσπονδιακή,1,0.15
αναπτύξη,1,0.15
ασυνήθως,1,0.15
υποαπασχόληση,1,0.15
πολιτισμός,1,0.15
μέτρου,1,0.15
προϋπήρχε,1,0.15
πληροφορώντας,1,0.15
εγκύκλιοι,1,0.15
ιταλική,1,0.15
καθορίσθηκαν,1,0.15
9.9.2004,1,0.15
agosto,1,0.15
εκμετάλλευσή,1,0.15
επένδυσαν,1,0.15
μερισμάτωνων,1,0.15
έκτη,1,0.15
εναρμονίσεως,1,0.15
2004/66/eκ,1,0.15
89/81,1,0.15
1277,1,0.15
317/94,1,0.15
14.4.1967,1,0.15
77/388/eκ,1,0.15
ii-3207,1,0.15
92/00,1,0.15
103/00,1,0.15
ii-1385,1,0.15
156/98,1,0.15
24-28,1,0.15
i-959,1,0.15
13.1.2001,1,0.15
19/2004,1,0.15
αναγράψετε,1,0.15
1]τοκοφόρος,1,0.15
επιστραφέντα,1,0.15
ε(2006,1,0.15
υιοθετούμενα,1,0.15
προετοιμάνω,1,0.15
ifac,1,0.15
δυναμένους,1,0.15
νομoθεσία,1,0.15
συγκρουόμενο,1,0.15
εγκατέλειψαν,1,0.15
πληρούσας,1,0.15
πρόκριμα,1,0.15
iasb)]·,1,0.15
συνεταιρικής,1,0.15
91/674/εοκ·,1,0.15
απασχολήθηκε,1,0.15
συνδέθηκε,1,0.15
αδειας,1,0.15
εκπαιδευση,1,0.15
νομίμων,1,0.15
επιδιωκομένος,1,0.15
έλεγχος·,1,0.15
χρηματοοικονομική·,1,0.15
στατιστική·,1,0.15
πτυχίων,1,0.15
κυρωθεί,1,0.15
89/48/εοκ,1,0.15
μητρωο,1,0.15
δικτυακού,1,0.15
άλλως·,1,0.15
19].άρθρο,1,0.15
επαγγελματικη,1,0.15
δεοντολογια,1,0.15
ανεξαρτησια,1,0.15
αντικειμενικοτητα,1,0.15
προστατών,1,0.15
–περιλαμβανομένος,1,0.15
εξωελεγκτικός,1,0.15
αυτοέλεγχος,1,0.15
συγκρινόμενη,1,0.15
αυτοελέγχος,1,0.15
ελεγκτικα,1,0.15
ελεγκτικες,1,0.15
αποδοχής·,1,0.15
83/349/εοκ·ς,1,0.15
απεριόριστης,1,0.15
δαπανηθέντων,1,0.15
χρόνια·ς,1,0.15
διενεργεία,1,0.15
aν,1,0.15
αρχή-αποδέκτης,1,0.15
διενεργήσει·,1,0.15
ελεγκτική,1,0.15
διοικούσος,1,0.15
83/349/eοκ,1,0.15
ελεγκτικής,1,0.15
θέση-κλειδί,1,0.15
νομίμου,1,0.15
προηγηθέντων,1,0.15
συνεργασίας·,1,0.15
απασχολήνω,1,0.15
2006/43/ek,1,0.15
28.6.2005,1,0.15
12.5.1984,1,0.15
8.5.1998,1,0.15
31.3.2001,1,0.15
19.7.2002,1,0.15
18.8.2003,1,0.15
85/611/eοκ·,1,0.15
2001/19/εκ,1,0.15
31.7.2001,1,0.15
χαμηλότερες,1,0.15
ατόπως,1,0.15
μελλοντικώς,1,0.15
αναβαθμισθεί,1,0.15
φρονεί,1,0.15
προνομία,1,0.15
συντόμευση,1,0.15
αντικειμενο,1,0.15
προκαθορισθεί,1,0.15
χαρακτηριστικά–,1,0.15
οίκου,1,0.15
πράξεων)·,1,0.15
προαίρεση·,1,0.15
επανορθώσουν,1,0.15
πωληθούν·,1,0.15
επαναπληρωμή,1,0.15
αφαιρούνται·,1,0.15
πρόσημά,1,0.15
εκπεφρασμένοι,1,0.15
20·,1,0.15
ίδιονς,1,0.15
-εφόσον,1,0.15
εγκαθιδρύσουν,1,0.15
επιφυλάσσομαι,1,0.15
διετηρούντο,1,0.15
αντισυμβαλλόμενοί,1,0.15
δημοσιοποιηση,1,0.15
εφαρμοσθέντα,1,0.15
απορρέοντα,1,0.15
περιστολή,1,0.15
2006/48/ek·,1,0.15
12/88ων,1,0.15
2.3.2005,1,0.15
21.11.2002,1,0.15
ίδιο(ος,1,0.15
τίτλο(-ους,1,0.15
ονομαστικό(-ός,1,0.15
εξοφλητέου,1,0.15
διαπραγματεύσιμης,1,0.15
συμψηφίζουσες,1,0.15
xρεωστικοί,1,0.15
αδιαβάθμητες,1,0.15
ανατρέψουν,1,0.15
21)·,1,0.15
τινά,1,0.15
ζώνη·,1,0.15
αναδοχη,1,0.15
4.πίνακας,1,0.15
παραδόσιμες,1,0.15
οσε·,1,0.15
μεταφερθείσας,1,0.15
κατ«επιλογή,1,0.15
εκπεσθέντα,1,0.15
correlated,1,0.15
σχέζω,1,0.15
καθαρώςς,1,0.15
θεωρήσουν,1,0.15
ανεγνωρισμένος,1,0.15
εξωχρηματιστηριακού,1,0.15
rate)(σε,1,0.15
εκκαθαρισμένης,1,0.15
unmatched,1,0.15
απαιτησεων,1,0.15
υποτιθεμένου,1,0.15
10ήμερης,1,0.15
προσαρμοζόμενου,1,0.15
προαιρετικότητας,1,0.15
βελτίωσή,1,0.15
κατοχής·,1,0.15
έωλος,1,0.15
επισταμένως,1,0.15
διαδοχικες,1,0.15
98/33/εκ,1,0.15
77/780/εοκ,1,0.15
εθνικο,1,0.15
2(1,1,0.15
2(2,1,0.15
7(3,1,0.15
3(1)(α,1,0.15
3(1)(β,1,0.15
67(1,1,0.15
3(1)(γ,1,0.15
2(3,1,0.15
3(1)(στ,1,0.15
2(10,1,0.15
3(1)(θ,1,0.15
2(11,1,0.15
3(1)(ι,1,0.15
2(14,1,0.15
3(1)(ια,1,0.15
2(15,1,0.15
1(1)(β,1,0.15
3(1)(ιγ,1,0.15
2(17,1,0.15
1(1)(γ,1,0.15
3(1)(ιδ,1,0.15
2(18,1,0.15
1(1)(δ,1,0.15
3(1)(ιε,1,0.15
2(19,1,0.15
3(1)(ιη,1,0.15
2(23,1,0.15
3(1)(ιθ,1,0.15
2(26,1,0.15
3(2,1,0.15
2(7,1,0.15
3(3)(α,1,0.15
3(3)(γ,1,0.15
2(24,1,0.15
3(4,1,0.15
3(4α,1,0.15
67(3,1,0.15
3(4β,1,0.15
3(5,1,0.15
2(6,1,0.15
2(25,1,0.15
4(α)(β,1,0.15
18(1,1,0.15
18(1)(α,1,0.15
4(1)(iς,1,0.15
1(2,1,0.15
18(2,1,0.15
19(1,1,0.15
19(2,1,0.15
11(2,1,0.15
19(3,1,0.15
26(1,1,0.15
1(4,1,0.15
26(2,1,0.15
7(11,1,0.15
7(14,1,0.15
28(1,1,0.15
5(1,1,0.15
28(2,1,0.15
5(2,1,0.15
1(3,1,0.15
28(3,1,0.15
29(1)(α,1,0.15
vi(2,1,0.15
29(1,1,0.15
29(2,1,0.15
vi(3,1,0.15
30(1,1,0.15
30(2,1,0.15
30(3,1,0.15
33(1,1,0.15
33(3,1,0.15
6(2,1,0.15
35(1,1,0.15
8(1,1,0.15
35(5,1,0.15
8(5,1,0.15
1(5,1,0.15
2(9,1,0.15
41(1)(δ,1,0.15
41(1)(στ,1,0.15
41(1)(ζ,1,0.15
i(4,1,0.15
2(22,1,0.15
i(5,1,0.15
i(9,1,0.15
2(12,1,0.15
i(42,1,0.15
ii(3,1,0.15
iii(2,1,0.15
iii(8,1,0.15
1(6,1,0.15
viii(13)(iii,1,0.15
vi(8)(2,1,0.15
δανειοληψίας,1,0.15
επιτρέψω,1,0.15
διαπραγματευτών)·,1,0.15
marking-to-model,1,0.15
nyilvánosan,1,0.15
ιδίανς,1,0.15
ακυρωνόμενων,1,0.15
συνυπολογιζομένη,1,0.15
εταιρείας.8,1,0.15
γεννήθηκαν,1,0.15
δημοσιεύσεώς,1,0.15
αποκλείσουν,1,0.15
αποσαφηνίσω,1,0.15
σχετιζόμενης,1,0.15
κατάλληλες,1,0.15
ανεπίκαιρη,1,0.15
απευθυνόμενης,1,0.15
b(5,1,0.15
οργάνωσης·,1,0.15
ζητήσει·,1,0.15
επαγγελματικό·,1,0.15
πληρούταν,1,0.15
2000/12/eκ·,1,0.15
συγκατατέθηκε,1,0.15
γνωστοποίει,1,0.15
ελέγξει·,1,0.15
διαρθρώνουν,1,0.15
9.10.2002,1,0.15
τραπεζoγραμμάτια,1,0.15
mη,1,0.15
2004/9,1,0.15
ειδοσ,1,0.15
δημοσιευεη,1,0.15
πηγη,1,0.15
νομικησ,1,0.15
υποχρεωσησ,1,0.15
σκοποσ,1,0.15
χρηματοοικο-νομικός,1,0.15
συναλλαγης,1,0.15
2]–,1,0.15
τίτλων–,1,0.15
εδουλευμένοι,1,0.15
5].2.2,1,0.15
γσδ,1,0.15
αποσβέννυνμαι,1,0.15
αναλυτικοί,1,0.15
τραπεζογραμμά-τια,1,0.15
-βλ,1,0.15
economic,1,0.15
απέχουσα,1,0.15
reserves,1,0.15
μετρούμενα,1,0.15
εμφανιζόμενα,1,0.15
προτεινόμενες,1,0.15
κόστους-ωφέλεια,1,0.15
ομαλών,1,0.15
διακινώ,1,0.15
ανταλλάξιμα,1,0.15
γινομένος,1,0.15
buy-sell,1,0.15
εντολeς,1,0.15
διαβιβασθείσας,1,0.15
αμφισβητούσα,1,0.15
διαφaνεια,1,0.15
μεταχείριση·,1,0.15
προαναγγείλω,1,0.15
συστηματικοποιητήςς,1,0.15
επικαιροποιούμενος,1,0.15
πεντάμηνος,1,0.15
εισαγωγh,1,0.15
παρaγωγα,1,0.15
εξατομικεύσιμων,1,0.15
ενθαρρύνεται,1,0.15
απαιτούντο,1,0.15
αναδιατυπώνω,1,0.15
προχώρησαν,1,0.15
θεσμοθέτηση,1,0.15
εκείνο,1,0.15
προέχω,1,0.15
θεσμοθετήνω,1,0.15
προαναφερθείσος,1,0.15
αναδιατυπωμένων,1,0.15
20.1.α,1,0.15
προόδος,1,0.15
0073,1,0.15
160/2006,1,0.15
1787,1,0.15
45/2007,1,0.15
ορισμή,1,0.15
30δ,1,0.15
31γ,1,0.15
ακόλουθoς,1,0.15
ε(2007ς,1,0.15
εξέφραζαν,1,0.15
ανακατεύθυνε,1,0.15
ηλεκτρονικο,1,0.15
δικτυο,1,0.15
διαχείριση·,1,0.15
2003/06/εκ,1,0.15
αιάτλω,1,0.15
καταχωρούμενος,1,0.15
κατορθώνω,1,0.15
αξιόπιστη,1,0.15
ανεμπόδιστα,1,0.15
εικοσιτετράωρο,1,0.15
διακομιστός,1,0.15
μονοπωλιακής,1,0.15
διάθεσης·,1,0.15
καταχωρηθούν,1,0.15
εύκολη,1,0.15
τηλεφορτώνουν,1,0.15
εκτυπωμένος,1,0.15
ρυθμιζόμενων·,1,0.15
ηλεκτρονικου,1,0.15
δικτυου,1,0.15
κλειδιών,1,0.15
αποθήκευση·,1,0.15
68/151/εοκ·,1,0.15
αλυσιδωτής,1,0.15
εμπέδωσης,1,0.15
αναζητήσω,1,0.15
φτάσουν,1,0.15
εφημερίδων,1,0.15
επαληθεύσιμο,1,0.15
εξυπηρετηθούν,1,0.15
λόγος·,1,0.15
κοινολογήθηκαν,1,0.15
2004/109/εκ,1,0.15
διαδοθούν,1,0.15
εναπομένοντες,1,0.15
53ας,1,0.15
συσχετιζόμενους,1,0.15
διασαφήνισης,1,0.15
ελαστικότερης,1,0.15
δόκιμος,1,0.15
συναινούντων,1,0.15
εξακριβωμένος,1,0.15
δέκα·,1,0.15
τράστ,1,0.15
συναινούντο,1,0.15
ελέγχει·,1,0.15
προσιτάς,1,0.15
αναγκαίο·,1,0.15
υπάρξη,1,0.15
φιλελευθεροποίηση,1,0.15
πίνακης,1,0.15
19ας,1,0.15
.τα,1,0.15
προτεινομένων,1,0.15
7.2.2007,1,0.15
θεσπιζόμενες,1,0.15
απαλείφει,1,0.15
μηνιαίας,1,0.15
στοιχεία.4,1,0.15
έκτακτων,1,0.15
διαπιστούμενος,1,0.15
απλοποιημένων,1,0.15
διαμορφούμενων,1,0.15
↑,1,0.15
υποβάλλοντάς,1,0.15
μηναίος,1,0.15
αναγγελθώ,1,0.15
διαβιβάση,1,0.15
αναγόμενων,1,0.15
παγιωμένων,1,0.15
δημοσιεύσιμος,1,0.15
αναθεωρημένων,1,0.15
αναθέωρηση,1,0.15
κιόλας,1,0.15
δίμηνο,1,0.15
διμήνου,1,0.15
αναλυόμενους,1,0.15
ομαδική,1,0.15
διαδικασιών,1,0.15
ν13,1,0.15
διαγεγραμμένα,1,0.15
κe,1,0.15
εργάσιμη,1,0.15
17.12.2001,1,0.15
2006/20,1,0.15
2004/21,1,0.15
18.12.2004,1,0.15
1267/2003,1,0.15
18.7.2003,1,0.15
www.ecb.int,1,0.15
πινάκο,1,0.15
στωτικοί,1,0.15
ξένο,1,0.15
α-β-γ,1,0.15
--κε,1,0.15
εέλεγχος,1,0.15
νο,1,0.15
δεκ.,1,0.15
ιαν.,1,0.15
άων,1,0.15
κατηγ,1,0.15
γεν.,1,0.15
κυβέρν,1,0.15
τετραγώνος,1,0.15
πιi,1,0.15
802].,1,0.15
κάτοικο,1,0.15
σύνολo,1,0.15
πωάλλω,1,0.15
ομολογιακά,1,0.15
δανείων»/κόσμος,1,0.15
1202,1,0.15
εσωτερικου//ευρω,1,0.15
επιχ,1,0.15
σεις,1,0.15
συντ,1,0.15
εσωτερικου//λοιπα,1,0.15
εκδοτες,1,0.15
υπολοιπου,1,0.15
κοσμου//ευρω,1,0.15
ευρωγραμμάτι,1,0.15
euronotesς,1,0.15
1204,1,0.15
1206,1,0.15
εκδόσεα,1,0.15
αποτιμήσεως,1,0.15
επανεπενδεδυμένων,1,0.15
1207].,1,0.15
νεοεκδοθέντες,1,0.15
1208].,1,0.15
1210].,1,0.15
εξοφλούμενο,1,0.15
διανύθηκε,1,0.15
1211,1,0.15
ποιων,1,0.15
απαρέγκλιτος,1,0.15
lts,1,0.15
qus,1,0.15
1302,1,0.15
1303,1,0.15
1305,1,0.15
1307,1,0.15
1309]με,1,0.15
1310]με,1,0.15
1311]αριθμός,1,0.15
φορτίζω,1,0.15
1314]τερματικά,1,0.15
1315,1,0.15
1317]με,1,0.15
επιταγές,1,0.15
1319]πιστώσεις,1,0.15
1323]συναλλαγές,1,0.15
εμβάσματα,1,0.15
αποστέλλει·,1,0.15
1326,1,0.15
1328,1,0.15
els,1,0.15
eaf,1,0.15
spi,1,0.15
irecc,1,0.15
πινάκα,1,0.15
εσυ,1,0.15
μεταδεδομένο,1,0.15
υποφάκελος,1,0.15
κωδικοποιημένες,1,0.15
κλειδής,1,0.15
εποχική,1,0.15
παρασχεθέντων,1,0.15
αντληθείσες,1,0.15
arr,1,0.15
συγκέντρωσης):6,1,0.15
0method_ref,1,0.15
προηγούμενοι,1,0.15
nat_title,1,0.15
διακριτικά,1,0.15
διατυπούμενας,1,0.15
στρωματοποίηση,1,0.15
source_agency,1,0.15
μεταδίδει,1,0.15
indexdec98=100,1,0.15
indexdec01=100,1,0.15
μετέδωσε,1,0.15
breaks,1,0.15
κλπ,1,0.15
"10],«p",1,0.15
cl_obs_status,1,0.15
σχολίο,1,0.15
ασυνήθος,1,0.15
αναγγελλόμενων,1,0.15
διορθωσεις,1,0.15
εκκινεί,1,0.15
αντιπαραγωγικός,1,0.15
novo,1,0.15
συνέδεαν,1,0.15
απορρόφησαν,1,0.15
καταγραφόμενη,1,0.15
διπλογραφία,1,0.15
αντίστοιχά,1,0.15
συλλέγονται,1,0.15
χρονολογούνται,1,0.15
συναρτούν,1,0.15
δυσκολότερος,1,0.15
κ.3-k.10,1,0.15
κ.11,1,0.15
5.129,1,0.15
30.12.1998,1,0.15
εγχώριες,1,0.15
head_of_branch»·,1,0.15
εμφανίσουν,1,0.15
νχι·ς,1,0.15
συγχώνευσης·,1,0.15
mfi_ref»·,1,0.15
4]για,1,0.15
isin_3,1,0.15
involved_,1,0.15
non-if,1,0.15
συγχωνεύθηκε,1,0.15
διψήφιου,1,0.15
2.60-2.67,1,0.15
5.56-5.59,1,0.15
moneyandbankingstatisticssectormanual,1,0.15
interbank,1,0.15
quoted,1,0.15
units,1,0.15
μετέρχω,1,0.15
software-based,1,0.15
υποστηριζόμενης,1,0.15
μικροτσίπ,1,0.15
nav,1,0.15
pin,1,0.15
tan,1,0.15
f.332,1,0.15
financial,1,0.15
non-mfis,1,0.15
2.21-2.31,1,0.15
ερμης,1,0.15
δραχμές,1,0.15
τετραμερών,1,0.15
σπανιότερα,1,0.15
κλ.π,1,0.15
borrowing,1,0.15
2.57-2.59,1,0.15
notice,1,0.15
2.68-2.70,1,0.15
5.94-5.95,1,0.15
intermediaries,1,0.15
i.α,1,0.15
γσα,1,0.15
mmfs,1,0.15
2.71-2.74,1,0.15
ευρωαγορά,1,0.15
εκδότες,1,0.15
non-resident,1,0.15
e-money,1,0.15
maturity,1,0.15
roll-over,1,0.15
2000/46/eκ,1,0.15
έναντί,1,0.15
issued,1,0.15
9.5·,1,0.15
target”).4,1,0.15
2006/11,1,0.15
12.8.2006,1,0.15
συναπαρτίζεται,1,0.15
σχημάτισαν,1,0.15
ρηξικέλευθες,1,0.15
περίπλοκους,1,0.15
επαχθέστερες,1,0.15
δαπανηρότερο,1,0.15
επαχθέστερο,1,0.15
αξιωθεί,1,0.15
καταβάλλοντας,1,0.15
εχθρικός,1,0.15
προβλώνη,1,0.15
προτιμάται,1,0.15
1263/1999,1,0.15
συμπράξεις,1,0.15
προέχων,1,0.15
προκειμένος,1,0.15
ηττηθείσας,1,0.15
κτηθείσα,1,0.15
απεδείχθη,1,0.15
δύνονται,1,0.15
1681/94,1,0.15
υποβληθείσων,1,0.15
παθήσεις,1,0.15
υδατοκαλλιέργειος,1,0.15
1639/2001,1,0.15
θηρευτής,1,0.15
αλιεύμα,1,0.15
κοινωνικο-οικονομικός,1,0.15
ανύπαρκτη,1,0.15
2371/2002,1,0.15
υδατοπεριβαλλοντικός,1,0.15
εκτρεφόμενος,1,0.15
υδρόβιο,1,0.15
2092/91,1,0.15
σπατάλη,1,0.15
2006/88/εκ,1,0.15
ιχθυάλευρα,1,0.15
ιχθυέλαιο,1,0.15
διοξινής,1,0.15
αποδοτικότητάς,1,0.15
υφάλος,1,0.15
προπαρασκευής,1,0.15
οικολογικό,1,0.15
εμπλουτισμός,1,0.15
αλιευθεί,1,0.15
τόποι,1,0.15
εκφορτώνω,1,0.15
συνθημάτων,1,0.15
πανηγύρεις,1,0.15
510/2006,1,0.15
πιλοτικά,1,0.15
παραγόμενα,1,0.15
συμπραττόντων,1,0.15
συμπράττοντες,1,0.15
μακρύτερες,1,0.15
υλοποιούμενος,1,0.15
πρόσοψη,1,0.15
ευμεγέθη,1,0.15
σύνθημα,1,0.15
χρηματοδοτικης,1,0.15
εξόδους,1,0.15
συγχρηματοδοτών,1,0.15
μικροπίστωση,1,0.15
–μείον,1,0.15
απόδοσης–,1,0.15
επιχειρήσεων-στόχος,1,0.15
πρώιμα,1,0.15
εντοπιζόμενα,1,0.15
δικαιούμενα,1,0.15
δικαιούμενος,1,0.15
αντιπρόσωποί,1,0.15
φωτοαντίγραφο,1,0.15
μικροφωτοδελτία,1,0.15
συναγάγει,1,0.15
συγχρηματοδοτούμενων,1,0.15
κ.3,1,0.15
1346/2000,1,0.15
aρχική,1,0.15
παραβιάστηκε,1,0.15
συνέταξαν,1,0.15
παράτυπης,1,0.15
ανακτηθόν,1,0.15
tα,1,0.15
εντάλματος,1,0.15
πτωχεύσεων,1,0.15
διαμορφώματος,1,0.15
94/140/εκ,1,0.15
αποκαλυφθείσες,1,0.15
παρατυπιών,1,0.15
χαρακτηρα,1,0.15
15.8.2006,1,0.15
26.6.1999,1,0.15
30.12.1999,1,0.15
485/2005,1,0.15
30.3.2005,1,0.15
24.11.2006,1,0.15
12.7.1994,1,0.15
2035/2005,1,0.15
15.12.2005,1,0.15
14.12.2000,1,0.15
2438/2000,1,0.15
24.2.2001,1,0.15
17.8.2001,1,0.15
25.4.1979,1,0.15
22.7.1992,1,0.15
22.7.1991,1,0.15
18.8.1990,1,0.15
21.1.2000,1,0.15
31.3.2006,1,0.15
31.7.2006,1,0.15
27.11.1995,1,0.15
30.6.2000,1,0.15
4.3.1994,1,0.15
επιλεξιμοτητα,1,0.15
δυνατάς,1,0.15
αδύνατα,1,0.15
επαναδραστηριοποιούνται,1,0.15
εκφεύγει,1,0.15
4]δ,1,0.15
6]δ,1,0.15
21.7.2001,1,0.15
στρογγυλευθεί,1,0.15
επικρατούντας,1,0.15
αιχμές,1,0.15
όγδο,1,0.15
χρώματα,1,0.15
000099,1,0.15
μονοχρωμία,1,0.15
άστρο,1,0.15
στηλό,1,0.15
στόλου,1,0.15
κμς,1,0.15
νηολογίου,1,0.15
άρρεν,1,0.15
θήλυ,1,0.15
εγκαταλείφθηκε,1,0.15
ονοματολογια,1,0.15
αξονων,1,0.15
οριστική,1,0.15
kw.,1,0.15
-kw,1,0.15
προαγάγουν,1,0.15
μαθημάτο,1,0.15
παράχθηκε,1,0.15
ιχθυογεννητικός,1,0.15
καλλιεργητής,1,0.15
σκάφη,1,0.15
νωπή,1,0.15
διατηρόμενης,1,0.15
κονσερβοποιημένων,1,0.15
ημισυντηρημένων,1,0.15
κατεψυγμένων,1,0.15
βαθύας,1,0.15
ψύξεως,1,0.15
μεταποιημένων,1,0.15
μαγειρευμένα,1,0.15
φαγητό,1,0.15
καπνιστά,1,0.15
αλίπαστα,1,0.15
αποξηραμένα,1,0.15
απορριμμάτων,1,0.15
επωφελήθηκε,1,0.15
θαλάσσια,1,0.15
ωοτοκία,1,0.15
παγομηχανή,1,0.15
αλιευτικό,1,0.15
2081/92,1,0.15
1].σειρά,1,0.15
καινοτόμου,1,0.15
παρεμπιπτόντων,1,0.15
μελέτες,1,0.15
24.7.1992,1,0.15
υπάρξαινω,1,0.15
εφαρμόστηκε,1,0.15
intosai,1,0.15
ελεγκτικη,1,0.15
προτεραιοτητες,1,0.15
ενδεικτικό,1,0.15
προσφυγη,1,0.15
εργο,1,0.15
ετησιας,1,0.15
ελεγχθέντης,1,0.15
δειγματος,1,0.15
δηλωθεισων,1,0.15
δηλωθείσε,1,0.15
συναλλαγών.ή,1,0.15
10.5.2007,1,0.15
τελικης,1,0.15
παροντος,1,0.15
δείγματος(-ων,1,0.15
διενέργειας,1,0.15
αναφερθεισες,1,0.15
έκρινα,1,0.15
απαραίτητες].,1,0.15
δυσμενούς,1,0.15
κλεισιμο,1,0.15
αποπεράτωση,1,0.15
πιστοποιητικο,1,0.15
εισπραχθέντης,1,0.15
1198/2006·,1,0.15
προσήκοντες,1,0.15
αποσυρθηκαν,1,0.15
διαχειριστικοί,1,0.15
ενδιαμεσοι,1,0.15
κατανεμηθεισών,1,0.15
κάλυψε,1,0.15
1]είτε,1,0.15
σοβαρότητάς,1,0.15
επιτευγμάτων,1,0.15
ανολοκλήρωτων,1,0.15
επεστράφη,1,0.15
επαναχρησιμοποιήθηκε,1,0.15
498/2006,1,0.15
συμπληρωματικοτητα,1,0.15
1198/2006].,1,0.15
ιδιάζουσα,1,0.15
1265/2001,1,0.15
314/2002,1,0.15
μηχανογράφηση,1,0.15
94/728/εκ,1,0.15
1150/2000,1,0.15
ποσοστωσεις,1,0.15
σιροπιών,1,0.15
28.2.2006,1,0.15
1.7.2006,1,0.15
31.5.2000,1,0.15
2028/2004,1,0.15
27.11.2004,1,0.15
εξαμηνιαίως,1,0.15
περιλαμβάνοντας,1,0.15
λογιστικοποιηθούν,1,0.15
διακανονισθείσα,1,0.15
1358/2007,1,0.15
αμερικάνικος,1,0.15
δαπανηρα,1,0.15
29ζ,1,0.15
8.5.2008,1,0.15
0657,1,0.15
2007/657/εκ,1,0.15
12.6.2008,1,0.15
ríkisins’.”·,1,0.15
7/94,1,0.15
21.8.2008,1,0.15
92/49/eok,1,0.15
65/2008,1,0.15
29ζα,1,0.15
1569,1,0.15
80/2008,1,0.15
0528,1,0.15
0008,1,0.15
0006,1,0.15
101,1,0.15
0076,1,0.15
2007/65/εκ,1,0.15
ταξινόμησης·,1,0.15
ενδοκοινοτική,1,0.15
συνδρομή·,1,0.15
επιβολης,1,0.15
συντονίσει,1,0.15
ζημιωθέντες,1,0.15
σαφέστερος,1,0.15
ανθρωπίνων,1,0.15
υποχρεωτικώς,1,0.15
εκπορεύεται,1,0.15
αναλυτικότητας,1,0.15
χρειάστηκαν,1,0.15
περιληώνφ,1,0.15
παγιωθούν,1,0.15
αποδοτέος,1,0.15
εποπτεύσουν,1,0.15
απρόσφορες,1,0.15
διαλέξει,1,0.15
iι·,1,0.15
απλοποιούμαι,1,0.15
στατιστικής·,1,0.15
παραρτήματό,1,0.15
j.-p.,1,0.15
25.11.2003,1,0.15
1999/34/εκ,1,0.15
r1ς,1,0.15
κινδύνου]·,1,0.15
r7,1,0.15
r8,1,0.15
r9ς,1,0.15
r10,1,0.15
r20].,1,0.15
r22,1,0.15
r23,1,0.15
r25,1,0.15
r26,1,0.15
r27,1,0.15
διατομεακή,1,0.15
πράξη]·,1,0.15
r32,1,0.15
r12]·,1,0.15
δείγματα(-τα,1,0.15
επιμελημένος,1,0.15
πρότυπο(α,1,0.15
7.2.3,1,0.15
7.5.1,1,0.15
7.5.2,1,0.15
πελάγη,1,0.15
xxxxxx,1,0.15
παρόλον,1,0.15
2006/891/εκ,1,0.15
ανισότητα,1,0.15
εισφοράς,1,0.15
κεφαλαιουχική,1,0.15
αντιπροσωπεύοντα,1,0.15
χρηματιστήριο·,1,0.15
εξομοιούται,1,0.15
υπόλοιπο·,1,0.15
πραγματοποιουμένων,1,0.15
αποκτώσα,1,0.15
υποθηκών·,1,0.15
ανταποδοτικός,1,0.15
προστιθεμένος,1,0.15
επέβαλλε,1,0.15
λιμενικός,1,0.15
αλληλοβοηθείας,1,0.15
69/355/εοκ,1,0.15
2006/98/εκ,1,0.15
aandelen,1,0.15
командитно,1,0.15
дружество,1,0.15
акции,1,0.15
ограничена,1,0.15
отговорност,1,0.15
omezeným,1,0.15
aktieselskab,1,0.15
kommandit-aktieselskab,1,0.15
usaldusühing,1,0.15
osaühing,1,0.15
aktsiaselts,1,0.15
tulundusühistu,1,0.15
μετοχάς,1,0.15
acciones,1,0.15
responsabilidad,1,0.15
responsabilità,1,0.15
kapitālsabiedrība,1,0.15
uždaroji,1,0.15
felelősségű,1,0.15
társaság,1,0.15
μαλτέζικου,1,0.15
tagħhom,1,0.15
jkun,1,0.15
f’azzjonijiet,1,0.15
spółka,1,0.15
akcyjna,1,0.15
ograniczonąς,1,0.15
sociedade,1,0.15
por,1,0.15
quotas,1,0.15
în,1,0.15
nume,1,0.15
colectiv,1,0.15
komanditna,1,0.15
omejeno,1,0.15
odgovornostjo,1,0.15
obmedzeným,1,0.15
osakeyhtiö,1,0.15
osuuskunta,1,0.15
andelslag,1,0.15
säästöpankki,1,0.15
sparbank,1,0.15
vakuutusyhtiö,1,0.15
incorporated,1,0.15
73/79/εοκ,1,0.15
73/80/εοκ,1,0.15
13.11.1974,1,0.15
1979,1,0.15
19.11.1979,1,0.15
85/303/εοκ,1,0.15
15.6.1985,1,0.15
15.11.1985,1,0.15
xi.b.i.1,1,0.15
196,1,0.15
555,1,0.15
ββ,1,0.15
απόφασης»·,1,0.15
6μ,1,0.15
τρίμηνη.»·,1,0.15
καταργήση,1,0.15
αναδιατυπωθούν,1,0.15
53α,1,0.15
2008/22/εκ,1,0.15
2008/26/εκ,1,0.15
υπόπτων,1,0.15
χρήζει,1,0.15
αναταξινομούμενος,1,0.15
interest,1,0.15
β)i,1,0.15
β)ii,1,0.15
β)iii,1,0.15
α)i,1,0.15
α)ii,1,0.15
α)iii,1,0.15
α)iv,1,0.15
δ)i,1,0.15
δ)ii,1,0.15
2008/31,1,0.15
ακολούθως:1,1,0.15
μέλος.5,1,0.15
κατοίκου,1,0.15
ανεπίλυτος,1,0.15
διαγεγραμμένας,1,0.15
birs@ecb.europa.eu,1,0.15
17:59,1,0.15
παρεκβολές,1,0.15
fvc_req_newς,1,0.15
fvc_req_del,1,0.15
τμήματα:“host,1,0.15
fvc_req_new,1,0.15
αποστείλουν,1,0.15
αναπτυχθεί·,1,0.15
2001/95/ek,1,0.15
προσφορός,1,0.15
άψογος,1,0.15
αυτοδύναμος,1,0.15
εμπορευματοποίηση,1,0.15
διαπιστεύσεις,1,0.15
επισυμβαίνω,1,0.15
αυστηρότατης,1,0.15
επανεξάγω,1,0.15
ληφθένς,1,0.15
επιδοτώ,1,0.15
ρητρά,1,0.15
διαπιστευση,1,0.15
αυτοχρηματοδοτούμενος,1,0.15
διαπίστευσής,1,0.15
διασυνοριακή,1,0.15
διαπίστευση·,1,0.15
αλληλοσυγκρουόμενα,1,0.15
λαμβάνει·,1,0.15
διαπιστεύω,1,0.15
98/34/ek,1,0.15
πληρέστερο,1,0.15
περιοριστικάς,1,0.15
πληροφορείς,1,0.15
προγράμματά,1,0.15
ευαλλοίωτων,1,0.15
αχρηστεύω,1,0.15
επίθεσή,1,0.15
αναθέτο,1,0.15
eκ,1,0.15
ζημιωθεί,1,0.15
προϋπολογισμοί,1,0.15
2008.(δεν,1,0.15
31.5.2001,1,0.15
16.9.2002,1,0.15
1525/2007,1,0.15
478/2007,1,0.15
28.4.2007,1,0.15
επείγει,1,0.15
λογιστικοποιηθεί,1,0.15
επαναταξινόμησης,1,0.15
ag8,1,0.15
50ε,1,0.15
άλλη·,1,0.15
επαναταξινομήθηκαν,1,0.15
παρεπόμενου,1,0.15
πραγματοποιούμενου,1,0.15
προτιμότερο,1,0.15
κατεχόμενου,1,0.15
αγοράσθηκε,1,0.15
προτιθέμενος,1,0.15
μικροαλλαγή,1,0.15
κτίσμα,1,0.15
αλληλοδιαδόχωςς,1,0.15
εργοταξιακός,1,0.15
εκείνη,1,0.15
απαλειφόμενο,1,0.15
а1,1,0.15
47ζ,1,0.15
36α-36γς,1,0.15
25θ,1,0.15
13(ιδ,1,0.15
λειτουργίας,1,0.15
ανέλιξη,1,0.15
εμπεριέχονταν,1,0.15
1262/2008,1,0.15
εξαργυρώζω,1,0.15
εξαργυρώσουν,1,0.15
εξαργύρωσή,1,0.15
ανταμοιβής·,1,0.15
έσοδό,1,0.15
πόντους,1,0.15
συμβλώ,1,0.15
1263/2008,1,0.15
εγερθεί,1,0.15
ρευστοποιήσιμο,1,0.15
εξαιρετέες,1,0.15
τακτοποιώνη,1,0.15
23-26,1,0.15
υπολογίνω,1,0.15
επαναμέτρηση,1,0.15
2001/43/εκ,1,0.15
παρωχημένων,1,0.15
5ε,1,0.15
κινητοποιηθεί,1,0.15
εκπληρώνοντας,1,0.15
σημανικός,1,0.15
παρευρίσκω,1,0.15
διατηρεί,1,0.15
διαφωνούντης,1,0.15
com(2007,1,0.15
συνήλθαν,1,0.15
ειρηνικού,1,0.15
χούντα,1,0.15
καταλάβω,1,0.15
15.12.2000,1,0.15
επιστολης,1,0.15
στρατηγέ,1,0.15
καταδίκασε,1,0.15
συνεδρία,1,0.15
θεσπίζονταν,1,0.15
συνεδρίασε,1,0.15
εκρίθη,1,0.15
πλαισίωση,1,0.15
παγώματος,1,0.15
συναινετική,1,0.15
προεδρικός,1,0.15
οργανωθούν,1,0.15
εντατικοποιώ,1,0.15
10ου,1,0.15
εγκαθιδρύθηκε,1,0.15
boghé,1,0.15
kaedi,1,0.15
όαση,1,0.15
πλημμύρος,1,0.15
ποταμός,1,0.15
σενεγάλη,1,0.15
σχολικός,1,0.15
ομκ,1,0.15
μκο,1,0.15
διευκόλυνσης,1,0.15
αποδεσμευθέντων,1,0.15
απελευθερωθούν,1,0.15
ναυαγίων,1,0.15
λιμάνι,1,0.15
απαριθμούμενων,1,0.15
αρχηγός,1,0.15
σύνταγμα,1,0.15
2009/83/εκ,1,0.15
συγκρότησαν,1,0.15
crdtg,1,0.15
93.,1,0.15
αθροίσεων,1,0.15
εκτάκτων,1,0.15
εφαρμοζόμενη,1,0.15
9](ποσά,1,0.15
2009/23,1,0.15
λειτουργικότερης,1,0.15
1998·,1,0.15
υποσυνόλου,1,0.15
προτρέπω,1,0.15
ιδρύματα)·,1,0.15
στοιχειωδών,1,0.15
θεμελιωθεί,1,0.15
αναθεωρόμενης,1,0.15
εμκαπ)·,1,0.15
ξεχωριστά·,1,0.15
18βς,1,0.15
κοινότηταςάρθρο,1,0.15
8.4.2009,1,0.15
επαναπροσδιοριζόμενο,1,0.15
m83,1,0.15
m84,1,0.15
m87,1,0.15
αναπροσαρμογές,1,0.15
5.94,1,0.15
bankers,1,0.15
σύστηματarget,1,0.15
συνδεόταν,1,0.15
24]στοιχεία,1,0.15
τουτarget,1,0.15
μεταβλητης,1,0.15
27]“if_req_realloc,1,0.15
structure_2,1,0.15
non_if_obj,1,0.15
σαββατοκύριακων,1,0.15
"2004,2",1,0.15
αποπληρωμης,1,0.15
εκκαθαριση,1,0.15
32.,1,0.15
αβέβαιου,1,0.15
16στ,1,0.15
διεκδικήσεις,1,0.15
υποδεέστερα,1,0.15
καταλογιστέες,1,0.15
16ε,1,0.15
συμφέρουσες,1,0.15
εξαργυρώσω,1,0.15
εισφερθέντα,1,0.15
22a.,1,0.15
16(β,1,0.15
οε13,1,0.15
16a-16στ,1,0.15
96b,1,0.15
οε14ι,1,0.15
96a,1,0.15
οε14ε,1,0.15
οε14θ,1,0.15
οε25,1,0.15
οε27(α,1,0.15
16a(β,1,0.15
16γ(β,1,0.15
16a(ε,1,0.15
αμειφθούν,1,0.15
αμείψω,1,0.15
οε29α,1,0.15
επεξηγούν,1,0.15
8a.,1,0.15
καταχθέν,1,0.15
ανακαταταγεί,1,0.15
ιδρύσεώς,1,0.15
139a,1,0.15
139β,1,0.15
80a,1,0.15
44b,1,0.15
σ.δ.λ.π,1,0.15
α12ς,1,0.15
.είμαι,1,0.15
πιθανό,1,0.15
nm750.000,1,0.15
νμ150.000,1,0.15
69/2009,1,0.15
διεθνων,1,0.15
ατομικες,1,0.15
επενδυσης,1,0.15
ελεγχομενη,1,0.15
συγγενη,1,0.15
επιχειρηση,1,0.15
13(ε,1,0.15
13(εα,1,0.15
47ι,1,0.15
εa,1,0.15
23a(α,1,0.15
13(εa,1,0.15
προ-απόκτησης,1,0.15
12(ζ,1,0.15
κατεχομενων,1,0.15
διακοπεισών,1,0.15
33-36,1,0.15
διακοπείσης,1,0.15
34γ(γ,1,0.15
47ιβ,1,0.15
μειοψηφικές,1,0.15
139γ,1,0.15
81δ,1,0.15
παύσει,1,0.15
εκμίσθωσή,1,0.15
επαναμίσθωσης,1,0.15
ταμιακές,1,0.15
159δ,1,0.15
απραγματοποίητα,1,0.15
βραχύχρονες,1,0.15
αποζημιωνόμενος,1,0.15
ενεχόμενας,1,0.15
κατανεμητέος,1,0.15
υποεκτιμήσεις,1,0.15
υπερεκτιμήσεις,1,0.15
85(β,1,0.15
παρείχετος,1,0.15
32β,1,0.15
159-159δ,1,0.15
120α(ιστ,1,0.15
επιχορηγησεις,1,0.15
29a.,1,0.15
43a.,1,0.15
37(στ,1,0.15
44δ,1,0.15
97δ,1,0.15
επαναδιατυπωση,1,0.15
διπλώματο,1,0.15
βάσισε,1,0.15
προσδίδονται,1,0.15
130δ,1,0.15
προκαταβολικά,1,0.15
ωφελιμη,1,0.15
ζωη,1,0.15
φθίνοντος,1,0.15
2005που,1,0.15
επανακαταταχθεί,1,0.15
αναιρείται,1,0.15
μαχητής,1,0.15
σπανίζω,1,0.15
81ε,1,0.15
85b,1,0.15
περιεχόμενος,1,0.15
πρωτεΐνη,1,0.15
καρποί,1,0.15
βλαστών,1,0.15
προεξοφλημένες,1,0.15
2(β,1,0.15
καρπωθεί,1,0.15
δουλευμένων,1,0.15
επιβαρύνθηκαν,1,0.15
34-36,1,0.15
επιμετρώμενο,1,0.15
ποικίλουν,1,0.15
βιολογικά,1,0.15
κούτσουρα,1,0.15
καταλογιστέο,1,0.15
άϋλος,1,0.15
ifrs-,1,0.15
εξυπακούεται,1,0.15
εεj,1,0.15
αερολιμένος,1,0.15
προσελκύζω,1,0.15
κρατήθηκε,1,0.15
αποαναγνώρισης,1,0.15
αναβάθμισης·,1,0.15
23–26,1,0.15
προαναφερθένς,1,0.15
άυλο,1,0.15
45–47,1,0.15
εκπληρωθείσες,1,0.15
εμφανίζονται·,1,0.15
κτηρίου,1,0.15
πτέρυγα,1,0.15
νοσοκομείου,1,0.15
δπχπ·,1,0.15
34b.,1,0.15
12(α,1,0.15
13-25ζ,1,0.15
δικαιοπάροχο,1,0.15
αναθεωρημένο,1,0.15
β1-β4,1,0.15
b5-b12,1,0.15
συνεννούμενες,1,0.15
συνεννοούμενες,1,0.15
αποκτωμένος,1,0.15
b28-b40,1,0.15
άυλων,1,0.15
22-28,1,0.15
b41-b45,1,0.15
24-31,1,0.15
μεταφερόμενων,1,0.15
ανείσπρακτας,1,0.15
επιμετρημένο,1,0.15
εισπραξιμότητας,1,0.15
b41,1,0.15
επαναποκτηθέντος,1,0.15
b36,1,0.15
επιμετρώμενου,1,0.15
επιμετρημένα,1,0.15
32(β,1,0.15
32(α,1,0.15
αναγνωρισθέντος,1,0.15
μεταφερθέντων,1,0.15
ανταλλάχθηκε,1,0.15
προηγούμενός,1,0.15
μεταφερθέντος,1,0.15
20χ1,1,0.15
εκπνέουν,1,0.15
συνενώζω,1,0.15
αποκτώμενου,1,0.15
αναγνωρισθέντων,1,0.15
στοιχειοθεάτλω,1,0.15
τελειώζω,1,0.15
β63,1,0.15
αποσβεσθεί,1,0.15
αποζημιωθείσα,1,0.15
45-49,1,0.15
έναρξης,1,0.15
b68,1,0.15
b69,1,0.15
103η,1,0.15
103θ,1,0.15
103h.,1,0.15
44e,1,0.15
12a.,1,0.15
εντάσεις,1,0.15
εκδηλώνομαι,1,0.15
εφέτος,1,0.15
καθιερώθηκαν,1,0.15
εξουσιοδοτούμενος,1,0.15
αναπόφευκτων,1,0.15
βέλτιστου,1,0.15
ρώμη,1,0.15
διευκρίνηση,1,0.15
διττή,1,0.15
43·ς,1,0.15
εξόφληση·,1,0.15
μεριδιούχων,1,0.15
μεριδιούχου·,1,0.15
εξόφληση)·,1,0.15
εξοφλήθηκαν,1,0.15
επισκέψεις·,1,0.15
διορίσνω,1,0.15
επιλέχθηκε·,1,0.15
λυθεί·,1,0.15
διευκρινίσω,1,0.15
εντάξουν,1,0.15
απορροφώμενας,1,0.15
εστιάσουν,1,0.15
διαβιβάζοντάς,1,0.15
εξοικονομώ,1,0.15
απεστάλη,1,0.15
ανώφελος,1,0.15
επέλυσε,1,0.15
γενικο,1,0.15
επιτυχία·ς,1,0.15
καταψήφισαν,1,0.15
ψήφισαν,1,0.15
συνεχίζομαι,1,0.15
μεριδιούχων·,1,0.15
διάσπασης·,1,0.15
συγχώνευση·,1,0.15
αυτές–ς,1,0.15
ελεγκτές·,1,0.15
φράσεων·,1,0.15
έγγραφα-πηγή,1,0.15
διαβιβάζουν,1,0.15
εξώφυλλο,1,0.15
κεκτόμενης,1,0.15
δ)καθίσταται,1,0.15
αναλήψεως,1,0.15
καταρτιζόμενων,1,0.15
μηνών·»·,1,0.15
μέσο.»·,1,0.15
προσφέροντα·,1,0.15
καταχωρημένη,1,0.15
προφορά,1,0.15
συμφωνία.»·,1,0.15
προσφοράς.»·,1,0.15
εξασφαλίζοντας,1,0.15
α).»·,1,0.15
συμπληρωμάτων·,1,0.15
στοιχείων·»·ς,1,0.15
προτίμησης.»·,1,0.15
εξουσιοδότηση»·,1,0.15
εγγυητή.»·,1,0.15
16.»·,1,0.15
παραπομπής.»·,1,0.15
1έως,1,0.15
αλληλοενημερωθεί,1,0.15
αντιρρήσεών,1,0.15
κύκος,1,0.15
2003/6/εκκαι,1,0.15
οδηγίας·ii,1,0.15
υπερκεράστηκαν,1,0.15
αλληλοσυνδεόμενων,1,0.15
ανοικοδόμηση,1,0.15
συντάξεων—,1,0.15
διασκέψεως,1,0.15
εσχε,1,0.15
περιπλέκομαι,1,0.15
διαμόρφωσής,1,0.15
τετραεπίπεδη,1,0.15
επιλύνω,1,0.15
λύσουν,1,0.15
σημερινών,1,0.15
βραχύτερες,1,0.15
διατομεακής,1,0.15
αποβλέπουσες,1,0.15
κινδύνου.8,1,0.15
2004/39,1,0.15
γνωμάτευση,1,0.15
συντονιζόμενα,1,0.15
δημοσιοποιηθείσα,1,0.15
αδειοδοτημένη,1,0.15
επιτοπίων,1,0.15
πάσανς,1,0.15
άρθρα10,1,0.15
καταρτιστέων,1,0.15
γόνιμος,1,0.15
καθοδηγήσεων,1,0.15
καθοδηγήσεις,1,0.15
εξεύρει,1,0.15
απέρριψαν,1,0.15
τέτοιων,1,0.15
1.4.2010,1,0.15
δέχτηκε,1,0.15
κατάφερε,1,0.15
χαιρέτισε,1,0.15
εφαλτήριο,1,0.15
χαιρέτισαν,1,0.15
1998/4,1,0.15
19.5.1999,1,0.15
ανώτερου,1,0.15
αναμειγνύονται,1,0.15
επενδυμένων,1,0.15
τόνισαν,1,0.15
συντονισμένες,1,0.15
ανταποκρίσεις,1,0.15
πολυσχιδέςς,1,0.15
συνύπαρξη,1,0.15
πλούτος,1,0.15
επιχείρησής,1,0.15
ανατεθείσας,1,0.15
κακοσχεδιασμένος,1,0.15
διακινδυνευτικός,1,0.15
τοποθετούν,1,0.15
τιθέμενος,1,0.15
δικηγόρου,1,0.15
διορισθείσα,1,0.15
omnibusς,1,0.15
συντελεσθεί,1,0.15
εκδίωξη,1,0.15
όφελόςς,1,0.15
ζημίωναν,1,0.15
εμπορευθεί,1,0.15
προσέτι,1,0.15
επιεικέστερο,1,0.15
επιεικέστερος,1,0.15
εκδδοναι,1,0.15
σκέπτομαι,1,0.15
επανέλαβαν,1,0.15
επισπεύσουν,1,0.15
σθεναρότερα,1,0.15
–σύμφωνα,1,0.15
τραστ,1,0.15
ορίσθηκαν,1,0.15
dfi,1,0.15
83/349/εκ·,1,0.15
του»·,1,0.15
vιι·,1,0.15
ιγ)·ς,1,0.15
λστ,1,0.15
λη,1,0.15
οεε·(εξωτερικός,1,0.15
δραστηριοτή,1,0.15
διαχειράζομιι,1,0.15
διαδέχω,1,0.15
έλειπαν,1,0.15
ολιγότερα,1,0.15
απορρίπω,1,0.15
δοοε,1,0.15
ανίσχυρη,1,0.15
2009/384/εκ,1,0.15
ελέγχο,1,0.15
μεσίτη,1,0.15
διατυπώνομαι,1,0.15
λειτουργικά,1,0.15
εξυπακουομένου,1,0.15
θεματοφύλακες·,1,0.15
επέχω,1,0.15
παραγγείλει,1,0.15
απαλλαγή·,1,0.15
φυλάξει,1,0.15
απολεσθέντα·,1,0.15
ανατεθειμένος,1,0.15
διακανονισμής,1,0.15
ειδοποιήνω,1,0.15
ελεγχόμενης,1,0.15
ξεπέρασε,1,0.15
έπεσε,1,0.15
1και,1,0.15
αποθεματοποιηθεί,1,0.15
διανέμομαι,1,0.15
προωθουν,1,0.15
σχεδιασθείσας,1,0.15
αρκετούς,1,0.15
προώθηση·,1,0.15
εγκατεστημένος·,1,0.15
μεταβληθείσα,1,0.15
συμβουλήσε,1,0.15
παρουσιάσθηκε,1,0.15
υποδείγω,1,0.15
επενδυτικο,1,0.15
διαπραγματεύσης,1,0.15
εξέθεταν,1,0.15
επιπτώσεις·,1,0.15
διερευνώμενος,1,0.15
εφημερδα,1,0.15
νενομισμένη,1,0.15
112γ,1,0.15
112α,1,0.15
50a,1,0.15
εφαρμόσθηκε,1,0.15
13.11.2009,1,0.15
19.1.2011,1,0.15
αποζημιώνομαι,1,0.15
βασισμένη,1,0.15
νεοπροσληφθέντων,1,0.15
συντομότερος·,1,0.15
μπόνος,1,0.15
μάλος,1,0.15
ανομοιότητα,1,0.15
στρεβλώζω,1,0.15
αβλαβή,1,0.15
εκλύσεις,1,0.15
έμμονων,1,0.15
διοξίνες,1,0.15
φουράνιος,1,0.15
παραπροϊόντο,1,0.15
επιβραδυντικός,1,0.15
διεξόδους,1,0.15
συλλέγονταν,1,0.15
ανακυκλώνονταν,1,0.15
παρουσιασθούν,1,0.15
εξαβρωμοκυκλοδωδεκανίο,1,0.15
δισαιθυλεξυλίου,1,0.15
βουτυλβενζυλεστέρα,1,0.15
διβουτυλεστέρα,1,0.15
εξαρτώμενου,1,0.15
στηλής,1,0.15
φιλικότερος,1,0.15
αυτοτελούς,1,0.15
αειφόροι,1,0.15
—σήμανση,1,0.15
ce—,1,0.15
εργαλεία·,1,0.15
συσκευές·,1,0.15
φωτοβολταϊκός,1,0.15
πάνελ,1,0.15
συναρμολογηθεί,1,0.15
εφαρμογές·,1,0.15
συναρμολόγημα,1,0.15
ρευματοδότης,1,0.15
98/34/εκ·14,1,0.15
εφοδιασμού·,1,0.15
ξεβίδωμα,1,0.15
τρόχισμα,1,0.15
λείανση·,1,0.15
98/79/εκ·,1,0.15
βοηθήμα,1,0.15
20]·24,1,0.15
ανταλλακτικό·,1,0.15
ημισυνεχή,1,0.15
επιστρώσεις,1,0.15
2006·1,1,0.15
βρόγχους,1,0.15
αιτών·,1,0.15
δεκαοκτώ,1,0.15
ανακυκλωτός,1,0.15
προτάσει,1,0.15
χρήσεών,1,0.15
περιορισμού·,1,0.15
περιορισμό·,1,0.15
αντιπρόσωπο·,1,0.15
κυκλοφορήζω,1,0.15
2008/98/εκ,1,0.15
29.5.2010,1,0.15
22.11.2008,1,0.15
παιχνίδια,1,0.15
αθλητισμός,1,0.15
καυστήρα·,1,0.15
καλύκων,1,0.15
αλογονοφωσφορικών,1,0.15
t10,1,0.15
t9,1,0.15
cathode,1,0.15
βραχείς,1,0.15
4(β)-i,1,0.15
4(γ)-i,1,0.15
αλογονιδίων,1,0.15
επιψευδαργυρωμένος,1,0.15
γαλβανισμένου,1,0.15
7(γ)-i,1,0.15
πιεζοηλεκτρονικός,1,0.15
7(γ)-ii,1,0.15
20131,1,0.15
συσσωματωμένους,1,0.15
20121,1,0.15
δακτυλίος,1,0.15
εδράνων,1,0.15
αντιψυκτικός,1,0.15
δομοστοιχείου,1,0.15
tcm,1,0.15
γυαλίς,1,0.15
ανάκλαση,1,0.15
μικροεπεξεργαστής,1,0.15
εκμεταλλεύσιμης,1,0.15
ημιαγωγός,1,0.15
μονολιθικά,1,0.15
flip,1,0.15
ευθύγραμμος,1,0.15
πυριτικός,1,0.15
αλογονούχος,1,0.15
φωτογραφικός,1,0.15
λάμπα,1,0.15
bsp,1,0.15
αμάλγαμα,1,0.15
υποστρωμάτο,1,0.15
σμάλτωσος,1,0.15
βοριοπυριτικός,1,0.15
"0,65",1,0.15
δισκοειδής,1,0.15
διάτρητων,1,0.15
πολυστρωματικός,1,0.15
sed,1,0.15
υαλοτρίμματος,1,0.15
ιώδους-μελανού,1,0.15
φωτό,1,0.15
dbς,1,0.15
κρύσταλλα,1,0.15
μορφοτροπέας,1,0.15
στάθμες,1,0.15
db,1,0.15
κρυπτού,1,0.15
μεταλλοκεραμικός,1,0.15
ποτενσιομέτρων,1,0.15
20101,1,0.15
στοιβάδα,1,0.15
βορικός,1,0.15
παχύστρωμες,1,0.15
πάστης,1,0.15
βηρυλλίου,1,0.15
ii-viς,1,0.15
φωτοεκπέμπουσας,1,0.15
στερεάς,1,0.15
ιονίζουσες,1,0.15
ιονίζουσας,1,0.15
έδρανα,1,0.15
τριχοειδής,1,0.15
ενισχυτών,1,0.15
ηλεκτρόνιος,1,0.15
ιονίζουσα,1,0.15
στεατικός,1,0.15
περίθλαση,1,0.15
ραδιενεργών,1,0.15
ισοτόπων,1,0.15
φασματόμετρα,1,0.15
εκλεκτικός,1,0.15
υπεριώδος,1,0.15
χλωριούχος,1,0.15
χλώριο,1,0.15
ηλίου-καδμίου,1,0.15
υπεραγωγά,1,0.15
mri,1,0.15
κβαντικός,1,0.15
αντίβαρας,1,0.15
μονοκρυσταλλικός,1,0.15
πιεζοηλεκτρικός,1,0.15
υψίσυχνος,1,0.15
πυριτίου,1,0.15
2002/96/εκ·,1,0.15
αιτιολόγηση·,1,0.15
2005/618/εκ,1,0.15
19.8.2005,1,0.15
15.10.2005,1,0.15
2005/747/εκ,1,0.15
25.10.2005,1,0.15
2006/310/εκ,1,0.15
28.4.2006,1,0.15
2006/692/εκ,1,0.15
2008/35/εκ,1,0.15
2008/385/εκ,1,0.15
24.5.2008,1,0.15
2009/428/εκ,1,0.15
2010/122/εε,1,0.15
26.2.2010,1,0.15
201116υρωπαϊκός,1,0.15
δραστηριοποιουμένων,1,0.15
—περιλαμβανομένων,1,0.15
υποκαταστημάτων—,1,0.15
φαίνονται,1,0.15
συνυπολογίσει,1,0.15
υποχρέωναν,1,0.15
επερχομένη,1,0.15
χαράξουν,1,0.15
10.»·,1,0.15
δραστηριότητας.»·,1,0.15
χοεδ.η,1,0.15
υπηρεσιών”)·,1,0.15
υπο-όμιλο,1,0.15
χοεδ·,1,0.15
β)(iς,1,0.15
"α),(iii",1,0.15
μετακόμισε,1,0.15
ρύθμιση·»·ς,1,0.15
διαχείριση.»·,1,0.15
ένωση·»·,1,0.15
τομέα·»·,1,0.15
κανόνες.»·,1,0.15
χοεδ·»·,1,0.15
12βς,1,0.15
έλεγχο.»·,1,0.15
χώρα»·,1,0.15
2015.1,1,0.15
12β,1,0.15
πληροφορήνω,1,0.15
ανήκων,1,0.15
επιχείρηση.»·,1,0.15
εποπτείας·»·,1,0.15
132.»·,1,0.15
8·»·,1,0.15
7.»·,1,0.15
πληροφοριών.»·,1,0.15
καθήκοντα:»·ς,1,0.15
αρχή.»·,1,0.15
42α·,1,0.15
"όμιλο,»·",1,0.15
εποπτεύουν.»·,1,0.15
2002/87/εκ.»·,1,0.15
263·,1,0.15
μαη,1,0.15
2006/48//εκ,1,0.15
αυτή.»·ς,1,0.15
συμμετοχών»·,1,0.15
αδειοδότησε,1,0.15
ισολογισμού.»·,1,0.15
αναλογία.»·,1,0.15
σκοπού.31τρίτος,1,0.15
ευρύτερους,1,0.15
26.2.2011,1,0.15
84.»·,1,0.15
11.»·,1,0.15
εδρεύουσας,1,0.15
διεπόταν,1,0.15
αντασφαλιστικες,1,0.15
ασφαλιστικης,1,0.15
χρηματοπιστωτικης,1,0.15
21α.»·,1,0.15
"ιδρύματα,»·",1,0.15
201125,1,0.15
2011/13,1,0.15
αποστέρησε,1,0.15
ζωνη,1,0.15
ευρωσυστήμα,1,0.15
τεκμηρίωσης,1,0.15
εαυτήν,1,0.15
4].1.2,1,0.15
σπουδαιός,1,0.15
νωστό,1,0.15
προεπιλέξει,1,0.15
διακριβώνονται,1,0.15
τίτλων)·ς,1,0.15
δημοπρατώ,1,0.15
επαναπωλεί,1,0.15
ν(.)m,1,0.15
αναμεταβιβάζοντας,1,0.15
targετ2,1,0.15
1α-6,1,0.15
δημοπρασίας·,1,0.15
αναχρηματοδότησης)·,1,0.15
εφαρμόζεται)·,1,0.15
προσφορών·,1,0.15
37].,1,0.15
καθορισθέν,1,0.15
κατανεμόμενης,1,0.15
εμπρόθεσμο,1,0.15
rm,1,0.15
rm–1ς,1,0.15
δm,1,0.15
κατανεμήνω,1,0.15
ιδρύματος-ανταποκριτός,1,0.15
ειδικότεροι,1,0.15
μεταβιβάζοντάς,1,0.15
ενεχύραση,1,0.15
44].,1,0.15
τιμαρίθμος,1,0.15
τιμαριθμοποιημένα,1,0.15
φορέα).στο,1,0.15
οργανωτή,1,0.15
56].,1,0.15
61].,1,0.15
εοχ.ο,1,0.15
62].,1,0.15
ιδρύματος-μέλους,1,0.15
66].,1,0.15
67].,1,0.15
68].,1,0.15
υποκατάστατες,1,0.15
υπερκαλύπτονται,1,0.15
καταβάλλονταν,1,0.15
αποκατασταθούν,1,0.15
καλυώνμ,1,0.15
ratings-based,1,0.15
δημοσιευόμενη,1,0.15
76].,1,0.15
78].,1,0.15
79].,1,0.15
έκδοσης.1,1,0.15
asset-backed,1,0.15
αυτή.10,1,0.15
ανεξασφάλιστες,1,0.15
δεσμευτικότητα,1,0.15
συναγόμενος,1,0.15
μεταπηδώ,1,0.15
κρινόταν,1,0.15
διαφοροποιούμαι,1,0.15
οφειλέτες,1,0.15
89].,1,0.15
προσωποπαγής,1,0.15
90].,1,0.15
εcaf,1,0.15
rmbd,1,0.15
μεταφραόμενσς,1,0.15
ταχθείσα,1,0.15
επικαιροποιούμενες,1,0.15
λεγόμενου,1,0.15
παρατηρηθέν,1,0.15
εκποιηθούν,1,0.15
φορέων-εκδοτών,1,0.15
προκαταθέτει,1,0.15
βαθμί-δα,1,0.15
hj,1,0.15
τροφοδοτήζω,1,0.15
παριστός,1,0.15
108].,1,0.15
ανάγεμαι,1,0.15
πενθήμερο,1,0.15
πενθήμερος,1,0.15
χρεογράφου,1,0.15
109].,1,0.15
110].,1,0.15
111].,1,0.15
σχηματικά,1,0.15
iπληροφορία,1,0.15
συγκεντρωμένα,1,0.15
112].,1,0.15
θεματοφύλακά,1,0.15
κατατεθειμένοι,1,0.15
113].,1,0.15
116].,1,0.15
τηρείί,1,0.15
αποδιαμεσολάβηση,1,0.15
ανταγωνιζόμενο,1,0.15
118].,1,0.15
7.5,1,0.15
119].,1,0.15
χείρας,1,0.15
ίδρυμα-εκδότης,1,0.15
121].,1,0.15
συμβουλίου.7.4.2,1,0.15
τάγω,1,0.15
ειδοποιηθέας,1,0.15
συντρέχει,1,0.15
διαζευκτικά,1,0.15
διπλάσιο,1,0.15
125].επιπλέον,1,0.15
επαγελματικός,1,0.15
διαμορφούμενης,1,0.15
επαναγοράσουν,1,0.15
εορταστικός,1,0.15
χριστουγέννων,1,0.15
μετατίθω,1,0.15
προτελευταία,1,0.15
6.3.3.1,1,0.15
κλασσικός,1,0.15
τους.1,1,0.15
ακώλυτος,1,0.15
δέκα,1,0.15
dbrs,1,0.15
αaa,1,0.15
απαρέγκλιτα,1,0.15
αποδεχτός,1,0.15
εατ):.http://www.eba.europa.,1,0.15
τιμαριθμοποιημένος,1,0.15
φορείς-εκδότες,1,0.15
φορείς-εκδότα,1,0.15
τιμαριθμοποιημένου,1,0.15
ευρωομολόγο,1,0.15
relayedς,1,0.15
links,1,0.15
11.2.2000,1,0.15
εξώδικου,1,0.15
αναληθής,1,0.15
νομισμάτων·,1,0.15
κατασχεθεί,1,0.15
υπερημερίας·,1,0.15
αντιστρεπτέος,1,0.15
ομοειδών,1,0.15
ασκηθέντος,1,0.15
επανέκφραση,1,0.15
προβλεπομένου,1,0.15
επανέκφρασή,1,0.15
νομιμοποιώ,1,0.15
επαναγοραζόμενο,1,0.15
επαναγορασθέντων,1,0.15
πρόσφορης,1,0.15
ενεχυρασθέντων,1,0.15
ενεχυράζω,1,0.15
ενδοημερόσιης,1,0.15
επιβεβαίωση·,1,0.15
αναμεταβιβάσει,1,0.15
αναμεταβιβαζόμενων,1,0.15
καταλογο,1,0.15
2002/2,1,0.15
15.7.2002,1,0.15
2003/16,1,0.15
8.3.2004,1,0.15
2.5.2005,1,0.15
2.2.2006,1,0.15
2006/12,1,0.15
13.12.2006,1,0.15
2007/10,1,0.15
30.10.2007,1,0.15
2009/1,1,0.15
2010/1,1,0.15
12.3.2010,1,0.15
2010/13,1,0.15
9.10.2010,1,0.15
2010/30,1,0.15
εκείνης·,1,0.15
συμπληρωμένες,1,0.15
δ1(γ,1,0.15
δ1,1,0.15
δ8b.,1,0.15
δ5–δ8,1,0.15
b)·,1,0.15
δ5-δ7,1,0.15
64b,1,0.15
65a–65e.,1,0.15
65a–65e,1,0.15
συμβώ,1,0.15
b62,1,0.15
αντικαθιστάμενες,1,0.15
αποκτώμ,1,0.15
ταυτιζόταν,1,0.15
44k.,1,0.15
103n.,1,0.15
32a.,1,0.15
36–38,1,0.15
44l.,1,0.15
απορρεουν,1,0.15
36-42,1,0.15
κίνδυνο.·,1,0.15
απογειωμένα·,1,0.15
παρασχεθεισών,1,0.15
106α,1,0.15
139στ,1,0.15
106(δ)(ii,1,0.15
106a,1,0.15
60δ,1,0.15
19a.,1,0.15
45b.,1,0.15
διακανονισμοί·,1,0.15
περιόδων·,1,0.15
16–18,1,0.15
διακοπτόμενας,1,0.15
10a.,1,0.15
προσφέρονταν,1,0.15
b56–b62,1,0.15
συνεπακόλουθος,1,0.15
45b,1,0.15
αξιών—,1,0.15
πρώτοις,1,0.15
δυνατών,1,0.15
επιμέλειά,1,0.15
θεμελιωδός,1,0.15
αρμόζονς,1,0.15
αποκομίνω,1,0.15
εκσυγχρονιστεί,1,0.15
ανατεθειμένου,1,0.15
μιλώ,1,0.15
καταλαβαίνω,1,0.15
αφορά·,1,0.15
συνοδεύοντα,1,0.15
ελεγκτού,1,0.15
36γ,1,0.15
έγκλημα,1,0.15
ενέχεται,1,0.15
23γ·,1,0.15
36γς,1,0.15
περιάπτεται,1,0.15
επισπεύσει,1,0.15
14.12.2010,1,0.15
διευθετημένο,1,0.15
καθαιρώ,1,0.15
ζητηθείσας,1,0.15
"1,7",1,0.15
συνεργάσθηκε,1,0.15
προλάβει,1,0.15
λογικότητας,1,0.15
19(α)-(γ,1,0.15
42β(α,1,0.15
υποχρεώσεων)·,1,0.15
42β(β,1,0.15
42ε,1,0.15
μέσα)·,1,0.15
b30,1,0.15
42δ,1,0.15
b33,1,0.15
μηνός·,1,0.15
42ε(στ,1,0.15
b38,1,0.15
42ζ(α,1,0.15
42δ-42ζ,1,0.15
πόση,1,0.15
39στ,1,0.15
γνωστοποιήσεις-μεταβιβάσεις,1,0.15
20112,1,0.15
αλληλοσυνδέω,1,0.15
αλληλοσυνδέεται,1,0.15
φημή,1,0.15
διαθέσιμή,1,0.15
παραπλανώνται,1,0.15
πλεονεκτικότερη,1,0.15
σημαίνοντα,1,0.15
μεσιτός,1,0.15
κόστους-ωφελείας,1,0.15
καταχρηστικώς,1,0.15
πλαίσιο.12ικός,1,0.15
κανονισμών·,1,0.15
διεκπεραίωσε,1,0.15
παράγομαι,1,0.15
οριζόμενη,1,0.15
αλληλοσυνδεόμενες,1,0.15
11]·11,1,0.15
βασιζόμενης,1,0.15
δημιουργηθείσας,1,0.15
αποκαλύπτομαι,1,0.15
γραμμές-πλαίσια,1,0.15
απευθείας·,1,0.15
υποπτεύεται,1,0.15
υποπτεύω,1,0.15
παραβίαση·,1,0.15
επανορθωθούν,1,0.15
οργανισμού·,1,0.15
συγκατατίθεμαι,1,0.15
23.12.2008,1,0.15
20119,1,0.15
792/2009,1,0.15
νησί,1,0.15
αιγαίο,1,0.15
οπωροκηπευτικών,1,0.15
μπανανός,1,0.15
792/2009ς,1,0.15
10.12.2005,1,0.15
1.9.2009,1,0.15
15.6.2011,1,0.15
δασμολόγιος,1,0.15
1287/2011,1,0.15
74/2009,1,0.15
19.11.2009,1,0.15
117/2011,1,0.15
1060/2009/εκ,1,0.15
15.3.2012,1,0.15
εξαγόμενα,1,0.15
έως29,1,0.15
3στ,1,0.15
30.12.1995,1,0.15
κατασκευός,1,0.15
sic-10,1,0.15
κίνητρα,1,0.15
νατριούχος,1,0.15
λασαλοσίδης,1,0.15
ζωοτροφών,1,0.15
γαλοπούλα,1,0.15
2430/1999,1,0.15
"27,17ιονομική",1,0.15
επαναδιάθεση,1,0.15
κινητοποιήσουν,1,0.15
με:18,1,0.15
παρακρατούμενος,1,0.15
within,1,0.15
διερεύνησαν,1,0.15
77/799/εοκ,1,0.15
εναλλακτικοί,1,0.15
παράλληλες,1,0.15
ιστοχώρος,1,0.15
τρόποι,1,0.15
αρχειοθετώ,1,0.15
27.12.1977,1,0.15
10.6.2008,1,0.15
200913,1,0.15
προκλήσεις.12,1,0.15
καθιστάμενος,1,0.15
αφής,1,0.15
μέλος—,1,0.15
συνηθέστερος,1,0.15
τούτα,1,0.15
οτα,1,0.15
αλυσιδωτών,1,0.15
διατυπώζω,1,0.15
βασισμένης,1,0.15
αντιτάσσεμαι,1,0.15
διαβιβαζομένων,1,0.15
εκπρόθεσμων,1,0.15
αποθηκευμένα,1,0.15
σκέψεων,1,0.15
vι,1,0.15
viiι,1,0.15
νεοσυσταθέντας,1,0.15
υπαγόμενοι,1,0.15
διευθυνόντων,1,0.15
προκείμενη,1,0.15
γνωμοδοτούν,1,0.15
αναλογιών,1,0.15
αναγνώσουν,1,0.15
στείλουν,1,0.15
δυσαρέσκειά,1,0.15
διετυπώθη,1,0.15
νεοσυσταθέντος,1,0.15
ψηφισάντος,1,0.15
νεοσύστατου,1,0.15
καθημερινώς,1,0.15
διαπραγματευσίμων,1,0.15
δευτερευόντως,1,0.15
σωρεύονται,1,0.15
κυριαρχώ,1,0.15
αυτοδιοίκησής,1,0.15
όφελός,1,0.15
μέριμνά,1,0.15
νεοϊδρυθέντης,1,0.15
αντιστοίχος,1,0.15
διασπασθεί,1,0.15
ταυτόσημοι,1,0.15
απεριόριστή,1,0.15
αποεκτίμησης,1,0.15
ενήμερες,1,0.15
επισυνάπτουν,1,0.15
οδηγίας.1,1,0.15
πιθανάς,1,0.15
έτερα,1,0.15
19.4.1988,1,0.15
2001/107/εκ,1,0.15
1996187,1,0.15
"200217e=""i""187",1,0.15
"200413""i""187",1,0.15
200513006,1,0.15
13β,1,0.15
52α,1,0.15
200914,1,0.15
διαθέσιμα.»·,1,0.15
ματος,1,0.15
παθητικο,1,0.15
υποχρεώσεις”/“διάφορα,1,0.15
31ικής,1,0.15
λογιστικοποιούν,1,0.15
σύμμορφες,1,0.15
38-43,1,0.15
διοικητικού,1,0.15
δ.ς.,1,0.15
τρεχόντως,1,0.15
δ.π.χ.α.8,1,0.15
τομείς,1,0.15
συναθροίζοντας,1,0.15
αναγγελθεί,1,0.15
λογιστούν,1,0.15
ανακατατασσόταν,1,0.15
ανακατατάξει,1,0.15
μεταφερόταν,1,0.15
μητρικής·,1,0.15
ημίσεος,1,0.15
επαναδιατυπώσει,1,0.15
απωλέσθηκε,1,0.15
41(ε,1,0.15
οε110b.,1,0.15
86(β)].,1,0.15
οε99e,1,0.15
επιμετρήσιμες,1,0.15
74α,1,0.15
μονόπλευρου,1,0.15
9160/20,1,0.15
γνώσεως,1,0.15
παρεπομένων,1,0.15
εντεινόμενος,1,0.15
τυφλά,1,0.15
προσεκτικοί,1,0.15
διασκεδασθούν,1,0.15
νεχώς,1,0.15
2005/162/εκ,1,0.15
επιδείξουν,1,0.15
άκυρα,1,0.15
παραπλανήζω,1,0.15
εκσυγχρονίζω,1,0.15
συνεργασίας.1,1,0.15
παρουσιασθεί,1,0.15
προσυπογράφων,1,0.15
εκτελεί,1,0.15
βασίσθηκαν,1,0.15
παρέβη,1,0.15
εαακα,1,0.15
2009.12,1,0.15
υφιστάμενοι,1,0.15
εφημερίδας).1,1,0.15
11.3.2006,1,0.15
αποφυγη,1,0.15
ανεπίσημα,1,0.15
ζωής.2,1,0.15
παραβλέψουν,1,0.15
διαρθρωμένο,1,0.15
εγγραφης,1,0.15
ιδρυθούν,1,0.15
βελγιου,1,0.15
δανιας,1,0.15
εσθονιας,1,0.15
ελληνικη,1,0.15
ιρλανδια,1,0.15
ιταλικη,1,0.15
αυστριας,1,0.15
πορτογαλικη,1,0.15
μεγαλης,1,0.15
βορειου,1,0.15
διασκέψεων,1,0.15
μαδρίτης,1,0.15
επακολούθησαν,1,0.15
διάσκεψης,1,0.15
πολυκομματικός,1,0.15
συμφιλίωση,1,0.15
ειρηνευτικός,1,0.15
μόσχα,1,0.15
υποστηριζοντας,1,0.15
λαμβανοντας,1,0.15
ελευθερώσουν,1,0.15
λαθρομετανάστευση,1,0.15
διαπνέω,1,0.15
πολιτικος,1,0.15
παγιώνω,1,0.15
δημοκρατικών,1,0.15
εντατικότερες,1,0.15
αφοπλισμός,1,0.15
διπλωματικός,1,0.15
συνόδα,1,0.15
κ.α.,1,0.15
εμπορευματικες,1,0.15
όμορος,1,0.15
εσσδ,1,0.15
διαμετακομίσεων,1,0.15
συγκαλυμμένο,1,0.15
ιδρύσεως,1,0.15
απασχοληση,1,0.15
εταιρειος,1,0.15
ελλιμενισμός,1,0.15
διευθύνον,1,0.15
υιοι,1,0.15
νηολογημένος,1,0.15
υποκαταστήματό,1,0.15
ανώτεροι,1,0.15
μεταξυ,1,0.15
δημοκρατιας,1,0.15
προσανατολισμένο,1,0.15
μονομερή,1,0.15
λιμένες,1,0.15
ανοιχτοί,1,0.15
λιμένος,1,0.15
αγκυροβολία,1,0.15
εξουδετερώνομαι,1,0.15
τρεχουσες,1,0.15
πληρωμες,1,0.15
επαναπατρισμός,1,0.15
επιφέρονται,1,0.15
πνευματικη,1,0.15
ιδιοκτησιας,1,0.15
διαμορφώνονται,1,0.15
ιδιωτικοποιήσεις,1,0.15
αναδιαρθρώζω,1,0.15
προσελκύσουν,1,0.15
πανηγύρεων,1,0.15
μεταλλευτικά,1,0.15
σπουδαστών,1,0.15
μεταπτυχιακός,1,0.15
διερμηνέων,1,0.15
κτηνοτροφία,1,0.15
γεωργοβιομηχανιών,1,0.15
πετρελαιαγωγών,1,0.15
λουκέρνης,1,0.15
σόφια,1,0.15
οικοσυστημάτων,1,0.15
δασών,1,0.15
βιοποικιλότητα,1,0.15
αειφόρος,1,0.15
μητέρα,1,0.15
αερολόμενις,1,0.15
αερολιμενικός,1,0.15
δημιουργήζω,1,0.15
βοηθηθεί,1,0.15
πνεύματος,1,0.15
μειονεκτούντων,1,0.15
αυτοαπασχόληση,1,0.15
οικονομολόγων,1,0.15
ανθρωπου,1,0.15
κοινοβουλίων,1,0.15
παρανομης,1,0.15
1951,1,0.15
επαναπροώθηση,1,0.15
ρατσισμός,1,0.15
ξενοφοβία,1,0.15
λαθρεμπόρας,1,0.15
λαθρεμπόρος,1,0.15
διακινητών,1,0.15
οικιοθελός,1,0.15
θεωρήσεων,1,0.15
απάτριδας,1,0.15
επαναβεβαιώνω,1,0.15
ψηφισμάτος,1,0.15
υποστήριξή,1,0.15
πολιτιστικη,1,0.15
tacis,1,0.15
θεσμικες,1,0.15
πρέπων,1,0.15
συνεδριάζει,1,0.15
υπηκοότητα,1,0.15
προεδρεύων,1,0.15
επιδιαιτητής,1,0.15
εμπορικού,1,0.15
πολεμοφοδίος,1,0.15
θίγει,1,0.15
δεσμεύσεών,1,0.15
τατζικικός,1,0.15
eπίσημη,1,0.15
6142/20,1,0.15
ε.δ.δ.π.χ.α.17,1,0.15
μη-ταμειακών,1,0.15
περίοδο,1,0.15
αμφίδρομων,1,0.15
αποκομίζονται,1,0.15
επιλαμβάνω,1,0.15
μη-ταμειακά,1,0.15
27(α,1,0.15
διερμηνεία).1,1,0.15
πάγιά,1,0.15
συνδέσει,1,0.15
εμπίπτουσα,1,0.15
αποκομίσει,1,0.15
ιδιοκτησίας.10,1,0.15
δοκώ,1,0.15
αντικατάστασή,1,0.15
χρεωνόταν,1,0.15
κατασκευασθέν,1,0.15
13-20,1,0.15
δδπχα,1,0.15
εξισορροπημένη,1,0.15
27α·,1,0.15
παρουσιάζεται)·,1,0.15
παρατηρησιμότητα,1,0.15
β10ς,1,0.15
β12-β16,1,0.15
β12,1,0.15
β13,1,0.15
β16,1,0.15
b10a,1,0.15
b11a,1,0.15
β11γ,1,0.15
νωρίτερης,1,0.15
σταθερού-είσπραξη,1,0.15
ακαθάριστες,1,0.15
απροεξόφλητης,1,0.15
b11e,1,0.15
39γ,1,0.15
παράγωγα)·,1,0.15
αποτελέσματα].,1,0.15
103ι,1,0.15
απαγορεύεμαι,1,0.15
1641/20,1,0.15
μεγαλώνω,1,0.15
παραγωγήε,1,0.15
πλήγηκε,1,0.15
ευάλωτης,1,0.15
προστατευτεί,1,0.15
αποφάσισαν,1,0.15
κιλά,1,0.15
2012»·,1,0.15
17.7.2009,1,0.15
ολόκληρη,1,0.15
ελλας,1,0.15
2393/20,1,0.15
εκδοσεων,1,0.15
αποφάσεις·,1,0.15
κτηθέντος,1,0.15
τραβηκτικό,1,0.15
1].—,1,0.15
τριιμήνου,1,0.15
16.2.2008,1,0.15
2009/18,1,0.15
243/2010,1,0.15
5bς,1,0.15
35a.,1,0.15
139δ,1,0.15
απαλείφοντας,1,0.15
κτηρίο,1,0.15
7–13,1,0.15
αναγνωρίζει,1,0.15
ευλόγων,1,0.15
απαλείφνω,1,0.15
μέγεθόςς,1,0.15
80(β,1,0.15
130ε,1,0.15
συνώνυμα,1,0.15
γι’αυτό,1,0.15
κατέχο,1,0.15
115a.,1,0.15
103κ,1,0.15
2(ζ,1,0.15
10-13,1,0.15
διακανονιζονται,1,0.15
30–33,1,0.15
53–59,1,0.15
b50,1,0.15
b56–b58,1,0.15
προστεθείσα,1,0.15
43δ,1,0.15
εκδότριάς,1,0.15
εκδότριά,1,0.15
διακανονιζόμενηςς,1,0.15
προστεθείσες,1,0.15
b51–b53,1,0.15
καταλογίζει,1,0.15
d8a(b,1,0.15
επιμερίστηκαν,1,0.15
δ8a,1,0.15
δ9a,1,0.15
δ21a,1,0.15
δ5-δ8α)·,1,0.15
δ9,1,0.15
δ9α)·,1,0.15
δ21α)·,1,0.15
δ8α(β,1,0.15
υιοθετουντες,1,0.15
φορα,1,0.15
δπχα7,1,0.15
μορφότυπό,1,0.15
νους,1,0.15
περιλαμβάνο,1,0.15
συγκρίση,1,0.15
διακινδυνεύω,1,0.15
πυκνός,1,0.15
διαβάσετε,1,0.15
επενδύσετε,1,0.15
διατυπωμένο,1,0.15
ιδιολέκτου,1,0.15
φωτοαντίγραφό,1,0.15
άσπρος,1,0.15
δημοσιευμένου,1,0.15
συμπληρωμένη,1,0.15
σταθερο,1,0.15
επιβαρυνσεων,1,0.15
διάγραμμας,1,0.15
λογαριθμικός,1,0.15
δυσκολότερα,1,0.15
ψηφίου,1,0.15
επιτροπη,1,0.15
εποπτικη,1,0.15
ανακαλύψει,1,0.15
ανακαλύψω,1,0.15
συνεντεύξεων·,1,0.15
σύνεντευξη,1,0.15
αιτηθείσα,1,0.15
www.cesr.eu,1,0.15
καταστατική,1,0.15
επιστήζω,1,0.15
προέβαιναν,1,0.15
αδελφή,1,0.15
αδελφές,1,0.15
αναφέρουσας,1,0.15
συζύγος,1,0.15
συντηρούμενος,1,0.15
σύζυγό,1,0.15
συζεί,1,0.15
σαββατικός,1,0.15
ιωβηλαίου,1,0.15
μακρόχρονος,1,0.15
αποζημίωση·,1,0.15
σωματείο,1,0.15
δικαιοπάροχος,1,0.15
υπολοίπων·,1,0.15
επισφάλεια,1,0.15
μητρική·,1,0.15
θυγατρικές·ς,1,0.15
είδος)·,1,0.15
κλιμάκια·,1,0.15
633/2010,1,0.15
εδδχπα,1,0.15
απαιτητό)·,1,0.15
2012/28,1,0.15
18.3.2009,1,0.15
στισ,1,0.15
οποίεσ,1,0.15
παρεκκλίσεισ,1,0.15
παράγραφοσ,1,0.15
214-28,1,0.15
412-42,1,0.15
214-84,1,0.15
422-44,1,0.15
214-146,1,0.15
424-66,1,0.15
1/2008,1,0.15
testo,1,0.15
unico,1,0.15
intermediazione,1,0.15
risque,1,0.15
2012/33,1,0.15
συνίστατο,1,0.15
τοκομερίδιά,1,0.15
2014»·,1,0.15
πανευρωπαϊκά,1,0.15
αποτρέπει,1,0.15
αρχή·2,1,0.15
καταβολή·,1,0.15
συνομολογείται,1,0.15
διαδράσεις,1,0.15
περιέχει,1,0.15
εκτ/2,1,0.15
0012/6,1,0.15
προϋπολογισμού·,1,0.15
συνομολογήθηκαν,1,0.15
οθόνης)·,1,0.15
διαφορά·,1,0.15
οψιγενός,1,0.15
επίβλεψης·,1,0.15
ελεγχτεί,1,0.15
csg,1,0.15
ευρώ—,1,0.15
καταργημένος,1,0.15
12.5.2010,1,0.15
γραφείων,1,0.15
έντεκα,1,0.15
συνυπογράφοντης,1,0.15
εθνικη,1,0.15
κλιμακούμενο,1,0.15
inflation-floater,1,0.15
προπαντός,1,0.15
loan-level,1,0.15
ομολογίες·,1,0.15
ομολογιών·,1,0.15
πληθωρισμού.»·,1,0.15
οφειλέτη/,1,0.15
εγγυη-τή,1,0.15
λόμενο·,1,0.15
6.3.4.1,1,0.15
6.3.4.4,1,0.15
πενταετία.12,1,0.15
παρατηρηθέντων,1,0.15
ελασσόνων,1,0.15
6.4.2,1,0.15
παρέδωσε,1,0.15
x/360ς,1,0.15
παρέβαινε,1,0.15
επιτραπείσας,1,0.15
δανειακων,1,0.15
προερχομενους,1,0.15
εφαρμόζοντας,1,0.15
nd6,1,0.15
ευεργετώ,1,0.15
4236/20,1,0.15
κορύφωση,1,0.15
προσλάβουν,1,0.15
κατακερματισμένη,1,0.15
παραβλάφω,1,0.15
ασφαλίσιμου,1,0.15
συντελέζω,1,0.15
"αυτή,1",1,0.15
σχετιζομένη,1,0.15
10]·,1,0.15
αυτός·,1,0.15
ουδής,1,0.15
συγχωνεύσεως,1,0.15
ιστοσελίδας,1,0.15
πωλησεις,1,0.15
ενδοσυνεδριακός,1,0.15
εγγίζεται,1,0.15
κατασταλτικός,1,0.15
διαπραγματεύσιμοι·,1,0.15
επικαιροποημένο,1,0.15
ανεπιθύμητα,1,0.15
υπαγομένους,1,0.15
υπερβαίνουσες,1,0.15
αυτές.1,1,0.15
επιτροπή.31λλαγής,1,0.15
23.3.2011,1,0.15
201212,1,0.15
185α,1,0.15
μηχανοργανωμένος,1,0.15
1152/2003/εκ,1,0.15
υλοποιήσιμης,1,0.15
απλοποιηθούν,1,0.15
υλοποιήσιμης(-ων,1,0.15
θειώδης,1,0.15
αμπέλου·,1,0.15
αποστολέα·,1,0.15
μηχανοργανωμένης,1,0.15
απλοποιώνη,1,0.15
προεκτυπώνονται,1,0.15
τυπογραφείο,1,0.15
μεταποιηθεί,1,0.15
ζύμωση·,1,0.15
μη·,1,0.15
νωπών,1,0.15
αλκοόλης·,1,0.15
επιτραπέζια·ς,1,0.15
λικέρ,1,0.15
οινολάσπη·,1,0.15
απόσταξη,1,0.15
μεταποίηση·,1,0.15
δευτερίας·,1,0.15
αλκοολωμένος,1,0.15
απόσταξη·ς,1,0.15
συγκομίστηκαν,1,0.15
555/2008,1,0.15
συνόδευαν,1,0.15
συσκευαστούν,1,0.15
"1234/2007,»·",1,0.15
2013.1,1,0.15
30.6.2008,1,0.15
29.7.2009,1,0.15
1.7.2003,1,0.15
27.5.2009,1,0.15
24.7.2009,1,0.15
18.12.1992,1,0.15
ξυσίματο,1,0.15
προσθήκες.»·,1,0.15
συσκευασιών,1,0.15
αποκτημένος,1,0.15
διάθλαση,1,0.15
αζύμωτα,1,0.15
σάκχαρα,1,0.15
γραμμαρίο,1,0.15
αποκτημένο,1,0.15
17ιε,1,0.15
οίνων,1,0.15
χιβ,1,0.15
118κστ,1,0.15
17δ,1,0.15
17.2α,1,0.15
17.2β,1,0.15
17.2.1α,1,0.15
εξαχθεν,1,0.15
ta,1,0.15
wywieziono,1,0.15
1234/2007·,1,0.15
viinamarjadeς,1,0.15
aastaga,1,0.15
veiniviinamarjasordi,1,0.15
-sortide,1,0.15
ilma,1,0.15
päritolunimetuse,1,0.15
või,1,0.15
kaitstud,1,0.15
geograafilise,1,0.15
veinide,1,0.15
määruse,1,0.15
eü,1,0.15
kohase,1,0.15
viinamarjade,1,0.15
sordiveinide,1,0.15
veiniviinamarjasorti,1,0.15
-sorte,1,0.15
sertifikaadina,1,0.15
γενίκευση,1,0.15
événekς,1,0.15
feltüntetésével,1,0.15
borszőlőfajta,1,0.15
évének,1,0.15
borszőlőfajtá(k)nak,1,0.15
forgalmazott,1,0.15
és,1,0.15
indicației,1,0.15
casta(s,1,0.15
vaut,1,0.15
attestation,1,0.15
d’origine,1,0.15
4]·2,1,0.15
πτυχία,1,0.15
—εταιρεία,1,0.15
αρχή—,1,0.15
σημειωμάτων·,1,0.15
αναφερόμενα·,1,0.15
υπεργολαβία·,1,0.15
υλοτομημένη,1,0.15
άδεια(-ες,1,0.15
επαληθευμένα,1,0.15
επαληθευμένος,1,0.15
υλοτομηθεί,1,0.15
27.4.2012,1,0.15
ομοιόμορφοι,1,0.15
βασιζόμαστε,1,0.15
τελέσφορος,1,0.15
συνειδητοποιήζω,1,0.15
ακυρωτικός,1,0.15
προτιμώντας,1,0.15
επωνυμο,1,0.15
τηλεομοιοτυπικού,1,0.15
υπευθυνος,1,0.15
ακυρουμενη,1,0.15
ακαλυπτα,1,0.15
αυτούσια,1,0.15
24ωρο,1,0.15
φιλτράρω,1,0.15
υπερβεί·,1,0.15
τηλεφορτωθώ,1,0.15
παρεχουν,1,0.15
αυτόν·,1,0.15
διαθέσιμες·,1,0.15
τρίτοι,1,0.15
εκατοστιαίο,1,0.15
2010/73/εε,1,0.15
συγκαλυφθούν,1,0.15
συνδιασπορά,1,0.15
αποκλίσεών,1,0.15
τέλειος,1,0.15
συμπληρωματικος,1,0.15
ανακαλεί,1,0.15
εκτελεστή,1,0.15
εκδοθείς,1,0.15
στοn,1,0.15
συναπαρτίζω,1,0.15
αντιστάθμισή,1,0.15
εξαναγκαστικός,1,0.15
αντισταθμίζομαι,1,0.15
κρατικους,1,0.15
στρογγυλοποίησής,1,0.15
διαφορετικα,1,0.15
"0,50",1,0.15
αυτοεκπληρούμενων,1,0.15
περιγράψιμα,1,0.15
κλιμακωσιμότητας,1,0.15
προσιτός·,1,0.15
9362,1,0.15
συνάλλαγμα·,1,0.15
τομέασ,1,0.15
2002/83/εκ·,1,0.15
73/239/εοκ·,1,0.15
2005/68/εκ·,1,0.15
oc=,1,0.15
fc=,1,0.15
σύμβασησ,1,0.15
fw,1,0.15
καθοριστεί)·,1,0.15
καλάθι·,1,0.15
συμπίεση·,1,0.15
n=,1,0.15
xxxx,1,0.15
πραγματικό/365,1,0.15
30b/360,1,0.15
δείκτη,1,0.15
ζωικό,1,0.15
δια-ενεργειακά,1,0.15
we,1,0.15
εποπτευουσα,1,0.15
195/04/col,1,0.15
αφου,1,0.15
περιστατικα,1,0.15
149/09/col,1,0.15
εξεταζομενου,1,0.15
gemeindesteuern,1,0.15
όριζε,1,0.15
καλούμενου,1,0.15
φορολογήσιμου,1,0.15
13].,1,0.15
ταμείου.3.2.2,1,0.15
φορολογείτο,1,0.15
συνοψιστούν,1,0.15
αντέκειτο,1,0.15
διατάξλω,1,0.15
βασιζόμενη,1,0.15
αντίκειτο,1,0.15
ενισχύσεις,1,0.15
πλεονεκτικός,1,0.15
ελαφρύνσεων,1,0.15
επιλύθηκε,1,0.15
συνίσταντο,1,0.15
27].1.3,1,0.15
παραχωρηθείσος,1,0.15
ισόποσος,1,0.15
ανέλαβε,1,0.15
μεριμνήζω,1,0.15
επισήμαινε,1,0.15
προβλήθηκε,1,0.15
επικαλεστούν,1,0.15
αμφισβητήσουν,1,0.15
επωφελήθηκαν,1,0.15
88(d,1,0.15
χρονολογείται,1,0.15
καταργήθηκαν,1,0.15
απαλλάσσονταν,1,0.15
δέχθηκε,1,0.15
148/99,1,0.15
68.,1,0.15
dii,1,0.15
i-10157,1,0.15
ii-717,1,0.15
gestito,1,0.15
424/05,1,0.15
4013,1,0.15
106/95/col,1,0.15
6.1.1998,1,0.15
10.12.1998,1,0.15
254/00,1,0.15
5/89,1,0.15
i-135,1,0.15
ii-2123,1,0.15
ii-135,1,0.15
187/02,1,0.15
i-10609,1,0.15
ii-15,1,0.15
wirtschaftsraum,1,0.15
ewr,1,0.15
1995/1,1,0.15
44]].,1,0.15
εγκριτικός,1,0.15
47].,1,0.15
κοινοποιήσεώς,1,0.15
48].,1,0.15
καταστρατηγώ,1,0.15
1-09,1,0.15
i-4355,1,0.15
τοκομεριδίο,1,0.15
νομοσχέδιο,1,0.15
δηλωνόταν,1,0.15
2004/25/ek,1,0.15
κοινοβουλιο,1,0.15
συμβουλιος,1,0.15
διακανονιστέα,1,0.15
αδιανόητο,1,0.15
μετεχόντων,1,0.15
μειοψηφουσών,1,0.15
παρακωλύεται,1,0.15
της11ης,1,0.15
διεπόμενης,1,0.15
σιωπηρής,1,0.15
μετέχοντες·,1,0.15
προστατεύονται·,1,0.15
ανταλλάγματος·,1,0.15
ματαιώζω,1,0.15
καταγγελλόμενος,1,0.15
εισαχθέντων,1,0.15
διεπράχθησαν,1,0.15
ποίος,1,0.15
υποθέσεως,1,0.15
μετεχόντος,1,0.15
κατηγορία(-ες,1,0.15
αντάλλαγμα·,1,0.15
προσφέρων·,1,0.15
ενωρίς,1,0.15
αντιπροσωπεύουν·,1,0.15
πυραμιδικός,1,0.15
αλληλοσυμμετοχή,1,0.15
καταστατικού·,1,0.15
83/349/εoκ,1,0.15
98/59/εκ,1,0.15
εθελούσιας,1,0.15
εγκριθέντων,1,0.15
25.2.2003,1,0.15
3.9.2003,1,0.15
12.8.1998,1,0.15
30.9.1994,1,0.15
16.1.1998,1,0.15
11)·,1,0.15
2013/5,1,0.15
ενσωματώσουν,1,0.15
6.2.1.1.1,1,0.15
ενδτκ,1,0.15
—σταθερού,1,0.15
κυμαινόμενου—,1,0.15
μεταβιβάσεως,1,0.15
εκδόσεων·,1,0.15
περικοπών,1,0.15
6.4.3.2,1,0.15
επιφυλασσομένης,1,0.15
κληροδοτώ,1,0.15
ii)1)δ,1,0.15
εμπορευσιμα,1,0.15
σταθερου,1,0.15
εναπομέ-νουσα,1,0.15
προϊσχύονς,1,0.15
περικοπές,1,0.15
εγκατεστημένες·,1,0.15
1089,1,0.15
2008/322/εκ,1,0.15
2010/157/εε,1,0.15
πέμπτον,1,0.15
έκτον,1,0.15
αναπτήρες,1,0.15
στοχοθετημένη,1,0.15
20.7.2006,1,0.15
14.4.2007,1,0.15
19.4.2008,1,0.15
27.3.2009,1,0.15
17.3.2010,1,0.15
22.3.2011,1,0.15
αναπτυσσόμενας,1,0.15
ανεπτυγμένων,1,0.15
ουρουγουάη,1,0.15
υποχρησιμοποιούμενων,1,0.15
εξεύρω,1,0.15
αμφισβητούνται,1,0.15
μετριοπάθεια,1,0.15
πανενωσιακός,1,0.15
αφορά27ης,1,0.15
απερίσπαστη,1,0.15
προσφεύγουν,1,0.15
επείγοντας,1,0.15
εφέσεων,1,0.15
αποκαλούμενου,1,0.15
σκιώδεις,1,0.15
σκιωδών,1,0.15
διασυνδέσεών,1,0.15
αθέμιτων,1,0.15
διευκόλυναν,1,0.15
απαιτουμένος,1,0.15
είκοσι,1,0.15
αποφυγήν,1,0.15
ένaν,1,0.15
υπεκφυγή,1,0.15
έθιμο,1,0.15
οικοδομήθηκε,1,0.15
ξέσπασμά,1,0.15
επιδείνωσαν,1,0.15
απηύθυναν,1,0.15
επιβραβεύσεις,1,0.15
εναντιωθεί,1,0.15
19].,1,0.15
παρακαταθηκά,1,0.15
unija,1,0.15
παραγράφου1,1,0.15
72.ς,1,0.15
αποκτηθεί,1,0.15
θιγόμενου,1,0.15
παρατυπούντος,1,0.15
αρμοδιοτητεσς,1,0.15
καθηκοντας,1,0.15
καταγωγησ,1,0.15
υποδοχησ,1,0.15
διατάχνω,1,0.15
αναμείχθηκαν,1,0.15
εποπτικεσ,1,0.15
επιβολησ,1,0.15
κυρωση,1,0.15
προσφυγησ,1,0.15
αυξάνοντος,1,0.15
επίμονο,1,0.15
τελεσίδικες,1,0.15
τελεσίδικων,1,0.15
διαδικασιεσ,1,0.15
επιβραβεύσεων,1,0.15
οργανωση,1,0.15
αντισταθμισμάτων,1,0.15
προσεγγίσεών,1,0.15
αγελαίος,1,0.15
αξιολογούντας,1,0.15
αναδιαρθρώνουν,1,0.15
υγιός,1,0.15
υπηρετούντος,1,0.15
εκπροσωπούμενων,1,0.15
παραπτωμά,1,0.15
επίσχεση,1,0.15
επανεκτιμηθεί,1,0.15
malus,1,0.15
προξένησε,1,0.15
ευπρέπεια,1,0.15
αξιολογησησ,1,0.15
παραμετροποιούνται,1,0.15
αναπάντεχης,1,0.15
κουλτούρα,1,0.15
κατανείμουν,1,0.15
στρατηγικού,1,0.15
συσχετικός,1,0.15
ασκηση,1,0.15
εποπτειασ,1,0.15
ενοποιημενος,1,0.15
εκχωρήζω,1,0.15
απαντήθηκε,1,0.15
χρηματοδοτικεσ,1,0.15
μικτεσ,1,0.15
υπεύθυνο,1,0.15
ασφαλειασ,1,0.15
εκφρασθούν,1,0.15
γραμμέςλαμβάνω,1,0.15
ίσες,1,0.15
δενχρησιμοποιούν,1,0.15
συγκεκριμέν,1,0.15
καθορισμοσ,1,0.15
υπολογισμοσ,1,0.15
αντικυκλικων,1,0.15
κεφαλαιακων,1,0.15
αποθεματων,1,0.15
κύκλων,1,0.15
διατηρησησ,1,0.15
πολλαπλασιασθεί,1,0.15
μοιράνω,1,0.15
2004/39/ek,1,0.15
πέμπτου,1,0.15
εντοπίσθηκαν,1,0.15
ακαταλληλότητάς,1,0.15
προβλέπονταν,1,0.15
κατασταλούν,1,0.15
ποικιλόμορφων,1,0.15
ισλαμικός,1,0.15
11.4.2012,1,0.15
1της,1,0.15
ποινικού,1,0.15
αντιστοιχίας,1,0.15
106(1,1,0.15
72α,1,0.15
151β,1,0.15
151γ,1,0.15
1093,1,0.15
επιβλέποντας,1,0.15
χωριώνσ,1,0.15
τερματιώνσ,1,0.15
ελκυστικότερος,1,0.15
ενιαία,1,0.15
αναλογικότερες,1,0.15
πλούσιων,1,0.15
καλύτερα,1,0.15
καθολικότητα,1,0.15
στρεβλωτικός,1,0.15
χαλαρός,1,0.15
διαφάνεια)·,1,0.15
σκέψεις)·,1,0.15
μεταβαλλόταν,1,0.15
επεξεργαώνσ,1,0.15
επιλεγέν,1,0.15
xbrl,1,0.15
κοινολογήζω,1,0.15
i).»·,1,0.15
έδρα·»·,1,0.15
2015.»·,1,0.15
νομοθεσίας.»·,1,0.15
προσφέρο,1,0.15
μετρητοίς.»·,1,0.15
2000000,1,0.15
εκφραζόμενου,1,0.15
vιβ,1,0.15
διεξαγόμενης,1,0.15
μεταθέτο,1,0.15
εααες)].,1,0.15
μετατιθέμενες,1,0.15
2011/89/εκ,1,0.15
κατεπείγουσος,1,0.15
2015»·,1,0.15
14.9.2012,1,0.15
πίστη·,1,0.15
2011/4,1,0.15
επικεφαλης,1,0.15
παράγοντα·,1,0.15
επικράτεια]]·,1,0.15
παράγοντα]].,1,0.15
υποχρεούστε,1,0.15
γνωστοποιείτε,1,0.15
2013/25,1,0.15
εκτελεστικη,1,0.15
ελλειμματικές,1,0.15
επανεπενδυθέντα,1,0.15
αντιλογιστικός,1,0.15
εμβάστηκαν,1,0.15
διακριθούν,1,0.15
αντίστροφη,1,0.15
εταιρείας)·,1,0.15
αλυσίδα·,1,0.15
αποκτηθείσας,1,0.15
ασύμμετρης,1,0.15
εγκαταλειφθούν,1,0.15
αδελφών,1,0.15
συμμερίζονταν,1,0.15
προτιμησιακοί,1,0.15
διανυθεί,1,0.15
προκαταρτικός,1,0.15
δρομολογηθούν,1,0.15
αναδιατυπώνει,1,0.15
αυτού,1,0.15
αποφεύω,1,0.15
εξαρτημά,1,0.15
συναρμολογούμενων,1,0.15
αρθρωθούν,1,0.15
s)·,1,0.15
επινοηθεί,1,0.15
ωθεί,1,0.15
σταδίου·,1,0.15
ηλεκτρικός/,1,0.15
υβριδικός-ηλεκτρικός,1,0.15
αριθμός)·,1,0.15
τ4.1,1,0.15
αμπελοκαλλιέργεια,1,0.15
προορίζονται,1,0.15
μετατροχίων,1,0.15
"0,90",1,0.15
τ4.2,1,0.15
γης·,1,0.15
φέρονς,1,0.15
τ·,1,0.15
εναλλάξιμων,1,0.15
kg.·,1,0.15
ευστάθειας·,1,0.15
καθρεπτών,1,0.15
συμβατότητα·,1,0.15
θέρμανσης·,1,0.15
προστασία·,1,0.15
λασπωτήρες·,1,0.15
οπισθοπορείας·,1,0.15
ερπύστριες·,1,0.15
τάσεως,1,0.15
fops»)·,1,0.15
θορύβου·,1,0.15
ολίσθημα,1,0.15
σκόνταμμα,1,0.15
πτώση·,1,0.15
θερμοκρασίες·ς,1,0.15
χειριστή·,1,0.15
τραχιές,1,0.15
κοφτερές,1,0.15
πυροπροστασία,1,0.15
παράσχονται,1,0.15
συνεννοώ,1,0.15
μαθήμα,1,0.15
χρήσει·,1,0.15
τροπ,1,0.15
καθρέπτης,1,0.15
11·οεε,1,0.15
17·οεε,1,0.15
1·οεε,1,0.15
14·οεε,1,0.15
πινακίδη,1,0.15
ερπύστριες,1,0.15
ελκυστήρες·,1,0.15
εωσότου,1,0.15
ηλεκτρισμού·,1,0.15
τεχνολογία)·,1,0.15
προτιμότερος,1,0.15
αναλογικότερο,1,0.15
εκπομπών,1,0.15
δοκιμάσουν,1,0.15
υλοποιήσουν,1,0.15
διτρόχων,1,0.15
τριτρόχος,1,0.15
"9],οδηγία",1,0.15
"10],οδηγία",1,0.15
"11],οδηγία",1,0.15
"12],οδηγία",1,0.15
σωματικώς,1,0.15
ανάπηρα,1,0.15
άτομα·,1,0.15
πεζό·,1,0.15
αγώνες·,1,0.15
ασφαλτοστρωμένες,1,0.15
επιφάνειες·,1,0.15
ποδηλάτησος,1,0.15
l3e,1,0.15
l4e,1,0.15
τοποθετημένες,1,0.15
πέδη)·,1,0.15
εκκίνησης-διακοπής,1,0.15
ανδρείκελου,1,0.15
ρι,1,0.15
otto»·,1,0.15
85·,1,0.15
αισθάνομαι,1,0.15
διάνυση,1,0.15
παλινδρομικός,1,0.15
σφραγισμένος,1,0.15
αραιωμένος,1,0.15
μοτοσικλετών·,1,0.15
τρίκυκλο,1,0.15
τρίτροχος,1,0.15
τετράκυκλο,1,0.15
l7e·,1,0.15
μονόκυκλα,1,0.15
τροχιάς·,1,0.15
συναρμολογημένοι,1,0.15
υποκατηγορία·,1,0.15
διαστέλλω,1,0.15
έργο·,1,0.15
κινητήριο,1,0.15
ακτίνα)·,1,0.15
e5,1,0.15
προπάνιος,1,0.15
υγροποιούνται,1,0.15
ακαθαρσία,1,0.15
σιλοξάνα,1,0.15
σουλφίδιο,1,0.15
υδρογόνο·,1,0.15
αιθανόλης,1,0.15
αέριο·,1,0.15
βιομεθανίου·,1,0.15
ορυκτού,1,0.15
βιοντίζελ·,1,0.15
αλκυλεστέρες,1,0.15
ποδηλάτηση·,1,0.15
τετράκυκλα,1,0.15
μικροαυτοκινήτων,1,0.15
ποδήλατα)·,1,0.15
μοτοποδήλατα)·,1,0.15
επιβατών)·,1,0.15
μοτοποδήλατα,1,0.15
χρήση)·,1,0.15
α3,1,0.15
3τ·,1,0.15
ελαφριές,1,0.15
δρόμου]·,1,0.15
υπαίθριος,1,0.15
αεριών,1,0.15
καύσιμα·,1,0.15
μετρώντας,1,0.15
υγρών·,1,0.15
προαναμειγνύω,1,0.15
προμείγμα,1,0.15
συνεπιβάτη,1,0.15
kg)·,1,0.15
μπαταριών,1,0.15
πρόωσης·,1,0.15
συσσωρεύνω,1,0.15
προτυποποίηση,1,0.15
χλμ.,1,0.15
μετρώμενος,1,0.15
-u,1,0.15
οδηγούνται,1,0.15
βαριών,1,0.15
διορθωτικών·,1,0.15
τοποθετημένου,1,0.15
93/14/εοκ,1,0.15
97/24/εκ,1,0.15
2000/7/εκ,1,0.15
2002/51/εκ,1,0.15
2009/62/εκ,1,0.15
2009/67/εκ,1,0.15
2009/139/εκ,1,0.15
9.5.2002,1,0.15
8.3.1995,1,0.15
14.12.1993,1,0.15
18.8.1997,1,0.15
20.9.2002,1,0.15
25.8.2009,1,0.15
obdς,1,0.15
κρύος,1,0.15
ενισχυμένες,1,0.15
προσχώρησε,1,0.15
αναβάτη·,1,0.15
καύσιμο»·,1,0.15
κάθισμα·,1,0.15
πρακτικότερο,1,0.15
από—,1,0.15
εκμεταλλευόμενες,1,0.15
τριακονταετία,1,0.15
εναπομεινάντος,1,0.15
ενεργοποιεί,1,0.15
ληγμένος,1,0.15
απαρχαιωμένες,1,0.15
ολίγων,1,0.15
εκμεταλλευόμενοι,1,0.15
αναστατώνω,1,0.15
άσκοπων,1,0.15
συναντήσεις,1,0.15
συμφέρονται,1,0.15
εγερθούν,1,0.15
διενεργούντα,1,0.15
διίσταμαι,1,0.15
οδεε,1,0.15
τιμιότητα,1,0.15
παρακολουθήνω,1,0.15
σκεπτόμενος,1,0.15
εισπραττόμενων,1,0.15
συγκρίνοντάς,1,0.15
άτρωτα,1,0.15
υλοποιηθέντος,1,0.15
παρακαμώνφ,1,0.15
βιτρίνα,1,0.15
απέτρεπε,1,0.15
γινομένου,1,0.15
θεωρούμενας,1,0.15
διαχωρισμένες·,1,0.15
εξωτερικώς,1,0.15
διαχειριζόμενο,1,0.15
περιστασιακή,1,0.15
επικαιροποιούμαι,1,0.15
γνωστά·,1,0.15
—στην,1,0.15
παραγώγων—,1,0.15
επαληθευτεί·,1,0.15
μεθοδολογίες,1,0.15
αμελής,1,0.15
ανακριβεία,1,0.15
ανέντιμων,1,0.15
κακόβουλων,1,0.15
μεριδίου·,1,0.15
συμμορφώσεων,1,0.15
επανυπολογίζω,1,0.15
μεσίτες,1,0.15
βούληση·,1,0.15
παραδίδομαι,1,0.15
καταχρώμαι,1,0.15
εξοφλήσουν,1,0.15
προκύφω,1,0.15
διαβλέπω,1,0.15
εμπλέκονται·,1,0.15
επανεξετάσω,1,0.15
44·,1,0.15
υπέρβασή,1,0.15
άποψης·,1,0.15
προσδιορισμένων,1,0.15
κατέχουν·,1,0.15
βασιόμενσς,1,0.15
waterfall,1,0.15
εκτελέστηκε·,1,0.15
ποσών·,1,0.15
προβλέπουν,1,0.15
λειτουργικώς,1,0.15
χρηματιστηρίου·,1,0.15
τρίτον·,1,0.15
απαρχαιωμένος,1,0.15
αντισταθμίσεών,1,0.15
εκτιμητής·,1,0.15
ανάδοχος·,1,0.15
κατοχυρώσει,1,0.15
αρμοδιότητες·,1,0.15
θεματοφυλακας,1,0.15
επαναχρησιμοποίηση·ς,1,0.15
επιλεχθής,1,0.15
τρίτος·,1,0.15
επισκέψεων·,1,0.15
2006/73/εκ·,1,0.15
συχνές,1,0.15
συμβαίνουν·,1,0.15
διορθωθεί·,1,0.15
παρακολουθούμαι,1,0.15
εντοπίζεται·,1,0.15
κυριότητα·,1,0.15
ανάδοχός,1,0.15
δεδουλευμένας,1,0.15
επαναπαραδίδονται,1,0.15
88·,1,0.15
επιπλοκή,1,0.15
2011/61/εε,1,0.15
απολεσθέν,1,0.15
αναστατώσεις,1,0.15
εκποιηθείσες,1,0.15
δανεισθέντων,1,0.15
διανομές·,1,0.15
δανειοδοτικών,1,0.15
δανεισθέντες,1,0.15
εξαντλήσεων,1,0.15
υιοθετούμενου,1,0.15
εξοφλήσεις·,1,0.15
εγγυήσεων·,1,0.15
συγκεντρώσεών,1,0.15
υπερτριπλάσιας,1,0.15
οικείους,1,0.15
ασφαλιστεί,1,0.15
spread,1,0.15
καταβάλλος,1,0.15
επανεπενδυθέν,1,0.15
αγορασθέντης,1,0.15
αντισυμβαλλόμενο-δανειολήπτη,1,0.15
αντισυμβαλλόμενο-δανειοδότη,1,0.15
εγγυώμενος,1,0.15
φθηνότερου,1,0.15
πωληθείσες,1,0.15
αποπληρωμένοι,1,0.15
μεταβλητότητας2,1,0.15
απενεργοποιώντας,1,0.15
διάρκειας-στόχος,1,0.15
διάρκειαfdi,1,0.15
διάρκεια-στόχος,1,0.15
συμψηφισμένης,1,0.15
διαστημά,1,0.15
εναπομεινασών,1,0.15
δεύτερη,1,0.15
τέταρτη,1,0.15
ερωτήματος,1,0.15
ουδέτερη,1,0.15
αρμπιτράζ,1,0.15
πίστωσος,1,0.15
διαχειριζόμενα,1,0.15
υπερεθνική,1,0.15
υπικό,1,0.15
κυκλοφορία·,1,0.15
ευρύ,1,0.15
ξυλείο,1,0.15
κυριαρχική,1,0.15
σεα,1,0.15
επανυποθηκευτεί,1,0.15
εκκαθαριζόντων,1,0.15
παραλείψτε,1,0.15
προχωρήστε,1,0.15
εκκαθαρίζοντος,1,0.15
κατεχόμενη,1,0.15
91-180,1,0.15
181-365,1,0.15
δεκαπενθήμερο,1,0.15
25(α,1,0.15
2011/61/εε[κίνδυνοι,1,0.15
διατηρηθεί·,1,0.15
τοπικοί,1,0.15
μοντέλων·,1,0.15
2011/61/εε.[ο,1,0.15
2030,1,0.15
πολυκεντρικός,1,0.15
διευθετήση,1,0.15
—αλλά,1,0.15
υποκατάστατο—,1,0.15
αποδυνάμωση,1,0.15
δικλείδας,1,0.15
επαγρυπνώ,1,0.15
πρωτοπορία,1,0.15
"11],χρηματοοικονομικός",1,0.15
επιβαλλόμενου,1,0.15
παράνοηση,1,0.15
διάφορων,1,0.15
μετρήσιμοςς,1,0.15
μετανάστης,1,0.15
επανένταξη,1,0.15
περιθωριοποιημένος,1,0.15
περιθωριοποίηση,1,0.15
αναφερθέντων,1,0.15
αντιπαραβάλλουν,1,0.15
προσληφθέντος,1,0.15
έβρισκαν,1,0.15
επιτεύγματά,1,0.15
σημερινής,1,0.15
επαγρυπνούν,1,0.15
βοηθάει,1,0.15
συνειδητοποίηση,1,0.15
συλλογισμός,1,0.15
ανατίθενταις,1,0.15
αντικύπου,1,0.15
θεματοφυλάκωνς,1,0.15
ενδιαμέσως,1,0.15
προβλέπο,1,0.15
κατανοούνται,1,0.15
εφησυχαστικός,1,0.15
ευμενώς,1,0.15
εξαρτάτος,1,0.15
καθορίζοντας,1,0.15
πλεονεκτήματός,1,0.15
νεοδιορισθέντας,1,0.15
αξιολογηθέντα,1,0.15
αναξιοποίητος,1,0.15
ολιγάριθμος,1,0.15
εφησυχασμός,1,0.15
επιτευώνχ,1,0.15
χαμηλώσουν,1,0.15
νεοδιοριζόμενος,1,0.15
sop,1,0.15
βοηθάω,1,0.15
υπαιτιότητας,1,0.15
ευνοϊκότερα,1,0.15
κριτικά,1,0.15
ανακοινωμένος,1,0.15
αναπτύχθηκε,1,0.15
κράτους·,1,0.15
ζητηθεί·,1,0.15
αξιολογήσεων·,1,0.15
τομεακές,1,0.15
παρακολουθούν,1,0.15
δεσπόζουσας,1,0.15
ικανότητας:»·,1,0.15
απαντών,1,0.15
επανεξετασθούν,1,0.15
περιγράμμα,1,0.15
προτιθέμενες,1,0.15
διευκρινίσει:»·ς,1,0.15
χαρτογραφήσεων·,1,0.15
αστικη,1,0.15
ευθυνη,1,0.15
4γ,1,0.15
8γ·,1,0.15
μετρίασαν,1,0.15
αμοιβών·,1,0.15
11.12.2012,1,0.15
15.5.2012,1,0.15
περιπτώσεις:»·,1,0.15
προγράμματος·»·,1,0.15
ικανότητας·»·,1,0.15
τρίτου·»·,1,0.15
εκάτερο,1,0.15
εργασίας·»·,1,0.15
τρίτου.»·,1,0.15
πρόσωπο:»·,1,0.15
τρίτο·»·,1,0.15
σχετιζομένου,1,0.15
προοπτίκα,1,0.15
κεφαλήν,1,0.15
κρατικά)·,1,0.15
κόσμο·ς,1,0.15
επηρεαζόμενες,1,0.15
σεούλ,1,0.15
αχρείαστα,1,0.15
οξύνω,1,0.15
αυτοτροφοδότηση,1,0.15
φαύλου,1,0.15
προσηλωμένη,1,0.15
χαρτογραφήσεων,1,0.15
κανονισμοσ,1,0.15
ερμηνευόμενες,1,0.15
εναρμόνισαν,1,0.15
υλοποίησης,1,0.15
ποικιλοτρόπως,1,0.15
διφορούμενος,1,0.15
υποσύνολά,1,0.15
ποικιλόμορφος,1,0.15
επάρκειά,1,0.15
εμπλουτίσουν,1,0.15
συμπεριλαμβάνουσα,1,0.15
στηςν,1,0.15
ανταγωνιστικότητά,1,0.15
προσέξω,1,0.15
δημοποίηση,1,0.15
κυμαίνουσας,1,0.15
μεροληπτώ,1,0.15
υπερτιμήση,1,0.15
αμβλύνω,1,0.15
αναπτυχθείσα,1,0.15
έπληξαν,1,0.15
πραγματοποιείτο,1,0.15
ποικίλης,1,0.15
εσφαλμένης,1,0.15
υποεκτιμούσαν,1,0.15
συναλλαγώ,1,0.15
υποχρέωσαν,1,0.15
βαθός,1,0.15
διαρκέσς,1,0.15
οριζοντίως,1,0.15
95/46,1,0.15
διαχειρισθούν,1,0.15
μεταχειρίσεις,1,0.15
ισπανικής,1,0.15
ναμα,1,0.15
συσταθείσες,1,0.15
καθησυχάζω,1,0.15
υπηρέτησαν,1,0.15
τραπεζογενής,1,0.15
απαντώνται,1,0.15
οριστικοποιηθούν,1,0.15
κατατμίζο,1,0.15
συνεκτιμήζω,1,0.15
ενημερωμένα,1,0.15
18].,1,0.15
πρωτο,1,0.15
αυτοδιοικούμενος,1,0.15
εξαρτώμενης,1,0.15
αποτελούντα,1,0.15
μικτη,1,0.15
κατατέμνεται,1,0.15
εμπίστευμα,1,0.15
ενεχυριάζουν,1,0.15
χρημαδότηση,1,0.15
επαναπωληθούν,1,0.15
συγκρινόμενα,1,0.15
ψηφίζονται,1,0.15
διέφερε,1,0.15
χρηματοοιιονομικό,1,0.15
αδέσμευτη,1,0.15
αμελητέοι,1,0.15
άμεσημεταφορά,1,0.15
αλληλέγγυες,1,0.15
καθορισθέντας,1,0.15
ερωτά,1,0.15
μεροσ,1,0.15
καθόρισαν,1,0.15
συμμετοχώνή,1,0.15
υποδεικνύο,1,0.15
εναπομείναντων,1,0.15
εποπτίκεσ,1,0.15
έξαιρεσεις,1,0.15
δυνατοτητής,1,0.15
εγχώριας,1,0.15
1σε,1,0.15
σταθμιστούν,1,0.15
δυνατοτητες,1,0.15
αφαιρεσησ,1,0.15
μετοχος,1,0.15
kατηγοριος,1,0.15
χρηματοοικονομικήεταιρεία,1,0.15
αντίστοιχοςς,1,0.15
μειοψηφούντος,1,0.15
εξειδικεύσουν,1,0.15
kατηγορία,1,0.15
ακυρωθείσε,1,0.15
διευκρινίσουν,1,0.15
ονομασικός,1,0.15
ίδρύμα,1,0.15
υπερέβαιναν,1,0.15
δαπανηρότερα,1,0.15
προσδιοριόμενσς,1,0.15
ήλεγχε,1,0.15
αξιολογήσεως,1,0.15
ακινήτουεκτός,1,0.15
συνομολογούμαι,1,0.15
διαπραγμάτεύσης,1,0.15
παρατηρήσημων,1,0.15
δυναμένων,1,0.15
ωσ,1,0.15
επηρεασμού·,1,0.15
κυβερνήσεών,1,0.15
εκκλησιών,1,0.15
παρευξείνια,1,0.15
κεντροαμερικανική,1,0.15
caf,1,0.15
λατινικής,1,0.15
σκανδιναβική,1,0.15
ανοσοποίηση,1,0.15
απιατώ,1,0.15
ευνοϊκούς,1,0.15
τραπεζικης,1,0.15
μακροποικονομικοί,1,0.15
επιρεάζω,1,0.15
εκδιδόντων,1,0.15
ποσοστού70,1,0.15
προηγούμενου,1,0.15
αναφέροντομαι,1,0.15
συνάθροισμα,1,0.15
μορφής,1,0.15
κατατάξουν,1,0.15
χρησιμοποιηση,1,0.15
πιστοληπτικων,1,0.15
αξιολογησεων,1,0.15
παραγγείλλω,1,0.15
αδεια,1,0.15
αναλαμβανόμενας,1,0.15
επανόδου,1,0.15
μισθωτικός,1,0.15
διασφαλιζόμενες,1,0.15
pdpp,1,0.15
δημοσίου-ιδιωτών,1,0.15
υποχαρτοφυλάκιο,1,0.15
υποχαρτοφυλακίου,1,0.15
ανακτώμενα,1,0.15
διαχωρίσουν,1,0.15
διαχρονικότητα,1,0.15
αναμενόμενησ,1,0.15
ζημίασ,1,0.15
ζημίαel,1,0.15
πιστούχοςστην,1,0.15
εισπρακτέας,1,0.15
μνημονευομένος,1,0.15
επιμερίνω,1,0.15
υπαγω,1,0.15
αποκτηθένς,1,0.15
λιανικά,1,0.15
ενέγγυα,1,0.15
rufs,1,0.15
αναλαμβανόμενου,1,0.15
κυριότερο,1,0.15
πιστούχων-πελατών,1,0.15
προβλεπτικός,1,0.15
σταθερότητάς,1,0.15
προβλέψεών,1,0.15
καταγράφει,1,0.15
ένατου,1,0.15
διαβάθμισαν,1,0.15
διαβαθμίσεός,1,0.15
εκτοκιζόμενος,1,0.15
διαμορφώθηκαν,1,0.15
αθετήσεωνς,1,0.15
κατασχεθούν,1,0.15
εισπρακτικός,1,0.15
μετοχεσ,1,0.15
δυναμεις,1,0.15
απαιτησεισ,1,0.15
εξηγούν,1,0.15
ενημερώνονται,1,0.15
αρχειοθετούνται,1,0.15
αποτελεσματικoύς,1,0.15
πράξης–,1,0.15
στηv,1,0.15
επικαρπωτή,1,0.15
μακρού,1,0.15
συντώνε,1,0.15
επικαλεσθούν,1,0.15
αντιτάξει,1,0.15
προσβλέπω,1,0.15
μόδα,1,0.15
εκμισθούμενος,1,0.15
καταγγείλει,1,0.15
χρηματοδοτουμενος,1,0.15
πιστωτικη,1,0.15
συμβασεις,1,0.15
επικαλεσθεί,1,0.15
αντεγγυήσεις,1,0.15
ενάγω,1,0.15
στραφεί,1,0.15
-πλαισίου,1,0.15
αναλαμβανομένου,1,0.15
παρατηρηθήσες,1,0.15
τροσέγγιση,1,0.15
ευνοικότερου,1,0.15
εξομοιούμενου,1,0.15
εva,1,0.15
αποκλιμακώνω,1,0.15
tn,1,0.15
επίκαιρου,1,0.15
υποδιαιρούν,1,0.15
ενεχυριασμένων,1,0.15
111·,1,0.15
κύρηξή,1,0.15
τουοεστ,1,0.15
απότο,1,0.15
ίδρυμαδεν,1,0.15
θέσειςτιτλοποίηση,1,0.15
τηςκατηγορία,1,0.15
επικάλυψής,1,0.15
οποί,1,0.15
μεταβιβαζον,1,0.15
τιτλοποιημενων,1,0.15
σταθμισμενος,1,0.15
ποσων,1,0.15
συνθετος,1,0.15
τιτλοποιημνος,1,0.15
δύναμει,1,0.15
τυποποιημένησ,1,0.15
υπαγόμενης,1,0.15
ισόποσο,1,0.15
επανεισπράξεων,1,0.15
επιτυγχανόταν,1,0.15
"133,33",1,0.15
δυναμέι,1,0.15
καταστάσεων–,1,0.15
βραχυ-πρόθεσμων,1,0.15
c1,1,0.15
l.,1,0.15
h=0,1,0.15
v=0,1,0.15
είναιδυνατός,1,0.15
αντιπροσωπεύεται,1,0.15
t-g,1,0.15
πίστοληπτικός,1,0.15
συνεκτικοί,1,0.15
συναλλάγων,1,0.15
προσομοιωμένες,1,0.15
χανόταν,1,0.15
αθετούσες,1,0.15
υποεκτιμάται,1,0.15
τρέχουσων,1,0.15
επανακαθορίζονται,1,0.15
συναλλαγα,1,0.15
l,1,0.15
και198,1,0.15
χρηματοικονομικός,1,0.15
χρηματοοικονομικπύ,1,0.15
∂v,1,0.15
απορρεουσών,1,0.15
ccrmjή,1,0.15
εεt,1,0.15
t0,1,0.15
στάθμισηςπρο,1,0.15
ισαπέχω,1,0.15
α)τουλάχιστον,1,0.15
κυρτότητα,1,0.15
ενοιολογικώς,1,0.15
διαπραγματευτός,1,0.15
διαπραγμάτευσηςσυνδέω,1,0.15
τρέχοντακτικός,1,0.15
ανεξάρτητό,1,0.15
υποστείριξης,1,0.15
διαχείρηση,1,0.15
ενταγμένη,1,0.15
–συμπεριλαμβανομένος,1,0.15
κατεύθυνσης–,1,0.15
ρευστοποιεί,1,0.15
υπερβολικοί,1,0.15
αθετήσουν,1,0.15
βαθμονομώ,1,0.15
τεκμαρτά,1,0.15
βαθμονομημένων,1,0.15
3ετή,1,0.15
ανώτα,1,0.15
288,1,0.15
δικιμαστικός,1,0.15
αναπαραγάγω,1,0.15
δοκιμαστικόυς,1,0.15
δοκιμστικά,1,0.15
προγνώσης,1,0.15
υποτιμημένος,1,0.15
καλυμμένου,1,0.15
ασφαλείας,1,0.15
δικιμαστικό,1,0.15
δοκιμστικός,1,0.15
περιέχουσα,1,0.15
καλυπτομένος,1,0.15
περιελθόν,1,0.15
άθροισμά,1,0.15
συμπεριληφθείσα,1,0.15
ελαττωθούν,1,0.15
εκτιθέμενος,1,0.15
καταχωριζόμενας,1,0.15
εντρικός,1,0.15
307,1,0.15
"0,77",1,0.15
αποφαίνονταν,1,0.15
διαμεσολαβούντων,1,0.15
σχετιζόμενη,1,0.15
πολλαπλασιαόμενσς,1,0.15
kcm,1,0.15
προκαταβεβλημένοι,1,0.15
ιδηων,1,0.15
κεφαλαηων,1,0.15
τμ,1,0.15
κανονικοποιημένος,1,0.15
"0,035",1,0.15
αφερέγγυου,1,0.15
σύνδικο,1,0.15
εξαρτόμενης,1,0.15
μέχριτον,1,0.15
αποσβήνω,1,0.15
περιλαμβάνειτουλάχιστον,1,0.15
είναιεντός,1,0.15
μέσου(της,1,0.15
υποχρεώσης,1,0.15
καφαλαιακός,1,0.15
εδαφίο,1,0.15
πιθανότητααθέτησης,1,0.15
τροποποιημένης,1,0.15
απομειωμένες,1,0.15
κεφαλιακες,1,0.15
αντίσταθμιζονται,1,0.15
ζευγάρι,1,0.15
ημέρες—,1,0.15
σε%,1,0.15
μέτρησηςγια,1,0.15
αξιολόγιση,1,0.15
πολλαπλασιαστικοίς,1,0.15
ίσον,1,0.15
εώς,1,0.15
λαμβάνοται,1,0.15
κινδύνο,1,0.15
υποχρέωσεων,1,0.15
άρθρα373,1,0.15
ιδιοσυγκρησιακός,1,0.15
ρευστότητες,1,0.15
αξιολόγησηςαντικατοπτρίζω,1,0.15
παρατηρημένος,1,0.15
–περιορισμένη,1,0.15
κατατμημένος,1,0.15
προεξάρχων,1,0.15
στής,1,0.15
t0=0,1,0.15
γάμμα,1,0.15
χρησιμοποώ,1,0.15
έτους)·,1,0.15
αθροισμένη,1,0.15
mihedge,1,0.15
wi,1,0.15
κατατμημένες,1,0.15
εγκαθιδρύουν,1,0.15
αναπτύσσοντας,1,0.15
εγγυήσεω,1,0.15
υπερκαλύπτω,1,0.15
χρηματοδοτούμενης,1,0.15
παρακολουθηματικού,1,0.15
πεμπτο,1,0.15
μεταφερομενο,1,0.15
μερους,1,0.15
καταρράκτη,1,0.15
μερίμνησαν,1,0.15
αναδοχα,1,0.15
μεταβιβαζοντα,1,0.15
μεταβιβάζοντες,1,0.15
χρηματοροές,1,0.15
εκτο,1,0.15
καλυψης,1,0.15
επιδιώκουν,1,0.15
κυβέρνησης·,1,0.15
ιδρυμάτα,1,0.15
τουςή,1,0.15
εξασφαλισμένές,1,0.15
μεεσολάβηση,1,0.15
παράγραφο9,1,0.15
προιόντο,1,0.15
ληφθήσες,1,0.15
μέσωνν,1,0.15
μέω,1,0.15
μέ,1,0.15
ακίνητα(εαα,1,0.15
κκανονισμός,1,0.15
δημοσιοποιήσεών,1,0.15
δημοσιοποιησεις,1,0.15
επαναξιολογήσεων,1,0.15
ειδικότητα,1,0.15
συγκληθεί,1,0.15
ενοποιούμαι,1,0.15
υπολογιζόμενους,1,0.15
πωληθείσας,1,0.15
442,1,0.15
σχηματίστηκαν,1,0.15
αναστράφηκαν,1,0.15
απ’ευθεία,1,0.15
δ-διαφάνεια,1,0.15
λόγωστρατηγικός,1,0.15
λανθανόντων,1,0.15
αυξομειώσεις,1,0.15
τιτλοποιηθέντων,1,0.15
αναγνωριστει,1,0.15
αναβαλόμενων,1,0.15
καταβήθηκαν,1,0.15
αναπροσαρμογώς,1,0.15
εμπιστευματικών,1,0.15
"επιχειρήσεις»,το",1,0.15
εl,1,0.15
υψηλότερους,1,0.15
μεταβλητότητας—,1,0.15
μετρήνω,1,0.15
περιόδο,1,0.15
ενατο,1,0.15
άρθροο,1,0.15
482,1,0.15
σοβαρέςν,1,0.15
επιπτώσειος,1,0.15
εξουσιοδοτούμαι,1,0.15
1093/20,1,0.15
από1η,1,0.15
αποτιμημένων,1,0.15
λογστικός,1,0.15
1205/2011,1,0.15
34].,1,0.15
474,1,0.15
36παράγραφος,1,0.15
2006/49/εκστην,1,0.15
ιδιωτικά,1,0.15
2006/48/εκστην,1,0.15
προϋφισταμενου,1,0.15
μμεκατά,1,0.15
προκυκλικότητας,1,0.15
εγγεγραμένη,1,0.15
επανεξετάσεως,1,0.15
μελετώντας,1,0.15
δικλίδων,1,0.15
συσσωρευτικά,1,0.15
αδρομερώς,1,0.15
συμβατών,1,0.15
κυβερνήση,1,0.15
προιόν,1,0.15
εονια,1,0.15
ισοπόσως,1,0.15
αναχρηματοδοτικός,1,0.15
εξετάζονται,1,0.15
σταθερότερης,1,0.15
ποιες—,1,0.15
κατάλληλους,1,0.15
υποτιμούνται,1,0.15
δp,1,0.15
μέλη—,1,0.15
εξαντλήζω,1,0.15
εμ,1,0.15
ενδεκατο,1,0.15
οπισθογραφήσεις,1,0.15
single-currency,1,0.15
71(2,1,0.15
93παράγραφοι,1,0.15
έως13,1,0.15
12έως,1,0.15
147παράγραφοι,1,0.15
85παράγραφοι,1,0.15
2έως,1,0.15
1b,1,0.15
1c,1,0.15
1d,1,0.15
46-47,1,0.15
5ζ,1,0.15
5θ,1,0.15
5l,1,0.15
24-25,1,0.15
προσυπογράφηκε,1,0.15
άσκησης,1,0.15
διακρατηθέντα,1,0.15
αντιληπτού,1,0.15
απαιτέιται,1,0.15
επανεισπράξεις,1,0.15
οστόσω,1,0.15
επηρεαζόμενους,1,0.15
ανιχνεύσεις,1,0.15
εcαι,1,0.15
μεθόδο,1,0.15
συμψηφισμότος,1,0.15
fras,1,0.15
τίτλοιεπιλογή,1,0.15
συμψηφιζόμενα,1,0.15
και65,1,0.15
διορισμένο,1,0.15
απομενουσών,1,0.15
αντίστροφων,1,0.15
απλήςπώλησης,1,0.15
συμφωνίαεπαναγοράς,1,0.15
αγοράκατά,1,0.15
λιανικήςσύμφωνα,1,0.15
betakirbr,1,0.15
ληκτότηταςστα,1,0.15
"wi=1,0",1,0.15
αντισυμβαλλόμενο.·,1,0.15
"wi=3,0",1,0.15
αντιπροσωποι,1,0.15
ευρωμεσογειακή,1,0.15
μονογραφή,1,0.15
έννομο,1,0.15
ευεργετημάτων,1,0.15
φλουρέντζου,1,0.15
521,1,0.15
εφαρμόσιμα,1,0.15
trust»·,1,0.15
κάτοικος·,1,0.15
νομότυπη,1,0.15
τριμήνο,1,0.15
οπισθογράφηση,1,0.15
εκπρόθεσμη,1,0.15
βαθμίδας·,1,0.15
επανηλειμμένως,1,0.15
τιμαλφή,1,0.15
χορηγούμενα,1,0.15
insurance-linked,1,0.15
2.113,1,0.15
2.94,1,0.15
2.99,1,0.15
2.128,1,0.15
ισοσκελίζονται,1,0.15
δυνατόν·,1,0.15
προσμετρώ,1,0.15
ενοποιήσει·,1,0.15
οντοτητας,1,0.15
επενδυτή/-ές·,1,0.15
b85ιε,1,0.15
b85ιθ)·,1,0.15
b85κ,1,0.15
b85κβ,1,0.15
β100-β101,1,0.15
εξαιρεση,1,0.15
19–26,1,0.15
b85κγ,1,0.15
εκδότριες)·,1,0.15
β85στ,1,0.15
αόριστον·,1,0.15
β85ζ,1,0.15
ακολουθούμενης,1,0.15
β85η,1,0.15
β85θ,1,0.15
εκδότριας·,1,0.15
επιτυχής·,1,0.15
δάνειό,1,0.15
β85ι,1,0.15
b85i,1,0.15
δπχα·,1,0.15
β85ιβ,1,0.15
β85ιδ,1,0.15
β85ιε,1,0.15
διαθέσει·,1,0.15
β85ιζ,1,0.15
ρευστοποιηθεί·,1,0.15
β85κ,1,0.15
β85κβ,1,0.15
–αν,1,0.15
αναγκαίο–,1,0.15
β100,1,0.15
19–24,1,0.15
ενοποιεί,1,0.15
27–33,1,0.15
β100–β101,1,0.15
γ3α,1,0.15
γ3β,1,0.15
γ4–γ4γ,1,0.15
γ3ε,1,0.15
νοηθούν,1,0.15
39κ,1,0.15
δ16–δ17,1,0.15
ε5,1,0.15
ε6,1,0.15
64ζς,1,0.15
αποκτώντος·,1,0.15
44κδ,1,0.15
επιμετρούμαι,1,0.15
98γ,1,0.15
68α,1,0.15
68β,1,0.15
97ιδ,1,0.15
103ιη,1,0.15
7–9)·,1,0.15
9α)·,1,0.15
ενοποιούνται·,1,0.15
πυροδοτήσεις,1,0.15
19α–19ζ,1,0.15
8–8α,1,0.15
16–16α,1,0.15
18γ–18θ,1,0.15
ευκρινά,1,0.15
ηρωίνης,1,0.15
μικροεπιχειρήσεων,1,0.15
λαθρέμπορος,1,0.15
λογότυπο.»·,1,0.15
χρονοσήμαντρο,1,0.15
13/13α,1,0.15
άρθρο14ας,1,0.15
έγκρισης/,1,0.15
14.3.2013,1,0.15
1).”·,1,0.15
υπερμαγγανικός,1,0.15
καλίου,1,0.15
28.10.2002,1,0.15
ισομερές,1,0.15
εκτράπηκαν,1,0.15
εφεδρίνης,1,0.15
ψευδοεφεδρίνης,1,0.15
επικολλάται,1,0.15
επικολλώ,1,0.15
έγκριση.»·,1,0.15
μεταφόρτωσή,1,0.15
διαφαίνεται,1,0.15
εκτροπής.»·,1,0.15
εκφορτώνονται,1,0.15
μεταφορτώνομαι,1,0.15
ουσιών.»·,1,0.15
παραρτήματός,1,0.15
καταχώριση·,1,0.15
32ας,1,0.15
δκο,1,0.15
ατομική/(υπο)ενοποιημένη,1,0.15
υπο)ενοποιημένη,1,0.15
υποχρεωτικό,1,0.15
ανώτατουορίου,1,0.15
επεξεργασια,1,0.15
εναπομενον,1,0.15
δημοσιοποιούμενα,1,0.15
56γ,1,0.15
59ας,1,0.15
δημοσιοποιούμενο,1,0.15
150000000,1,0.15
off2.4.3.2,1,0.15
εναλλακτικων,1,0.15
εναρμονίζοντάς,1,0.15
2003/37/εοκ,1,0.15
κατασκευαστής(-ές,1,0.15
κυψελίδας,1,0.15
απόσταση(-άσεις,1,0.15
hc+noxς,1,0.15
υποδείξατε,1,0.15
εγκρίσεως,1,0.15
διεγείρω,1,0.15
χειριστήριο·,1,0.15
διαφράγματος(-μάτων,1,0.15
στομίου(-ων,1,0.15
καμπάνα,1,0.15
φτερά,1,0.15
πάνελ·,1,0.15
επιταχυντήρας,1,0.15
φορτισμένος,1,0.15
εσαε)·,1,0.15
επαναφορτιζόμενου,1,0.15
εσαε·,1,0.15
rms)·,1,0.15
αποσκευά,1,0.15
διάφραγμα·,1,0.15
δάκτυλος,1,0.15
ipxxd)·,1,0.15
μόνωση·,1,0.15
rms,1,0.15
φτερό,1,0.15
λάστιχα,1,0.15
υαλοκαθαρισμού,1,0.15
νερός,1,0.15
χειροκίνητα·,1,0.15
ταμιευτήρας,1,0.15
ανεμοθώρακο·,1,0.15
ανεμοθώρακα·,1,0.15
ακροφύσιος,1,0.15
ακροφύσια)·,1,0.15
λερωμένη,1,0.15
στεγνώσει,1,0.15
σταγόνων,1,0.15
βρομιάς·,1,0.15
οεε-ηε,1,0.15
οδηγός·,1,0.15
μειωτήρων,1,0.15
υγρού·,1,0.15
σηματοδότησης·,1,0.15
σηματοδότηση·,1,0.15
δέσμη)·,1,0.15
θαμπώνω,1,0.15
ενοχλώ,1,0.15
διασταύρωσης)·,1,0.15
έμπροσθεν·,1,0.15
αριστερά·,1,0.15
οπισθοδρομεί,1,0.15
οπισθοδρομήσει·,1,0.15
αντανακλαστικός,1,0.15
ταχύτητας·,1,0.15
όρασης·,1,0.15
απελευθερώσεως,1,0.15
ασφαλείας·,1,0.15
κάθομαι,1,0.15
καβάλα·,1,0.15
συνοδηγού·,1,0.15
ατόμου·,1,0.15
άνδρα·,1,0.15
κατακόρυφηςς,1,0.15
κορμού·,1,0.15
σελών·,1,0.15
μικρόσωμης,1,0.15
γυναίκας·,1,0.15
φύσεως·,1,0.15
οδήγησης·,1,0.15
106·,1,0.15
ταχύτητας·ς,1,0.15
θυρών·,1,0.15
εφαπτομένος,1,0.15
ψηλότερα,1,0.15
νευρώσεις,1,0.15
αλεξήλια,1,0.15
κουμπιά,1,0.15
φώτα·,1,0.15
διπλωθεί,1,0.15
ξεκουμπωθεί,1,0.15
συρθεί,1,0.15
χειραγωγώ,1,0.15
εξέλθει,1,0.15
κοχλιωτής,1,0.15
b17,1,0.15
καταγραφείσες,1,0.15
μερίδων,1,0.15
υλοποιηθεί·,1,0.15
αξιολογούμενα,1,0.15
συλλογικά·,1,0.15
αθετημένων,1,0.15
δν,1,0.15
συνέθεταν,1,0.15
πλεονάζοντας,1,0.15
θέαφαιρω,1,0.15
registrierte,1,0.15
βασιλικού,1,0.15
συνεταιρισμών·,1,0.15
συνεργατικό,1,0.15
σπι,1,0.15
zákon,1,0.15
upravující,1,0.15
činnost,1,0.15
andelskasser,1,0.15
andelsbank,1,0.15
yhteenliittymästä,1,0.15
1947,1,0.15
statut,1,0.15
financier,1,0.15
chapitre,1,0.15
betreffend,1,0.15
–geng)»·,1,0.15
garanzia,1,0.15
1915,1,0.15
τόμου,1,0.15
rechtspersonen,1,0.15
wetboek»·,1,0.15
prawo,1,0.15
bankowe»·,1,0.15
decreto-lei,1,0.15
24/91,1,0.15
διατάγμα,1,0.15
99/2006,1,0.15
227/2007·,1,0.15
1570,1,0.15
om,1,0.15
finansieringsrörelse·,1,0.15
spg)»·,1,0.15
öffentlichen,1,0.15
ö,1,0.15
ffentlich-rechtliche,1,0.15
nspg)»·ς,1,0.15
ffentlich-rechtlichen,1,0.15
2532/1929,1,0.15
noviembre,1,0.15
sobre,1,0.15
κτηματικός,1,0.15
1989·,1,0.15
1986·,1,0.15
1819,1,0.15
pfbrstg)»·,1,0.15
hypoteksföreningar,1,0.15
φερεγγυότητα·,1,0.15
χαρακτήριζε,1,0.15
εκδιδόταν,1,0.15
επανακτήσεις,1,0.15
απομείωσή,1,0.15
μειωθεί·,1,0.15
γηράσκον,1,0.15
θεματολογίου,1,0.15
αντιφάσεις,1,0.15
ρυθμισθούν,1,0.15
παραπλανάνω,1,0.15
εξυπνότερος,1,0.15
εφαρνογη,1,0.15
γειτνιάζων,1,0.15
πολυετέςς,1,0.15
αυτοοργάνωση,1,0.15
κατωτέρως,1,0.15
εμπειρογνωμοσύνης·,1,0.15
σύμπραξη-πλαίσιο,1,0.15
διαμονής·,1,0.15
κονδυλίου,1,0.15
14].άρθρο,1,0.15
επακόλουθου,1,0.15
ανακλήσεω,1,0.15
16.1.2003,1,0.15
2004/210/εκ,1,0.15
10.9.2008,1,0.15
2001/95/εκ·,1,0.15
ιχνηλασιμότητας·,1,0.15
ερευνητών)·,1,0.15
ανεπαρκώςς,1,0.15
επιβοηθούμενης,1,0.15
επιμόρφωσης·,1,0.15
προσιτών,1,0.15
παραπλανηθούν·,1,0.15
εκπαιδευτής,1,0.15
μετάφραση·,1,0.15
καταχώρισης,1,0.15
παραπέμφθηκαν,1,0.15
κούρκουλας,1,0.15
διανεμητέο,1,0.15
.άρθρο,1,0.15
διανεμόμενου,1,0.15
22.11.2014,1,0.15
ταυτοποιήθηκαν,1,0.15
πυροτεχνημάτων,1,0.15
κλαπεί,1,0.15
515/97,1,0.15
2013/29/εε·,1,0.15
συστάσεων·ς,1,0.15
βλήματο,1,0.15
άσφαιρα,1,0.15
πυροβόλα·,1,0.15
τάξη·,1,0.15
οπλοπώλης,1,0.15
πυροβόλων,1,0.15
πυρομαχικών·,1,0.15
εκρηκτικό·,1,0.15
ταυτοποίησής,1,0.15
εθνών·,1,0.15
διαδρομή·,1,0.15
άφιξης·,1,0.15
παραχωρούν,1,0.15
ιδιοκτήτη·,1,0.15
πυρομαχικά·ς,1,0.15
μεταφέρονται·,1,0.15
εκτύπων,1,0.15
φορητών,1,0.15
πυροβόλος,1,0.15
όπλων·,1,0.15
οπλοπωλών,1,0.15
οπλοπώλη,1,0.15
ασυσκεύαστης,1,0.15
αντλιοφόρα,1,0.15
φορτηγός,1,0.15
εκρηκτικης,1,0.15
υλης,1,0.15
γ2)·,1,0.15
εκρηκτικων,1,0.15
υλωνς,1,0.15
περιβάλλοντος·,1,0.15
συμμορφούμενη,1,0.15
2008/43/εκ,1,0.15
14.1.1997,1,0.15
13.9.1991,1,0.15
22.3.1997,1,0.15
ηνωμενων,1,0.15
εθνων,1,0.15
θεωρουνται,1,0.15
πυρομαχικα,1,0.15
κλαση,1,0.15
υποδιαιρεση,1,0.15
ρουκέτα,1,0.15
νάρκα,1,0.15
εμπρηστικός,1,0.15
καπνογόνο,1,0.15
δακρυγόνο,1,0.15
περιέχουν,1,0.15
πυροβολισμός,1,0.15
υφασμάτινο,1,0.15
μαύρης,1,0.15
καίγεται,1,0.15
fusil,1,0.15
ορθογραφία,1,0.15
σχοινί,1,0.15
fuze,1,0.15
εκπυρσοκρότηση,1,0.15
βάμβακο,1,0.15
λεπτός,1,0.15
καίγω,1,0.15
πυροτεχνήμα,1,0.15
φυσίγγιο,1,0.15
ανιχνευτές,1,0.15
σφραγισμένα,1,0.15
0039,1,0.15
δακρυγόνα,1,0.15
γυμνασίων,1,0.15
εγχυτές,1,0.15
αναφλεκτικός,1,0.15
κάλυκες,1,0.15
πυροβόλο,1,0.15
τυφέκιο,1,0.15
0424,1,0.15
θεατρικός,1,0.15
κόπτης,1,0.15
πριτσίνια,1,0.15
καπνογόνος,1,0.15
0194,1,0.15
προεντατήρας,1,0.15
εκτεθεί·,1,0.15
τριβή·,1,0.15
εκρηκτικού·,1,0.15
ανθρακωρυχείου,1,0.15
άκαιρης,1,0.15
προορισμόν·,1,0.15
φυσιγγίου,1,0.15
άνθρακος,1,0.15
νιτρώδη,1,0.15
κατάλοιπ,1,0.15
θρυαλλίδες,1,0.15
πραγματικότητα·,1,0.15
ακαριαία,1,0.15
θρυαλλίδης,1,0.15
χρήσεως·,1,0.15
εγκαιροφλεγής,1,0.15
υγρασία·,1,0.15
αμελητέος·,1,0.15
αντίσταση)·,1,0.15
πυροκροτούν,1,0.15
εκρήγνυνται,1,0.15
σταθεροποιούνται,1,0.15
νιτροκυτταρίνης)·,1,0.15
φυσαλίδα,1,0.15
ενεκρίθη·,1,0.15
κατασκευαζόμενης,1,0.15
άζωτο,1,0.15
φλόγα·,1,0.15
επιδεκτικά,1,0.15
αλουμινίου·,1,0.15
στραμμένη,1,0.15
έσω,1,0.15
περιστροφής·,1,0.15
πυροσβεστήρας,1,0.15
γινομενο,1,0.15
παραγωγής)·,1,0.15
ενωσιακη,1,0.15
συγκολλήσιμα·,1,0.15
θρυμματισμός,1,0.15
θραύση·,1,0.15
χαλύβδινα,1,0.15
κεκραμένοι,1,0.15
καθησυχασμένοι,1,0.15
θείος,1,0.15
φώσφορο,1,0.15
κάμψεως,1,0.15
kcv,1,0.15
διακρυσταλλικός,1,0.15
συγκολληθούν,1,0.15
βλήτρα,1,0.15
περικόχλιο,1,0.15
κράματος,1,0.15
κρούσεω,1,0.15
συγκολλητός,1,0.15
συγκολλώ,1,0.15
σχεδιασμοό,1,0.15
ημισφαιρικός,1,0.15
2.1.2·,1,0.15
πυθμένων,1,0.15
χαλύβδινος,1,0.15
επιλεγεί·,1,0.15
εμπειρική,1,0.15
πενταπλάσιο,1,0.15
κατασκευήσ,1,0.15
λοξοτόμηση,1,0.15
αδειούχος,1,0.15
μπορεί(-ούν,1,0.15
πραγματοποιούνται·,1,0.15
πιστοποιήζω,1,0.15
3.2.2ς,1,0.15
συγκόλλησης·,1,0.15
συμβολα,1,0.15
ενδειξέισ,1,0.15
bar)·,1,0.15
l)·,1,0.15
πληροφοριεσ,1,0.15
ασφάλειασ,1,0.15
οικογένειες,1,0.15
εισερχομένος,1,0.15
"5,65√so",1,0.15
89/336/εοκ,1,0.15
1999/5/εκ·,1,0.15
αεροναυτικός,1,0.15
καταστατικού,1,0.15
παρασκευασθέντας,1,0.15
υποβαθμίσει,1,0.15
διάδοση·,1,0.15
ατρωσία,1,0.15
ηλεκτρομαγνητικής,1,0.15
διαταραχής·,1,0.15
εμποροπανηγύρεων,1,0.15
κατοικημένος,1,0.15
κιότο,1,0.15
σχεδιαστικά,1,0.15
διοδίος,1,0.15
πραγματογνωμοσύνες·,1,0.15
εργαστήρια·,1,0.15
προσυσκευασιών·,1,0.15
μάζα·,1,0.15
ζύγισης·,1,0.15
πληρωθεί·,1,0.15
οργανων,1,0.15
παραλληλογράμμος,1,0.15
τομεακής(-ών,1,0.15
ομάδας(-ων,1,0.15
1].υπό,1,0.15
μικρογραμμάριο,1,0.15
χιλιοστόγραμμο,1,0.15
γραμμάριος,1,0.15
τόνος·,1,0.15
ουγγιά,1,0.15
troy,1,0.15
προαναφέρνω,1,0.15
ιιιι,1,0.15
απόβαρων,1,0.15
αναπαραγώγιμα,1,0.15
διακύμανσής,1,0.15
αποσυναρμολογώ,1,0.15
εκτατές,1,0.15
συγχέω,1,0.15
επιδεικνύονται,1,0.15
διαβάσει,1,0.15
εκτατής,1,0.15
3.5.1·,1,0.15
3.5.5,1,0.15
επιλέσσω,1,0.15
επισημανσεις,1,0.15
ωοειδέςς,1,0.15
ημικύκλια·,1,0.15
σειράς·,1,0.15
ενωμένες,1,0.15
αφαιρετικός,1,0.15
τετράγωνης,1,0.15
διαγωνίος,1,0.15
τετραγώνου,1,0.15
93/68/εοκ,1,0.15
17παράγραφος,1,0.15
15της,1,0.15
ιχνηλατήσιμα,1,0.15
πολλαπλώς,1,0.15
μετρολογικό,1,0.15
σημείο10,1,0.15
συγκριμένα,1,0.15
κατανοητά,1,0.15
αναπαραγωγιμότητα,1,0.15
παραστάσεις,1,0.15
δηλωνόμενος,1,0.15
υποδηλώνεται,1,0.15
παραλληλογράμμου,1,0.15
αυτοκαταστρέφομαι,1,0.15
συναλλασσόμενα,1,0.15
ανεκτά,1,0.15
δικατευθυνόμενος,1,0.15
έμπηξης,1,0.15
πασσάλων,1,0.15
πάταγο,1,0.15
εκφορτισμένος,1,0.15
αγόμενης,1,0.15
επιδρών,1,0.15
επαναληπτικότητα,1,0.15
περιβάλλοντος,1,0.15
αποδώσουν,1,0.15
ρεύματα,1,0.15
μετρητικός,1,0.15
ανεπίτρεπτο,1,0.15
αποθηκευόμενα,1,0.15
υδρατμός,1,0.15
εγχειρίδια,1,0.15
σύμβολό,1,0.15
σύμβολά,1,0.15
καταγραμμένα,1,0.15
ενεκρίθη,1,0.15
επιθεωρησης,1,0.15
κατασκευαστούν,1,0.15
υδρομετρα,1,0.15
διακεκομμένος,1,0.15
7.1.3,1,0.15
q3,1,0.15
σήμανσή,1,0.15
ανταπεξέρχω,1,0.15
διαταράξη,1,0.15
qt,1,0.15
qmax,1,0.15
διέλθει,1,0.15
ενεργου,1,0.15
ηλεκτρικης,1,0.15
μετρητές,1,0.15
διαρρέω,1,0.15
συνημίτονο,1,0.15
u.,1,0.15
fn,1,0.15
ist,1,0.15
imin,1,0.15
χωρητικός,1,0.15
επιδρώντων,1,0.15
γρήγορες,1,0.15
ριπές,1,0.15
καταγραφόμενος,1,0.15
+10,1,0.15
μετρημένος,1,0.15
κιλοβατώρες,1,0.15
μεγκαβατώρες,1,0.15
θερμιδομετρα,1,0.15
θερμαγωγό,1,0.15
θin,1,0.15
θοut,1,0.15
θmax,1,0.15
θmin,1,0.15
δθmax,1,0.15
k.,1,0.15
αισθητήρων,1,0.15
δυναμικη,1,0.15
ποσοτητων,1,0.15
υγρων,1,0.15
αναχθεί,1,0.15
ανακοπεί,1,0.15
κρυογόνα,1,0.15
ανηγμένες,1,0.15
1].2,1,0.15
mmq,1,0.15
υποδεκαπλάσιο,1,0.15
mpa.s,1,0.15
θυλάκων,1,0.15
μηδενισθούν,1,0.15
παρουσιάζεται,1,0.15
σωληναγωγός,1,0.15
βυτιοφόρα,1,0.15
2]συστήματα,1,0.15
γάλα,1,0.15
mpa.sς,1,0.15
χιλιοστόλιτρα,1,0.15
εκατοστόμετρα,1,0.15
γραμμάρια,1,0.15
ορυκτελαίο,1,0.15
προδιαταγμένων,1,0.15
βάρους-αξίας,1,0.15
ζυγιστική,1,0.15
χοάνη,1,0.15
χωρίζοντάς,1,0.15
σωρό,1,0.15
γεφυροπλάστιγγα,1,0.15
προσυσκευασιών,1,0.15
y(a,1,0.15
y(b,1,0.15
ζυγοί,1,0.15
ζυγιστός,1,0.15
απορριμμάτο,1,0.15
κατηγορίασ,1,0.15
"0,312",1,0.15
σωρευτικοί,1,0.15
ζυγιστές,1,0.15
επιτρεπτής,1,0.15
κοκκομετρικός,1,0.15
προρυθμιζόμενος,1,0.15
προρύθμιση,1,0.15
πλήρωσης·,1,0.15
προρυθμισμένης,1,0.15
απόβαρο,1,0.15
εκτυπωτής,1,0.15
αθροιστές,1,0.15
μηδενισθεί,1,0.15
ιμαντοζυγιστός,1,0.15
στρογγυλευμένη,1,0.15
γεφυροπλάστιγγες,1,0.15
αποσυνδεδόμενες,1,0.15
ζυγίζω,1,0.15
διελεύσεις,1,0.15
διπλάσιό,1,0.15
πηλίκου,1,0.15
ζυγίσεων,1,0.15
τιμολόγιος,1,0.15
αθροιστός,1,0.15
επιτρεπομενα,1,0.15
επιτρεπτη,1,0.15
διαταραχων,1,0.15
λοιπες,1,0.15
μηδενιζόμενος,1,0.15
αποσυνδώνε,1,0.15
αθροισμένος,1,0.15
ταξιμέτρο,1,0.15
δύο,1,0.15
θερινής-χειμερινής,1,0.15
διανυόμενη,1,0.15
χιλιόμετρο,1,0.15
μίλιο,1,0.15
ημιάκαμπτα,1,0.15
ιι·,1,0.15
βαρίδι,1,0.15
χιλιοστόμετρο,1,0.15
χιλιοστομετρικός,1,0.15
εκατοστόμετρο,1,0.15
ποτήρι,1,0.15
κανάτα,1,0.15
κύπελλο,1,0.15
βαθμολογημένο,1,0.15
αποχυθεί,1,0.15
καταναλωθεί,1,0.15
βαθμολογημένος,1,0.15
χείλος,1,0.15
απόχυση,1,0.15
μετροταινίας,1,0.15
βαριδιού,1,0.15
διαστασεων,1,0.15
σχοινία,1,0.15
περιγεγραμμένος,1,0.15
παραλληλεπίπεδου,1,0.15
εκληφθούν,1,0.15
αποθηκευθούν,1,0.15
μεταδοθούν,1,0.15
εφελκυστικός,1,0.15
10–2,1,0.15
ρολό,1,0.15
ίσιο,1,0.15
τεντωμένος,1,0.15
εξανίου,1,0.15
υπέρυθρηςς,1,0.15
επιδρώντα,1,0.15
υδρατμοί,1,0.15
υπολείμματα,1,0.15
1137/2008,1,0.15
21.11.2008,1,0.15
mi-008,1,0.15
mi-010,1,0.15
μονοφασικοί,1,0.15
κεραυνών,1,0.15
εναέριο,1,0.15
πετρελαιαγωγός,1,0.15
αδιάστατος,1,0.15
95/216/εκ8,1,0.15
αντικειμένων·,1,0.15
εργοταξίου·,1,0.15
σχοινοσιδηροδρόμων·,1,0.15
αστυνομικός,1,0.15
ορυχείων·,1,0.15
παραστάσεις·,1,0.15
οδοντωτός,1,0.15
οδηγών·,1,0.15
κτίρια,1,0.15
φρέατα,1,0.15
καλωδιώσεις,1,0.15
ανελκυστήρων-παραγώγων,1,0.15
20.6.1995,1,0.15
υγειας,1,0.15
2006/42/εκ.1.2,1,0.15
συνδέσεών,1,0.15
απολήξη,1,0.15
διπλά,1,0.15
ματίσματα,1,0.15
σχημαθίστιμαι,1,0.15
βρόχος,1,0.15
θηλιά,1,0.15
χειρισμή,1,0.15
ταχυκίνητοι,1,0.15
συρματοσχοίνος,1,0.15
προσπέλαση,1,0.15
ασφαλισμένες·,1,0.15
θαλαμίσκοι,1,0.15
οροφών,1,0.15
επενεργείας,1,0.15
πυθμένας,1,0.15
πυρασφάλεια,1,0.15
σύγκρουσή,1,0.15
κλειστεί,1,0.15
σωστικός,1,0.15
πυροσβέστης,1,0.15
παγιδευμένος,1,0.15
συναρμολόγηση·,1,0.15
καλωδίωση·,1,0.15
4.4·,1,0.15
περιγραφή·,1,0.15
εγκαταστάθηκε,1,0.15
συνθήκες)·,1,0.15
ενδιάμεσο)·,1,0.15
παραλλαγή·,1,0.15
6.2·,1,0.15
επιθεωρείται,1,0.15
τεκμαίρει,1,0.15
δειγματοληπτικους,1,0.15
ελεγχους,1,0.15
3.4.1·,1,0.15
ανελκυστήρων·,1,0.15
υποσυνόλων·,1,0.15
φρέαρ,1,0.15
απαιτουμένης,1,0.15
προοριζόμενη,1,0.15
εκρήξιμες,1,0.15
ατμόσφαιρες·,1,0.15
έκρηξης·,1,0.15
περιβάλλον·,1,0.15
χημικώς,1,0.15
θαλάσση,1,0.15
προσβάλλεται,1,0.15
κονιορτού,1,0.15
καιόμενου,1,0.15
μείγματος·,1,0.15
διασφαλισθεί·,1,0.15
μετατρέψει,1,0.15
κρατήσει·,1,0.15
σπανία,1,0.15
2.0.1,1,0.15
κινδυνεύνω,1,0.15
προκαλούμενων,1,0.15
πασάς,1,0.15
εκρηξιμες,1,0.15
αναμενομένη,1,0.15
συμπληρώνομαι,1,0.15
αντιφάσκω,1,0.15
ανάφλεξή,1,0.15
καθαρίζονται,1,0.15
επικαθήμενος,1,0.15
επικίνδυνες·ς,1,0.15
πείρας·,1,0.15
υπερεντάσεων,1,0.15
διακοπτών,1,0.15
στροφομέτρων,1,0.15
περιβλημάτων,1,0.15
εκπυρσοκροτήσεις,1,0.15
διαβρώσεις,1,0.15
υπερθερμάνσεις,1,0.15
τριβές,1,0.15
πιέση,1,0.15
κυμάτων,1,0.15
συμπιέσεων,1,0.15
υπερτάσεων,1,0.15
ρυπάνσεων,1,0.15
ανταπεξέλθουν,1,0.15
fail-safe,1,0.15
επειγούση,1,0.15
επανενεργοποίηση,1,0.15
επανατεθεί,1,0.15
μετρουμένος,1,0.15
ηλεκτροχημικά,1,0.15
διεισδύζω,1,0.15
επιθένω,1,0.15
θερμαώνν,1,0.15
άνοδοι,1,0.15
2.1.1.3,1,0.15
αλυσωτών,1,0.15
φλογή,1,0.15
εκτονώσεις,1,0.15
θερμογόνα,1,0.15
γεννώμενος,1,0.15
πυρασφαλή,1,0.15
2006/95/εκ,1,0.15
ηλεκτροτεχνική,1,0.15
αποτελεσματικότερη,1,0.15
διεθνού,1,0.15
εισερχεται,1,0.15
ιδιοκτησία·,1,0.15
26.3.1973,1,0.15
χρησιμοποιηθει,1,0.15
τασεως,1,0.15
συνοδεύει·,1,0.15
αποτελεσματικό·,1,0.15
θεσπίζονται,1,0.15
τόξος,1,0.15
εμπειρία·,1,0.15
φαινομενα,1,0.15
ηλεκτρολογικό,1,0.15
ηλεκτροραδιολογίας,1,0.15
βύσματα,1,0.15
περιφράξεων,1,0.15
αεροπλάνος,1,0.15
παρασκευασθέν,1,0.15
—στος,1,0.15
εφαρμοσθεί·,1,0.15
2014/30/εε,1,0.15
παρεμβολές·,1,0.15
καναλιών,1,0.15
δέκτας,1,0.15
δεκτής,1,0.15
περιττά,1,0.15
ραδιοδιεπαφή,1,0.15
αποδεδειγμένως,1,0.15
φορτισμένη,1,0.15
ραδιοπροσδιορισμού·,1,0.15
ραδιοκυμάτων·,1,0.15
οδηγό·,1,0.15
ραδιοφάσματος·,1,0.15
ραδιοδιεπαφές,1,0.15
2014/30/εε·,1,0.15
ραδιοεξοπλισμό·,1,0.15
αναπηρία·,1,0.15
ραδιοδιεπαφής,1,0.15
εφαρμοστής,1,0.15
καταστήσει,1,0.15
ιv·,1,0.15
21.6.2008,1,0.15
διεπεται,1,0.15
itu,1,0.15
αερομεταφερόμενος,1,0.15
17.2.1997,1,0.15
ενοτητες,1,0.15
μεθοδικός,1,0.15
ραδιοεξοπλισμού·,1,0.15
υλικολογισμικού,1,0.15
εγκατάστασης·,1,0.15
διασαφηνίσεις,1,0.15
επανασχεδιάσουν,1,0.15
μικρογράφηση,1,0.15
πλάκη,1,0.15
αδύνατος·,1,0.15
χωρικός,1,0.15
103·,1,0.15
ιόν,1,0.15
ανιχνευτών,1,0.15
στροφαλοθάλαμο,1,0.15
sh:2ς,1,0.15
sh:3,1,0.15
97/68/ec,1,0.15
συγκεντρώσεις·,1,0.15
διαλυμάτο,1,0.15
οξύτητα,1,0.15
αλκαλικότητα,1,0.15
ακροδεκτής,1,0.15
οθονής,1,0.15
ενδεδειγμένοι,1,0.15
2002/87/εκ·,1,0.15
αναλογικής,1,0.15
τομεακάς,1,0.15
κανόνων·,1,0.15
bvj,1,0.15
τίτλωνή,1,0.15
οργανωμένες,1,0.15
οργανωμένη(-ες,1,0.15
αγορά(-ές,1,0.15
αναβαθμίσουν,1,0.15
δίσεκτα,1,0.15
υποθετικό,1,0.15
ουδείς,1,0.15
τετραψήφιο,1,0.15
ακολουθούμενου,1,0.15
φρόνιμος,1,0.15
λεπτομερέστερο,1,0.15
παραβιαστούν,1,0.15
ευρώπη·,1,0.15
αμερική·,1,0.15
ασία·,1,0.15
διαβάθμιση·,1,0.15
lgds,1,0.15
επωφελείτο,1,0.15
παρέκαμπτε,1,0.15
υποτιμώνη,1,0.15
αποδοχή·,1,0.15
εξέταση·,1,0.15
αναφοράς»)·,1,0.15
διανομών,1,0.15
κατακράτηση,1,0.15
κατευθυντήριες,1,0.15
27.10.1995,1,0.15
διαβαθμιστούν,1,0.15
δεύς,1,0.15
απέβαινε,1,0.15
πραγματεύομαι,1,0.15
irb»)·,1,0.15
συμπερασμάτων·,1,0.15
εγκεκριμένης,1,0.15
πιστούχων·,1,0.15
στάθμισής,1,0.15
πρότινος,1,0.15
επεκτασεις,1,0.15
αποτυπώζω,1,0.15
τίτλους»·,1,0.15
διδάγματα,1,0.15
βελτίωνε,1,0.15
συνέβαλλε,1,0.15
ιδιαιτέρως,1,0.15
βελτιωνόταν,1,0.15
ενισχυόταν,1,0.15
διευκολυνόταν,1,0.15
συνδυαζόμενο,1,0.15
μικρότερων,1,0.15
προσθέτει,1,0.15
επιθεωρούμενου,1,0.15
προεδρευόμενος,1,0.15
έτος.(28,1,0.15
διερευνούμενος,1,0.15
υποβάλουν,1,0.15
δικαιολόγησαν,1,0.15
υποχρεωτικων,1,0.15
εκτελούμενου,1,0.15
μισθοδοσίας·,1,0.15
αντιδικίας·,1,0.15
2006/34/εκ,1,0.15
αιτιολογήζω,1,0.15
διασφαλίσεων·,1,0.15
απειλών,1,0.15
εξήχθησαν,1,0.15
διορίσθηκε,1,0.15
σημαντικότητας·,1,0.15
ζητήθηκαν·,1,0.15
ελεγκτικων,1,0.15
κηρύσσεται,1,0.15
αντικανονικά,1,0.15
ανανεωθείσες,1,0.15
συγχωνεύθηκαν,1,0.15
διενεργουν,1,0.15
2007/64/εκ·,1,0.15
συνεργάσθηκαν,1,0.15
δίωξης·,1,0.15
ερευνών·,1,0.15
επιθεωρητής·,1,0.15
αφανισμός,1,0.15
επανεκλογή,1,0.15
ανήκουν·,1,0.15
ελεγκτών,1,0.15
προσκλήσεως,1,0.15
συμβολά,1,0.15
αναθέτων,1,0.15
εξετάζεται,1,0.15
2005/909/εκ,1,0.15
7.5.2008,1,0.15
16.12.2005,1,0.15
φερόμενη,1,0.15
καταστατικά,1,0.15
επικαιροποίησε,1,0.15
έφεραν,1,0.15
λιγότερης,1,0.15
παγίως,1,0.15
συνιστάμενος,1,0.15
εξωχρηματιστηριακώς,1,0.15
χειραγωγούμενες,1,0.15
εξήγαγαν,1,0.15
σαφέστερο,1,0.15
επίδρασή,1,0.15
αξιοσημείωτα,1,0.15
συνδεομένος,1,0.15
συμβο,1,0.15
λαίων,1,0.15
αθέμιτου,1,0.15
πλεονεκτήμα,1,0.15
επιχειρώντας,1,0.15
σχετί,1,0.15
ιχειρώ,1,0.15
καταχραστεί,1,0.15
υστερόχρονη,1,0.15
μαχητό,1,0.15
αντικρούσει,1,0.15
αφ,1,0.15
σχολιαστή,1,0.15
συναγάγουν,1,0.15
διενεργούσαν,1,0.15
κατατείνω,1,0.15
προήγηση,1,0.15
υπάλληλός,1,0.15
τελεσθείσα,1,0.15
ανιχνεύζω,1,0.15
ρηματοοικονομικός,1,0.15
αποκαλυπτόμενος,1,0.15
απέκλειαν,1,0.15
συστήματ,1,0.15
δημοπρατήσεις,1,0.15
υποδηλώσουν,1,0.15
αποπειρών,1,0.15
επιχειρούμενος,1,0.15
επεξερ,1,0.15
γασμένα,1,0.15
επινόηση,1,0.15
διαστρεβλωμένος,1,0.15
φημό,1,0.15
blogs,1,0.15
παραπλανούνται,1,0.15
υπονομεύο,1,0.15
ευθυντικό,1,0.15
δημοσιοποιούσας,1,0.15
υπεραντισταθμίζει,1,0.15
αποσταθεροποιητικός,1,0.15
επικοινώνησαν,1,0.15
γώγηση,1,0.15
αντίποινων,1,0.15
πληροφοριοδότησης,1,0.15
διέπουν,1,0.15
ταλόγου,1,0.15
ησιμοποιούνται,1,0.15
πλειοδοτικός,1,0.15
εκπλειστηριαζόμενας,1,0.15
προνομιακέ,1,0.15
συνοικώ,1,0.15
δημοσιευόμενο,1,0.15
τιμ,1,0.15
παρανομη,1,0.15
εαυτού,1,0.15
χρησις,1,0.15
μοποιώ,1,0.15
προνομιακ,1,0.15
δευτερογενώς,1,0.15
θιγομένος,1,0.15
μεθόδευση,1,0.15
τέχνασμα·,1,0.15
συνδεομένου,1,0.15
γνησίων,1,0.15
αποσταθεροποίηση,1,0.15
εκπληστειριαζόμενου,1,0.15
τεχνάσμα,1,0.15
αποπειρά,1,0.15
εισαγω,1,0.15
γή,1,0.15
άποια,1,0.15
αναρτηθούν,1,0.15
πληροφορίες)·,1,0.15
γνωστοποίηση·ς,1,0.15
διενεργουμένους,1,0.15
πλειστηριασμή,1,0.15
εκπλειστηριασμή,1,0.15
εκπλειστηριάζω,1,0.15
διαπραγμάτευσ,1,0.15
διαπραγματευτών·,1,0.15
διερεύνηση·,1,0.15
τος,1,0.15
εγκλημάτων·,1,0.15
αλληλοϋποστηρίζω,1,0.15
ογαριασμό·,1,0.15
αρμοδ,1,0.15
ιότητής,1,0.15
—οδηγία,1,0.15
επιχειρήσεις—,1,0.15
απαντώμενες,1,0.15
18.11.2010,1,0.15
20.6.2012,1,0.15
πί,1,0.15
αντιστρέφεται·,1,0.15
καταγράφ,1,0.15
εκτελεσθούν·,1,0.15
ενδείξει,1,0.15
προδήλως,1,0.15
επηρεασμένος,1,0.15
δικος,1,0.15
ιωμάτων,1,0.15
παρότρυνε,1,0.15
κόστους-αποδοτικότητας,1,0.15
απαιτήσεως,1,0.15
άλλ,1,0.15
δημοσί,1,0.15
ευσή,1,0.15
επιλογες,1,0.15
διακριτικες,1,0.15
ευχερειες,1,0.15
μόδιος,1,0.15
υπερ-σύνδεση,1,0.15
1)].,1,0.15
διενεργηθεισών,1,0.15
ενοποιημ,1,0.15
αναλογικόςς,1,0.15
ελαφρυνθεί,1,0.15
παρόμοι,1,0.15
αγκαίες,1,0.15
ετεροχρονισμένη,1,0.15
αποστολης,1,0.15
ορια,1,0.15
3.7·,1,0.15
3.8·,1,0.15
xιι,1,0.15
κος,1,0.15
ινοβουλίου,1,0.15
υπομνηματα,1,0.15
"17,65%",1,0.15
καταβεβληθέντα,1,0.15
επενδύσ,1,0.15
αma,1,0.15
χρηματοπιστωτικ,1,0.15
/οχι,1,0.15
υποενοποιημενο,1,0.15
πιστωτοκος,1,0.15
οφειλετων:1,1,0.15
δανει,1,0.15
απασχολης,1,0.15
συντελεστήςς,1,0.15
εβδομαδες,1,0.15
υποβάλλ,1,0.15
ουν,1,0.15
ceτ1,1,0.15
ρθρο,1,0.15
κε0λί,1,0.15
κή,1,0.15
απαιτείτ,1,0.15
απαι,1,0.15
τήσεων,1,0.15
ισολογισμού/,1,0.15
κκα)/,1,0.15
εννοούμενος,1,0.15
χειρήσεις,1,0.15
βαθμίδας/,1,0.15
αντιστοιχώντας,1,0.15
οντοτήτων/,1,0.15
τελεστής,1,0.15
διαβάθμισης/,1,0.15
ιακανονισμός,1,0.15
τυποποιημέ,1,0.15
νη,1,0.15
6≤n<34·,1,0.15
34≤n<100·,1,0.15
100≤n<1000·,1,0.15
ενεργητικού/,1,0.15
εντός/,1,0.15
θετικες/,1,0.15
οφείλ,1,0.15
ομαι,1,0.15
τιτλοποιήσεις/ς,1,0.15
ισπρακτέες,1,0.15
τριγράμματος,1,0.15
διαφορετ,1,0.15
ικοίς,1,0.15
τρόποις,1,0.15
ζημίας/,1,0.15
ε)(i,1,0.15
αναληφθείσε,1,0.15
1.83(α)(iii,1,0.15
1.82(στ,1,0.15
7.10(α,1,0.15
7.10(β,1,0.15
"2.56,59",1,0.15
περίοδοits,1,0.15
7.42δ(ε,1,0.15
7.20(α,1,0.15
"40.56,79(γ",1,0.15
κατέπεσαν[να,1,0.15
από«σωρευθείσα,1,0.15
παράρτη,1,0.15
2.123,1,0.15
2.124(ιζ,1,0.15
1δπχα,1,0.15
13.76,1,0.15
2δπχα,1,0.15
33-55,1,0.15
1.78(γ,1,0.15
"2.56,57",1,0.15
κώδικο,1,0.15
οποιος,1,0.15
εφαρμοζω,1,0.15
μεταβολες,1,0.15
απομειωση,1,0.15
τιτλων,1,0.15
σχετιζω,1,0.15
μεταβιβασθεντα,1,0.15
υποκειμενα,1,0.15
λειτουργικη,1,0.15
συμμετοχες,1,0.15
δομημενης,1,0.15
αυλα,1,0.15
μετρηση,1,0.15
καθορισμενος,1,0.15
ιδιος,1,0.15
τεταρτη,1,0.15
παραδεκτές,1,0.15
2003/361/eκ,1,0.15
dpm,1,0.15
τηγορία,1,0.15
ασήμι,1,0.15
αγαθά·,1,0.15
δουλευμένο,1,0.15
περιλαμβανομές,1,0.15
νων,1,0.15
αλληλοεξαρτώμενες)·,1,0.15
–όταν,1,0.15
όλοιπα,1,0.15
νif,1,0.15
επιτοκί,1,0.15
αποθεματοποιήθηκαν,1,0.15
αντιλογίσθηκαν,1,0.15
δανείσνω,1,0.15
ενεργητικ,1,0.15
ενοπο,1,0.15
ίησης,1,0.15
κατανομη(20,1,0.15
20.3,1,0.15
περιλαμβάνονται·,1,0.15
ήθειες,1,0.15
ί,1,0.15
αντλήθηκε,1,0.15
ναφέρονται,1,0.15
χρηματοδοτού-μενος,1,0.15
χρηματο-οικονομικός,1,0.15
απροσδιόριστη,1,0.15
μπεριλαμβάνονται,1,0.15
νοιγμα,1,0.15
στχ,1,0.15
45.00,1,0.15
μήνα-1,1,0.15
μήνα-3,1,0.15
δενκαλύπτονται,1,0.15
lr6;010;3,1,0.15
ποιοτικότερη,1,0.15
"lrcalc,150,1",1,0.15
"lrcalc,130,1",1,0.15
"lrcalc,110,3/[lrcalc,010,3",1,0.15
"lrcalc,120,1/[(lrcalc,010,1",1,0.15
"lrcalc,140,1",1,0.15
"010,1",1,0.15
"lr1,10,3",1,0.15
"lr1,030,7",1,0.15
"lr1,050,1",1,0.15
"lr1,050,2",1,0.15
"lr1,060,1",1,0.15
μήνας-2-τιμή,1,0.15
"020,1",1,0.15
"050,1",1,0.15
"060,1",1,0.15
"020,2",1,0.15
"050,2",1,0.15
"050,5",1,0.15
"020,7",1,0.15
"060,7",1,0.15
λαμβά,1,0.15
"040,7",1,0.15
αρχ,1,0.15
"090,1",1,0.15
ισολ,1,0.15
ογισμός,1,0.15
αντιστρέψουν,1,0.15
συμψ,1,0.15
ηφισμός,1,0.15
"lrcalc,80,3",1,0.15
"130,1",1,0.15
"130,2",1,0.15
"130,3",1,0.15
"100,4",1,0.15
"130,4",1,0.15
"150,1",1,0.15
"170,1",1,0.15
"150,2",1,0.15
"170,2",1,0.15
"150,3",1,0.15
"170,3",1,0.15
"150,4",1,0.15
"170,4",1,0.15
"250,1",1,0.15
"240,2",1,0.15
"240,3",1,0.15
"250,3",1,0.15
"240,4",1,0.15
"250,4",1,0.15
"260,3",1,0.15
"260,4",1,0.15
"270,4",1,0.15
αλληλασφαλιστική,1,0.15
"010,3",1,0.15
"lr6,080,3",1,0.15
"lr6,110,3",1,0.15
λογιστ,1,0.15
"120,1",1,0.15
"120,2",1,0.15
συμψηφισμ,1,0.15
άνοι,1,0.15
γμα,1,0.15
έ,1,0.15
παράγραφ,1,0.15
ονομαστικ,1,0.15
ενθύμιση,1,0.15
σταθερης,1,0.15
μεταχειριση,1,0.15
δικαιοδοσιες,1,0.15
ανασφάλιστης,1,0.15
β)του,1,0.15
τουιδρύματος,1,0.15
κυβέρνησηστο,1,0.15
1.1.7.1,1,0.15
1.9.2,1,0.15
i-ii,1,0.15
τηνοδηγία,1,0.15
1.6.,1,0.15
4.12.3,1,0.15
3.5.6,1,0.15
ροβλεπόμενες,1,0.15
422,1,0.15
λε,1,0.15
ιτουργία,1,0.15
υπονομεύσ,1,0.15
ηρεσία,1,0.15
λειτουργί,1,0.15
μπορ,1,0.15
εί,1,0.15
χορηγία,1,0.15
απρογραμμάτιστος,1,0.15
ζητήμα,1,0.15
εδώ].,1,0.15
1.6.13.6,1,0.15
1.6.13.10,1,0.15
εξασκούνται,1,0.15
εξασκήζω,1,0.15
κάλυψης,1,0.15
1.1.2-1.1.3,1,0.15
εναπομείνουσα,1,0.15
επιβαρυμένος,1,0.15
εισπρακτέων,1,0.15
ο-τ,1,0.15
στ-ι,1,0.15
κ-ξ,1,0.15
1.1.1-1.8,1,0.15
ις,1,0.15
χρηματοοι,1,0.15
κονομικός,1,0.15
πραγματοποιηθείσ,1,0.15
sp,1,0.15
εκκαθαριζόμενεςς,1,0.15
πγδμ,1,0.15
διατάξ,1,0.15
ονομαστικοί,1,0.15
φύλλα,1,0.15
εξαγορασιμότητα,1,0.15
υπολογισιμότητα,1,0.15
επαναταξινομήσης,1,0.15
υποκατάστα,1,0.15
σωρευθείσας,1,0.15
τιτλοποίησεων,1,0.15
υπολογίσιμος,1,0.15
σύνολο/,1,0.15
αα,1,0.15
επαναγοράστηκαν,1,0.15
ενεχυριασθέντων,1,0.15
λέο,1,0.15
aνοίγματα,1,0.15
αλβανια,1,0.15
πρωην,1,0.15
νορβηγια,1,0.15
ομοσπονδια,1,0.15
ελβετια,1,0.15
δημοσιευμένες,1,0.15
συνδυασμένο,1,0.15
ucc,1,0.15
εξαιρεθείσες,1,0.15
χρηματοδότητηση,1,0.15
σωρευμένα,1,0.15
ανγκουιλα,1,0.15
ανταρκτικη,1,0.15
αντιγκουα,1,0.15
μπαρμπουντα,1,0.15
αυστραλια,1,0.15
αζερμπαϊτζαν,1,0.15
μπαχρεϊν,1,0.15
μπελιζε,1,0.15
μπουταν,1,0.15
βολιβιας,1,0.15
πολυεθνοτικο,1,0.15
κρατος,1,0.15
ευσταθιος,1,0.15
βοσνια-ερζεγοβινη,1,0.15
μπουρουντι,1,0.15
καμποτζη,1,0.15
καμερουν,1,0.15
ακρωτηριο,1,0.15
τσαντ,1,0.15
χιλη,1,0.15
κινα,1,0.15
χριστουγεννων,1,0.15
κοκος,1,0.15
κιλινγκ,1,0.15
κομορες,1,0.15
κουκ,1,0.15
ελεφαντοστου,1,0.15
κουβας,1,0.15
κουρασαο,1,0.15
ελ,1,0.15
ερυθραια,1,0.15
φωκλαντ,1,0.15
φεροες,1,0.15
γκανα,1,0.15
γρεναδα,1,0.15
χερντ,1,0.15
μακντοναλντ,1,0.15
εδρα,1,0.15
χονγκ,1,0.15
καζαχσταν,1,0.15
κιριμπατι,1,0.15
κουβεϊτ,1,0.15
λαος,1,0.15
λιβανος,1,0.15
λιβερια,1,0.15
μαλαουι,1,0.15
μαλαισια,1,0.15
μαρτινικα,1,0.15
μεξικο,1,0.15
μονακο,1,0.15
μαυροβουνιο,1,0.15
μοντσερατ,1,0.15
μαροκο,1,0.15
μοζαμβικη,1,0.15
ναουρου,1,0.15
νεπαλ,1,0.15
καληδονια,1,0.15
νικαραγουα,1,0.15
νιγηρια,1,0.15
νησος,1,0.15
ομαν,1,0.15
πακισταν,1,0.15
παλαου,1,0.15
κατεχομενα,1,0.15
παναμας,1,0.15
παπουασια-νεα,1,0.15
παραγουαη,1,0.15
περου,1,0.15
φιλιππινες,1,0.15
πουερτο,1,0.15
καταρ,1,0.15
ελενη,1,0.15
τρισταν,1,0.15
χριστοφορος,1,0.15
νεβις,1,0.15
γαλλικο,1,0.15
σεν,1,0.15
μικελον,1,0.15
γρεναδινες,1,0.15
μαρινος,1,0.15
σαο,1,0.15
πρινσιπε,1,0.15
γεωργια,1,0.15
νοτιο,1,0.15
σβαλμπαρντ,1,0.15
γιαν,1,0.15
επαρχια,1,0.15
ανατολικο,1,0.15
τιμορ,1,0.15
τοκελαου,1,0.15
τομπαγκο,1,0.15
καϊκος,1,0.15
τουβαλου,1,0.15
ηνωμενα,1,0.15
εμιρατα,1,0.15
απομακρυσμενες,1,0.15
νησιδες,1,0.15
πολιτειων,1,0.15
ουζμπεκισταν,1,0.15
βενεζουελας,1,0.15
φουτουνα,1,0.15
δυτικη,1,0.15
υεμενη,1,0.15
εξοφλήσιμο,1,0.15
x72,1,0.15
εκροώνς,1,0.15
lcq,1,0.15
σημαντική,1,0.15
εξοφλήσιμος,1,0.15
δηλωμένων,1,0.15
αρμενικό,1,0.15
μπαχαμών,1,0.15
μπαλμπόα,1,0.15
μπαρμπάντος,1,0.15
μπελίζε,1,0.15
βολιβιάνο,1,0.15
μπρουνέι,1,0.15
μπουρούντι,1,0.15
εσκούδο,1,0.15
πράσινου,1,0.15
ακρωτηρίου,1,0.15
κάιμανς,1,0.15
κομορών,1,0.15
κονγκό,1,0.15
κολόν,1,0.15
κόστας,1,0.15
κούβα,1,0.15
νταλάσι,1,0.15
ντόμπρα,1,0.15
δομινικανός,1,0.15
αιθιοπικό,1,0.15
φίτζι,1,0.15
γκάνας,1,0.15
γκουαρανί,1,0.15
γουινέας,1,0.15
γουιάνας,1,0.15
ιρανικός,1,0.15
κιπ,1,0.15
κουάνζα,1,0.15
κιάτ,1,0.15
λάρι,1,0.15
λιβάνος,1,0.15
λιβερία,1,0.15
λιβύη,1,0.15
μαυρικίου,1,0.15
μολδαβία,1,0.15
μετικάλ,1,0.15
μοζαμβίκη,1,0.15
μβντολς,1,0.15
νάκφα,1,0.15
ναμίμπια,1,0.15
ολλανδικών,1,0.15
ισραηλινός,1,0.15
σέκελς,1,0.15
πούλα,1,0.15
κατάρ,1,0.15
κετσάλ,1,0.15
ρουάντα,1,0.15
αγίας,1,0.15
ελένης,1,0.15
σεϋχελλών,1,0.15
σολομώντος,1,0.15
σομ,1,0.15
σομόνι,1,0.15
νότιου,1,0.15
συρία,1,0.15
τάκα,1,0.15
τανζανία,1,0.15
τυνησία,1,0.15
ουγκάντα,1,0.15
βάτου,1,0.15
ζάμπιας,1,0.15
διατηρούμενα,1,0.15
αφαιρεθέντας,1,0.15
αφαιρεθέντα,1,0.15
εξαιρεθέν,1,0.15
λιγνίτης,1,0.15
μεταλλευμάτων,1,0.15
λατομικός,1,0.15
δερμάτινων,1,0.15
φελλό,1,0.15
έπιπλα·,1,0.15
καλαθοποιία,1,0.15
σπαρτοπλεκτικός,1,0.15
c18,1,0.15
προεγγεγραμμένων,1,0.15
οπτάνθρακα,1,0.15
σκευασμάτος,1,0.15
π.δ.κ.α,1,0.15
ημιρυμουλκούμενων,1,0.15
f42,1,0.15
f43,1,0.15
h49,1,0.15
ταχυδρομικές,1,0.15
ταχυμεταφορικός,1,0.15
i55,1,0.15
i56,1,0.15
j60,1,0.15
τηλεπικοινωνίες,1,0.15
j62,1,0.15
j63,1,0.15
l68,1,0.15
αρχιτεκτόνας,1,0.15
μηχανικών·,1,0.15
m72,1,0.15
m74,1,0.15
n77,1,0.15
n78,1,0.15
ταξιδία,1,0.15
n81,1,0.15
o84,1,0.15
q86,1,0.15
r90,1,0.15
δημιουργικός,1,0.15
r91,1,0.15
βιβλιοθηκών,1,0.15
αρχειοφυλακείων,1,0.15
μουσείος,1,0.15
τυχερά,1,0.15
στοιχήματο,1,0.15
ψευδογεωγραφικός,1,0.15
δταα,1,0.15
δοα,1,0.15
1h,1,0.15
1j-1,1,0.15
επιστημονική,1,0.15
επιμορφωτικός,1,0.15
fao,1,0.15
ύπατος,1,0.15
αρμοστεία,1,0.15
πρ,1,0.15
όσφυγες,1,0.15
παλαιστίνιος,1,0.15
πρόσφυγας,1,0.15
δοαε,1,0.15
δετ,1,0.15
ενς,1,0.15
ευρωμεσογειακός,1,0.15
εε-αφρικός,1,0.15
ασιατική,1,0.15
εταα,1,0.15
iic,1,0.15
nib,1,0.15
κτακ,1,0.15
αραβικό,1,0.15
αραβική,1,0.15
αφρικαvικό,1,0.15
αvάπτυξης,1,0.15
ασιατικό,1,0.15
kεντρικός,1,0.15
oικονομικός,1,0.15
adc,1,0.15
νατο,1,0.15
δεες,1,0.15
ερυθρός,1,0.15
σταυρός,1,0.15
εοδ,1,0.15
εγδε,1,0.15
αεροναυσιπλοΐας,1,0.15
intelsat,1,0.15
uer,1,0.15
ραδιοτηλεοπτική,1,0.15
μετεωρολογικών,1,0.15
δορυφόρων,1,0.15
παρατηρητήριο,1,0.15
προγνώσεων,1,0.15
εργαστήριος,1,0.15
πυρηνικών,1,0.15
δομ,1,0.15
μετανάστευσης,1,0.15
ευρασιατικός,1,0.15
edb,1,0.15
λέσχης,1,0.15
ceb,1,0.15
eπενδύσεων,1,0.15
δανειοδοτικοί,1,0.15
-180,1,0.15
κκα.εφαρμόζω,1,0.15
ίμαι,1,0.15
κατηγορι,1,0.15
οποιούνται,1,0.15
ιστωτικός,1,0.15
εναλλακτικα,1,0.15
κατασχεθέντα,1,0.15
υποομίλων,1,0.15
j59,1,0.15
ηχογραφήσεις,1,0.15
2015/421,1,0.15
100000000,1,0.15
89330000,1,0.15
83285595,1,0.15
2015/573,1,0.15
αμπερομετρικός,1,0.15
ποτενσιομετρικός,1,0.15
αγωγιμομετρικός,1,0.15
ηλεκτροχημικούς,1,0.15
2015/574,1,0.15
αμοιβαιοποιηθεί,1,0.15
αμοιβαιοποιώ,1,0.15
αμοιβαιοποιημένων,1,0.15
αμοιβαιοποιηθώ,1,0.15
αμοιβαιοποίησης,1,0.15
αποσκοπούσε,1,0.15
"33,33",1,0.15
"26,67",1,0.15
διατεθείσες,1,0.15
ολομέλειάς,1,0.15
λειτ,1,0.15
ουργικός,1,0.15
αδύνατη·ς,1,0.15
εξαρτημάτων·,1,0.15
ελκυστήρας·,1,0.15
ένδειξη·,1,0.15
ταχύμετρα,1,0.15
xvι,1,0.15
χιχ,1,0.15
χχι,1,0.15
χχιv,1,0.15
διεξάγ,1,0.15
άρθρ,1,0.15
μός,1,0.15
απαιτε,1,0.15
ίται,1,0.15
ιχειρήσεις,1,0.15
μμή,1,0.15
έγγιση,1,0.15
συνο,1,0.15
λικός,1,0.15
παιτήσεις,1,0.15
220–230,1,0.15
ναπροσαρμογής,1,0.15
7.8(ε)(ι,1,0.15
ημα,1,0.15
δραστηριό-τητες,1,0.15
124(ισ,1,0.15
5]·«κωδικός,1,0.15
διάθε,1,0.15
σης,1,0.15
εθ,1,0.15
νικός,1,0.15
συσσω,1,0.15
ρευμένες,1,0.15
ruf”)»·,1,0.15
πλ,1,0.15
ηρώ,1,0.15
καιώματα,1,0.15
πιστωτικ,1,0.15
χρηματοοικον,1,0.15
ομικός,1,0.15
ακόλουθ,1,0.15
απομειωμ,1,0.15
ίνω,1,0.15
157·,1,0.15
μηνία,1,0.15
οτέλεσμα,1,0.15
συλλογικ,1,0.15
κατάλληλοι,1,0.15
επιμερισμένες,1,0.15
34δ,1,0.15
απλουστευθούν,1,0.15
παλιότερα,1,0.15
τωνσυστημάτων,1,0.15
έρματος,1,0.15
έντυπες,1,0.15
2].2,1,0.15
μέρους]/χωριστής,1,0.15
εικονική,1,0.15
εικονικών,1,0.15
επήλθε(-αν,1,0.15
κενό]0054,1,0.15
μέρος]/χωριστή,1,0.15
παραλλαγή(-ές)/έκδοση(-εις,1,0.15
υποχρεωτική(-ές,1,0.15
μοναδες,1,0.15
σήματος(-ων,1,0.15
κινητήριων,1,0.15
ατέρμονες,1,0.15
σκελετούς,1,0.15
σκελετού,1,0.15
κατευθυντήριου,1,0.15
μέγιστη(-ες,1,0.15
δηλώνεται(-ονται,1,0.15
ελαστικό(-ά,1,0.15
mmς,1,0.15
ωφέλιμο(-α,1,0.15
αναφερθεί(-ούν,1,0.15
μέγιστο(-α,1,0.15
κατακόρυφο(-α,1,0.15
άκαμπτη,1,0.15
συνολική(-ές,1,0.15
μπροστινό(-ός,1,0.15
άξονα(-εςς,1,0.15
τριάδα,1,0.15
μετρήω,1,0.15
μητρικου,1,0.15
φυσητήρας,1,0.15
εξαγωγής(-ών,1,0.15
ενδιάμεσο,1,0.15
ολικό,1,0.15
μέγιστη(-ες)/ελάχιστη(ες,1,0.15
mm3(7,1,0.15
προπορείας,1,0.15
εγχυτήρας(-ες,1,0.15
βενζινοκινητήρεςς,1,0.15
κινητηρων,1,0.15
επανακυκλοφορία,1,0.15
γαλακτώματος,1,0.15
ah,1,0.15
4):j,1,0.15
ηχοσταθμη,1,0.15
μελετηθεί,1,0.15
13]1,1,0.15
υπερτάχυνση,1,0.15
19.6.2007,1,0.15
τροχά,1,0.15
ωρων,1,0.15
αποστάση,1,0.15
στροφόμετρο,1,0.15
εκτοξευτηρες,1,0.15
υδατος,1,0.15
αποθαμβωσης,1,0.15
16.1.1,1,0.15
υαλοπινακες,1,0.15
12.2.2014,1,0.15
αλεξηνέμων,1,0.15
βέλους)·,1,0.15
αλεξήνεμο(-α,1,0.15
1:10,1,0.15
αλεξήνεμων,1,0.15
βαφή·,1,0.15
ομαδοποίησης)·,1,0.15
17.2.2,1,0.15
ύαλος-ύαλος,1,0.15
ύαλος-μέταλλο,1,0.15
παράθυρο(-α,1,0.15
θέση(-εις,1,0.15
κατοπτρα,1,0.15
οδηγησης,1,0.15
κλάση(-εις,1,0.15
13.7.2012,1,0.15
προαιρετικός(-οί,1,0.15
περιορίσει(-ω,1,0.15
18.9.1,1,0.15
κατοπτρων,1,0.15
λήψης-οθόνης,1,0.15
αυτοματης,1,0.15
ενεργοποιησης,1,0.15
ρευματολήπτης,1,0.15
επιβατων,1,0.15
καιρικες,1,0.15
υποστήριγμα(-τα,1,0.15
υποπόδιων,1,0.15
περσίδα,1,0.15
υδρορροές,1,0.15
λαβές,1,0.15
ολισθητήρες,1,0.15
πτερύγια,1,0.15
μάνδαλος,1,0.15
κοιλώματα,1,0.15
ηλεκτρομαγνητικη,1,0.15
ημς,1,0.15
ησυ,1,0.15
14982:1998,1,0.15
ηλεκτρομαγνητική,1,0.15
ακουστικης,1,0.15
χρησιμοποιούμενης(-ων,1,0.15
στερεωμένη(-ες,1,0.15
κλιματισμος,1,0.15
αποσβεστήρων,1,0.15
τμηματικό,1,0.15
εγκεκριμενη,1,0.15
27.3.2013,1,0.15
13.5.2010,1,0.15
27.1.2,1,0.15
της(τους,1,0.15
πινακιδας(-ων,1,0.15
πινακίδας(-ων,1,0.15
χρειάζεται·,1,0.15
ερμα,1,0.15
χρησιμοποιούμενο(-α,1,0.15
τάση(-εις,1,0.15
δεξαμενη(-ες,1,0.15
καυσιμου,1,0.15
κύρια(-ες,1,0.15
μέτρο(-α,1,0.15
βοηθητική(-ές,1,0.15
συγκεκριμένης(-ων,1,0.15
εξεδρα(-ες,1,0.15
φορτίου(-ων,1,0.15
αποσπώμενη(-ες,1,0.15
εξέδρα(-ες,1,0.15
εξέδρα(-εςς,1,0.15
μπροστινη,1,0.15
μπροστινής,1,0.15
εκτοξευση,1,0.15
προφυλακτήρος,1,0.15
4.1.2.3,1,0.15
πέδιλου,1,0.15
χαλύβδινες,1,0.15
πέδιλα,1,0.15
πέλματος,1,0.15
μηχανικη,1,0.15
ζευξη,1,0.15
οπών,1,0.15
κεφαλών,1,0.15
/στη,1,0.15
28.8.2010,1,0.15
τριωνς,1,0.15
σημειων,1,0.15
σημεια,1,0.15
υδροπνευματικός,1,0.15
αξονας(-ες,1,0.15
αξονικός,1,0.15
εγκαθίσταται(-νται,1,0.15
συστήματος(-ων,1,0.15
11992-1:2003,1,0.15
σύστημα(-τα,1,0.15
σκαρίφημα,1,0.15
εξωτερική(-ές,1,0.15
πνευματική,1,0.15
διαγνωστικο,1,0.15
μορφότυπω,1,0.15
plug-in,1,0.15
λέξεις-κλειδιά,1,0.15
ιδιόκτητο,1,0.15
22900-2,1,0.15
uds,1,0.15
27145,1,0.15
docan,1,0.15
4)/iso,1,0.15
22901-2:2011,1,0.15
odx,1,0.15
αναδιπλώνεται,1,0.15
στεφάνη,1,0.15
χαλύβων,1,0.15
μπουλόνια,1,0.15
46.1,1,0.15
8083:2006,1,0.15
47.2.5,1,0.15
48.1,1,0.15
καθισματα,1,0.15
i/ii/iii,1,0.15
πηδαλίου(-ων,1,0.15
επιβάτη,1,0.15
χωρος,1,0.15
χειρισμου,1,0.15
προσβαση,1,0.15
οχημα,1,0.15
εξοδος,1,0.15
χειρολισθήρων,1,0.15
εσοχών,1,0.15
3.3.5,1,0.15
16.7.2008,1,0.15
παράθυρα,1,0.15
δυναμοδοτης(-ες,1,0.15
δυναμοδοτής,1,0.15
pto,1,0.15
προστατευτικό,1,0.15
προστατευτικό(-ά,1,0.15
8759-1:1998,1,0.15
εξατμισης,1,0.15
ταλαντευόμενος,1,0.15
προστατευτικών,1,0.15
εγκλεισμός,1,0.15
quads,1,0.15
αγκυρωσεις,1,0.15
ζωνων,1,0.15
πλαίσιος,1,0.15
53.2,1,0.15
28.4.2011,1,0.15
belts,1,0.15
διεισδυση,1,0.15
8084:2003,1,0.15
χειριστη,1,0.15
επιγραφες,1,0.15
3600:1996,1,0.15
εγχειρίδιος,1,0.15
56.2.1,1,0.15
31.3.2004,1,0.15
εικονοχαρακτήρες,1,0.15
καταχωρισμένες,1,0.15
χειριστηρια,1,0.15
ελεγχονται,1,0.15
οδηγο,1,0.15
δεικτων,1,0.15
μπροστινοί,1,0.15
αλεξηνέμου,1,0.15
εφαρμοζόμενες,1,0.15
γκαζιούς,1,0.15
επικινδυνες,1,0.15
φιλτραρισμένου,1,0.15
αερολύματος,1,0.15
μηχανηματων,1,0.15
διάδρασής,1,0.15
στήλη(-ες,1,0.15
αφορά(-ούν,1,0.15
10.1.2014,1,0.15
ναι–,1,0.15
χωριστάο,1,0.15
αναπρογραμματισμό,1,0.15
συστήματος(-των,1,0.15
κατασκευαστικού(-ων,1,0.15
μονάδας(-ων,1,0.15
αριθμός(οί,1,0.15
έγκρισης(-ων,1,0.15
single-byte,1,0.15
graphic,1,0.15
αλφαριθμητικοίς,1,0.15
κεφαλαίοις,1,0.15
κατασκευαστή)·,1,0.15
οχήματος·με,1,0.15
t-1,1,0.15
a-0,1,0.15
kg»·,1,0.15
10261:2002,1,0.15
αριθμοδότηση,1,0.15
4.1.1.6,1,0.15
διαγώνια,1,0.15
σταυρωτής,1,0.15
ακτινωτά,1,0.15
ind,1,0.15
167/2013»·,1,0.15
αύξοντες,1,0.15
e4,1,0.15
αφομοίωσή,1,0.15
αναγνώστης,1,0.15
το(τα,1,0.15
αντίστοιχο(-α,1,0.15
πιστοποιητικό(-α,1,0.15
-ώνται,1,0.15
συμμορφώνεται(-ονται,1,0.15
με»·,1,0.15
σελίδων·,1,0.15
στοιχείο(-α,1,0.15
χωριστή(-ά,1,0.15
τεχνική(-ές,1,0.15
χρησιμοποιήθηκε·,1,0.15
μάζες·,1,0.15
μέτρησης·,1,0.15
εγκρίνομαι,1,0.15
απορρίπτεται·,1,0.15
βαθμονόμηση·,1,0.15
τεκμηρίωσης·,1,0.15
ιδιότητα(-ες,1,0.15
εξήχθησαν·,1,0.15
2.21.2·,1,0.15
βελτιώσεις·,1,0.15
22.3.2014,1,0.15
2009/64/ec,1,0.15
89/297/εκ,1,0.15
78/764/εκ,1,0.15
89/297/εοκ,1,0.15
13.4.1989,1,0.15
6.4.1970,1,0.15
2006/20/εκ,1,0.15
18.2.2006,1,0.15
13.8.2010,1,0.15
15.6.1999,1,0.15
001»·,1,0.15
001,1,0.15
αύξοντης,1,0.15
θεωρούσαν,1,0.15
μνημονίος,1,0.15
8-13·,1,0.15
2011/61/εκ·,1,0.15
απορρίφθηκαν·,1,0.15
διαπιστωθείσα,1,0.15
απορρίφω,1,0.15
συμφωνια,1,0.15
ρωσικη,1,0.15
1988»)·,1,0.15
καταπολεμήζω,1,0.15
επισημαινοντας,1,0.15
εξαγωγών·,1,0.15
1988,1,0.15
αντίμετρος,1,0.15
22.6.2010,1,0.15
ακετόνη,1,0.15
εργομετρίνη,1,0.15
εργοταμίνη,1,0.15
υδροχλωρικό,1,0.15
λυσεργικός,1,0.15
"3,4-μεθυλενοδιοξυφαινυλ-2-προπανόνη",1,0.15
μεθυλαιθυλκετόνη,1,0.15
ν-ακετυλανθρανιλικό,1,0.15
νορεφεδρίνη,1,0.15
αινυλο-2-προπανόνη,1,0.15
πιπερονάλη,1,0.15
υπερμαγγανικό,1,0.15
κάλιο,1,0.15
τολουόλιο,1,0.15
διαβιβασθεί,1,0.15
οινολογικός,1,0.15
innhøstingsåret,1,0.15
innhøstingsårς,1,0.15
78/2011,1,0.15
64/225/εκ,1,0.15
73/240/εοκ,1,0.15
1964,1,0.15
878/64,1,0.15
13.7.1976,1,0.15
πρωτοασφάλιση,1,0.15
87/343/εοκ,1,0.15
29.11.1990,1,0.15
2000/26/εκ,1,0.15
20.7.2000,1,0.15
προσχωρήσεως,1,0.15
1.1.1995,1,0.15
συνασφαλίσεως,1,0.15
0357,1,0.15
2005/14/εκ,1,0.15
11.6.2005,1,0.15
selskaper’·,1,0.15
θθa,1,0.15
gagnkvæmt,1,0.15
2015/1249,1,0.15
2014/74/εε,1,0.15
2015/1810,1,0.15
1926/2006/εκ,1,0.15
πριγκιπατο,1,0.15
αποκαλούμενοι,1,0.15
αρμόδιων,1,0.15
δυτικοευρωπαϊκός,1,0.15
διαδραμάτισε,1,0.15
αποστέλλων,1,0.15
κατηγορηματικά,1,0.15
ιι.οιοσδήποτε,1,0.15
πιστώθηκαν,1,0.15
χρεώστης,1,0.15
πρωτοαναφερόμενη,1,0.15
ειδοποιούσα,1,0.15
ειδοποιούμενος,1,0.15
κοινοποιούσαν,1,0.15
συναλλακτικά,1,0.15
πρωτοαναφερόμενος,1,0.15
προέρχονταν,1,0.15
αντικατοπτρίσουν,1,0.15
εκπληρωθεί·,1,0.15
σταθεί,1,0.15
αναζητήσιμος,1,0.15
λογαριασμού·,1,0.15
ταυτοποιεί,1,0.15
συνέλεξε,1,0.15
συγκέντρωσε,1,0.15
δηλωτέοις,1,0.15
ελεγχόντων,1,0.15
δικαιοδοσίας(δικαιοδοσιών,1,0.15
νεους,1,0.15
νέου,1,0.15
αυτοπιστοποιήσεωνς,1,0.15
πιστοποιητικού,1,0.15
πιστοποιητικού·,1,0.15
κατονομάσουν,1,0.15
ομάδας·,1,0.15
καπνιστικός,1,0.15
συνηθεία,1,0.15
ατομικών,1,0.15
ελέγχομαι,1,0.15
καταπιστεύματα·,1,0.15
ίδρυμα”νοείται,1,0.15
συνιστώντα,1,0.15
διοικούσα,1,0.15
διοικούσας,1,0.15
ασκούντα,1,0.15
κατέχοντα,1,0.15
ιδιώτη·,1,0.15
καθεαυτήν,1,0.15
α)]·,1,0.15
επανατοποθετούνται,1,0.15
ποινή·,1,0.15
παραδίδονται·,1,0.15
καταθετικοί,1,0.15
συνδεόμενας,1,0.15
βεβαιούμενος,1,0.15
πίστ”ωσος,1,0.15
συμμετοχικό,1,0.15
καταπιστευματοπάροχος,1,0.15
ασφάλιση·,1,0.15
προκαταβληθέντος,1,0.15
προκαταβληθέν,1,0.15
προϋπάρχοντας,1,0.15
καταχωρισμένου,1,0.15
ρυθμιζόμενου,1,0.15
ωφελειών)·,1,0.15
κριτηρίων·,1,0.15
βραχύτερο·,1,0.15
διαθήκη,1,0.15
αρραβώνας,1,0.15
καταπιστευματοπάροχοι,1,0.15
προστάτης,1,0.15
διάφορης,1,0.15
ευημερίας·,1,0.15
δικαιοδοσία)·,1,0.15
γνώρισε,1,0.15
ελεγμένη,1,0.15
μορφωμάτων,1,0.15
συμπληρωματικοι,1,0.15
δεουσας,1,0.15
αναξιόπιστο,1,0.15
ελέγχονς,1,0.15
καταπιστευματοδόχους,1,0.15
φορολογικώς,1,0.15
ευρύτητα,1,0.15
изпълнителният,1,0.15
директор,1,0.15
агенция,1,0.15
приходите,1,0.15
rahandusminister,1,0.15
finanze,1,0.15
finansų,1,0.15
il-ministru,1,0.15
responsabbli,1,0.15
all-finanzi,1,0.15
σχολίου,1,0.15
πρωτοκολλου,1,0.15
αμφισβητηθείσες,1,0.15
194-7(1,1,0.15
υπερπόντιων,1,0.15
αναγνωρισμένου,1,0.15
αυτοματοποιημένης,1,0.15
δεσμευτικοί(-ές,1,0.15
rba,1,0.15
διατάξει,1,0.15
αυστραλιανός,1,0.15
αναληφθέντης,1,0.15
σαουδική,1,0.15
επανεκτιμώνη,1,0.15
kellermann,1,0.15
υδραυλωτός,1,0.15
συναρμολογημένων,1,0.15
στοιχείων—,1,0.15
επικίνδυνου,1,0.15
επισήμανσης,1,0.15
φρέατο,1,0.15
αεροζόλ,1,0.15
γεωθερμικός,1,0.15
φρέατος·,1,0.15
χριστουγεννιάτικος,1,0.15
αποφρακτήρες,1,0.15
συλλεκτήρες,1,0.15
ανάντη·,1,0.15
στροβιλοκινητήρων,1,0.15
ατμομηχανή,1,0.15
αεριοστρόβιλος,1,0.15
ατμοστρόβιλος,1,0.15
στροβιλογεννήτριες,1,0.15
σερβομηχανισμοί·,1,0.15
υψικάμινος,1,0.15
ανακτητών,1,0.15
κονιοσυλλεκτών,1,0.15
υδροαυτοκαθαριστής,1,0.15
απαερίων,1,0.15
κάμινοι,1,0.15
μεταλλακτών,1,0.15
ανάτηξης,1,0.15
εξαερίωσης,1,0.15
διακοπτής,1,0.15
καλωδίων·,1,0.15
προωθεί·,1,0.15
μαξιλαράκι,1,0.15
μπάλα,1,0.15
σιγαστήρες,1,0.15
εξαγωγής·,1,0.15
κουτιά,1,0.15
καταναλωτή·,1,0.15
ποτός,1,0.15
ύδατος·,1,0.15
αναρτήσεως·,1,0.15
προσδεδεμένων,1,0.15
θαλάμους·,1,0.15
διαρρηγνυόμενοι,1,0.15
λυγισμός,1,0.15
μανδάλωσος,1,0.15
μεταγωγής,1,0.15
srmcr)·,1,0.15
πρόσημο·,1,0.15
στομίων,1,0.15
σπειρωμάτων·,1,0.15
ατμοί,1,0.15
μείγματά,1,0.15
ρευστό,1,0.15
αιώρημα,1,0.15
στερεών,1,0.15
διασπαστούν,1,0.15
μεθόδους·,1,0.15
θερμιδικός,1,0.15
υπέρθερμου,1,0.15
συγκροτήματά,1,0.15
συγκροτήματος·,1,0.15
1.1,1,0.15
αυτοαντιδρώσες,1,0.15
υπεροξείδια,1,0.15
όργανα-στόχους,1,0.15
προκύπτοντες,1,0.15
97/23/εοκ,1,0.15
30.9.2008,1,0.15
ταξινομήσεως,1,0.15
επισημάνσεως,1,0.15
16.8.1967,1,0.15
σχεδιασμος,1,0.15
στερεώσεις,1,0.15
σταθμίζο,1,0.15
επενέργειάς,1,0.15
συμπληρωματικώς,1,0.15
συνυπολογιζομένων,1,0.15
υδροδυναμικός,1,0.15
συναρμοσμένα,1,0.15
βλαβερών,1,0.15
εκτριβή,1,0.15
προσβάλλω,1,0.15
υπερπλήρωση,1,0.15
μου—,1,0.15
συναγερμοί,1,0.15
πλεοναστικότητα,1,0.15
λοξότμηση,1,0.15
ρευστών·,1,0.15
ψαθυρώ,1,0.15
γήρανσης·,1,0.15
εξοπλισμο,1,0.15
φλογα,1,0.15
εισροη,1,0.15
παρουσιαζει,1,0.15
ατμολέβητης,1,0.15
υπερθερμαντής,1,0.15
αναθερμαντός,1,0.15
αποτεφρωτήρων,1,0.15
εμβαπτιζόμενες,1,0.15
αντιστάσεις,1,0.15
αυτόκλειστοι,1,0.15
κλίβανος,1,0.15
θερμαντήρες,1,0.15
επικαθήσεων·,1,0.15
υποστροφή,1,0.15
φυσούνα,1,0.15
ευθυγραμμίσεων,1,0.15
προέντασης·,1,0.15
δινών·,1,0.15
2.7·,1,0.15
σωληνώσεων·,1,0.15
διακλαδώσεων,1,0.15
διαστάσεών,1,0.15
εκκένωσης·,1,0.15
αργίλιο,1,0.15
διαφράγματος,1,0.15
φερριτικός,1,0.15
εξηλασμένος,1,0.15
λεπτόκοκκος,1,0.15
χυτός,1,0.15
10/19,1,0.15
σκλήρυνση,1,0.15
2.11.2,1,0.15
αντέξει,1,0.15
"1,43",1,0.15
όλκιμος,1,0.15
δοκιμίου,1,0.15
εμφαινόμενος,1,0.15
φορητοί,1,0.15
συμφώνων,1,0.15
περιεχόμενη,1,0.15
κάρτερ,1,0.15
διαστασιολόγηση,1,0.15
αυλός,1,0.15
αρμός,1,0.15
σωληνώσεις·,1,0.15
οδηγiα,1,0.15
εύχρηστη,1,0.15
2008/90/εκ.το,1,0.15
συνώνυμά,1,0.15
ποικιλία·,1,0.15
γονότυπος,1,0.15
αναλλοίωτος,1,0.15
πρωτόκολλο·,1,0.15
ονομασία·,1,0.15
τροποποιημένους,1,0.15
απατηύς,1,0.15
10.6.1992,1,0.15
90/220/εοκ,1,0.15
17.4.2001,1,0.15
18.10.2003,1,0.15
93/79/εοκ,1,0.15
14.10.1993,1,0.15
πιστότητάς,1,0.15
γενής,1,0.15
απαριθμάνω,1,0.15
νηματωδών,1,0.15
ιοί,1,0.15
ουλώδεις,1,0.15
ξήρανση,1,0.15
απλούστερες,1,0.15
απομακρύνομαι,1,0.15
ξυλώδη,1,0.15
πληροί(-ούν,1,0.15
αναπαραγωγό·,1,0.15
βιότυπος,1,0.15
παθογόνος,1,0.15
iii·,1,0.15
στερεοσκόπιο,1,0.15
αναπαράγεται,1,0.15
καλλιεργείται,1,0.15
καρπών,1,0.15
φυτού·,1,0.15
μεριστωμάτων,1,0.15
ενδεχομενως,1,0.15
δενδρα,1,0.15
φρούτα,1,0.15
γένους,1,0.15
έρριζου,1,0.15
φυσικώς,1,0.15
αέρος,1,0.15
ιογενείς,1,0.15
αξιολογημένα,1,0.15
ουλώδης,1,0.15
αποξήρανση,1,0.15
αγρών,1,0.15
μικροπολλαπλασιασμού,1,0.15
2014/97/εε·,1,0.15
καλλιέργειά,1,0.15
επισημες,1,0.15
επιθεωρησεις,1,0.15
93/64/εοκ,1,0.15
10.7.2000,1,0.15
επιθεωρηση,1,0.15
ορισμενες,1,0.15
προϋποθεσεις,1,0.15
δειγματοληψια,1,0.15
μύκητος,1,0.15
καστανιά,1,0.15
νηματώδεις,1,0.15
ακάρεα,1,0.15
βακτήρια,1,0.15
συκιά,1,0.15
viridiflava,1,0.15
ακάρεο,1,0.15
aucuba,1,0.15
blackcurrant,1,0.15
vein,1,0.15
φραγκοστάφυλου,1,0.15
cassandrae,1,0.15
αναμορφωμένη,1,0.15
συγκεκριμένοι,1,0.15
φυτευτεί,1,0.15
cvv,1,0.15
ψώρωσης,1,0.15
εξωκόρτιδας,1,0.15
viroidς,1,0.15
λυκίσκου,1,0.15
καχεξία,1,0.15
αυλάκωση,1,0.15
pbcvd,1,0.15
εξανθηματικός,1,0.15
έλκους,1,0.15
απιδιάς,1,0.15
κερασιάς,1,0.15
αλλοιώσεις,1,0.15
αραβίδα,1,0.15
δαμασκηνιάς,1,0.15
necrotic,1,0.15
βερικοκιάς,1,0.15
nepovirus,1,0.15
δακτυλίο,1,0.15
τομάτα,1,0.15
φροντίσει,1,0.15
εγγενούς,1,0.15
επικονιαστής,1,0.15
apple,1,0.15
scar,1,0.15
εσχαρώσεως,1,0.15
βυθισμένος,1,0.15
καρπού,1,0.15
elongatus,1,0.15
λήγουν,1,0.15
-η,1,0.15
καταχωρισμένος(-η,1,0.15
διατηρημένος,1,0.15
εξαίρεσηάρθρου405ποσοστό,1,0.15
προηγουμένου,1,0.15
εξαμηνιαια,1,0.15
31/12/εεεε,1,0.15
31/12/yyyy,1,0.15
dgs,1,0.15
εξοφλά,1,0.15
προχωρημένο,1,0.15
συνδιαλέγω,1,0.15
4].η,1,0.15
επίκαιρο,1,0.15
οριζόντων·,1,0.15
οριστικοποιήζω,1,0.15
κατηγοριοποί-ηση,1,0.15
γ.3,1,0.15
γ.8,1,0.15
προκύπτο,1,0.15
απαίτηση/,1,0.15
επάρ-κειας,1,0.15
αξιολογησης,1,0.15
αξιολόγησης,1,0.15
791/2014,1,0.15
2002/599/κεππα,1,0.15
γνώριζαν,1,0.15
υποπτευθούν,1,0.15
ενοικίων,1,0.15
ωφελείας·,1,0.15
2465/96,1,0.15
δικτυακοί,1,0.15
fpi,1,0.15
ωθούμενας,1,0.15
βραδής,1,0.15
αντικατέστησαν,1,0.15
προσαρμόστηκαν,1,0.15
εραεακα,1,0.15
αποϋλοποίησης,1,0.15
600/2014ή,1,0.15
αποϋλοποίηση,1,0.15
ρευστοποιήσιμου,1,0.15
επακόλουθό,1,0.15
κράτος-μέλος,1,0.15
338/01,1,0.15
αμέσος,1,0.15
εμμέσους,1,0.15
συσταθούν,1,0.15
ζητούσαν,1,0.15
διαμόρφωσε,1,0.15
δαπανηρά,1,0.15
εγγραφών·,1,0.15
2014/,1,0.15
αιτία·,1,0.15
προάγει,1,0.15
βραχύτερης,1,0.15
επιμηκυνθεί,1,0.15
αναποτελεσματική·,1,0.15
διακανονιστή·,1,0.15
απειλήω,1,0.15
ετησία,1,0.15
συναλλάσσεται·,1,0.15
-στα,1,0.15
20.,1,0.15
εισακούστηκε,1,0.15
μεταβάλλονται·,1,0.15
τιμοκατάλογός,1,0.15
τιμοκαταλόγος,1,0.15
άρτιων,1,0.15
απαγορεύονται,1,0.15
γίνω,1,0.15
επαρκεί,1,0.15
διαλειτουργικές,1,0.15
καταχωρίνω,1,0.15
χρεώσει,1,0.15
τιμωρούμενο,1,0.15
35·,1,0.15
95/46/εκ·,1,0.15
κατηγορούμενου,1,0.15
αναθεση,1,0.15
αρμοδιοτητων,1,0.15
εποπτών·,1,0.15
13.10.2012,1,0.15
i-04829,1,0.15
πολιτικώςς,1,0.15
μεσάζων·,1,0.15
φύσης·,1,0.15
εξαφανιστούν,1,0.15
επουσιωδώς,1,0.15
άγνωστου,1,0.15
αντικατασταθέν,1,0.15
επαν)υπολογίζεται,1,0.15
περιάπτω,1,0.15
εδδσμ,1,0.15
κλιμακωτή,1,0.15
3].επιπλέον,1,0.15
4]·5,1,0.15
2013/34/εκ,1,0.15
ενοποίηση·,1,0.15
διαζωνικός,1,0.15
εξισορρόπηση·,1,0.15
μεθεπόμενης,1,0.15
εγχειριδίος,1,0.15
δημοπρατικός,1,0.15
βασικωνς,1,0.15
επανορισμός,1,0.15
κατανεμηθείσες,1,0.15
διασύνδεσης·,1,0.15
σωληναγωγών·,1,0.15
υφα·,1,0.15
επαναφόρτωσης,1,0.15
εκφορτώθηκαν,1,0.15
επαναφορτώθηκαν,1,0.15
αποθηκεύνω,1,0.15
15.10.2013,1,0.15
15.6.2013,1,0.15
φωνητικά,1,0.15
ακοινοποίητος,1,0.15
ενεργειακό,1,0.15
ώρες,1,0.15
κωδικός(-οί,1,0.15
αγοράς(-ών,1,0.15
απέδωσε,1,0.15
μεταπώλησε,1,0.15
δημοπράτη,1,0.15
εκχωρήθηκε,1,0.15
μεταπωλείται,1,0.15
διαιρετότητα,1,0.15
άγονος,1,0.15
1]τροποποιήσεις,1,0.15
2011–2011,1,0.15
84a,1,0.15
κόστους,1,0.15
84a.,1,0.15
ιστορικώς,1,0.15
καταγραφόμενου,1,0.15
–όχι,1,0.15
τρόφιμα–,1,0.15
κρατούντων,1,0.15
εξισορροπητικά,1,0.15
3]·,1,0.15
4]·να,1,0.15
οριζόμενης,1,0.15
black-out,1,0.15
2015/25,1,0.15
).άρθρο,1,0.15
2015/1196,1,0.15
2015/26,1,0.15
2015/1613,1,0.15
2015/31,1,0.15
εξεταζόταν,1,0.15
τροποιηθεί,1,0.15
δεύτερoς,1,0.15
αποσοβώντας,1,0.15
2015/2218,1,0.15
2015/38,1,0.15
επιχειρηματικής,1,0.15
αποδοχής,1,0.15
αποφάσισε,1,0.15
εναλλακτικούς,1,0.15
αναδιοργανωθεί,1,0.15
αδειοδοτημένο,1,0.15
2015/2040,1,0.15
αλμπέρτα·,1,0.15
κεμπέκ·,1,0.15
κολομβία·ς,1,0.15
aamf)·,1,0.15
απαλλασσόμενους,1,0.15
2015/2041,1,0.15
crédito,1,0.15
πράκτορα,1,0.15
πολυβρωμοδιφαινυλίων,1,0.15
hhe,1,0.15
πλαστικοποιημένου,1,0.15
ομοιογενών,1,0.15
φθαλικό,1,0.15
παιγνίδιο,1,0.15
εξαβρωμοκυκλοδωδεκανίου,1,0.15
δις(2-αιθυλεξυλίου,1,0.15
βενζυλίου,1,0.15
βουτυλίου,1,0.15
διβουτυλίου,1,0.15
αποθαρρύνομαι,1,0.15
κατηγορουμένος,1,0.15
χειρίζεται,1,0.15
καταγγείλω,1,0.15
φιλικοί,1,0.15
προσβάσεως,1,0.15
ακροάσεως,1,0.15
ειδικευμένα,1,0.15
εκπαιδευτεί,1,0.15
ανωνύμως·,1,0.15
ανάδραση,1,0.15
ηχογράφηση,1,0.15
αποζημίωσης·,1,0.15
καταγγέλλοντος,1,0.15
2015/948,1,0.15
2015/19,1,0.15
6].άρθρο,1,0.15
2015/1197,1,0.15
νομισματι-κού,1,0.15
ενεργητικο”ύ,1,0.15
μακροπρό-θεσμος,1,0.15
αναχρημα-τοδότηση,1,0.15
βραχυχρό-νιων,1,0.15
διαρθρωτι-κός,1,0.15
χρηματοδό-τησης,1,0.15
διακρατού-μενοι,1,0.15
αναπροσαρ-μογή,1,0.15
τραπεζο-γραμμάτια,1,0.15
αποθεματι-κός,1,0.15
πιστοποιητι-κά,1,0.15
λογαριασμοί”)·,1,0.15
προεισπρα-χθέντα,1,0.15
αυτόκλητων,1,0.15
συμφώνου·,1,0.15
νοσηλευτικός,1,0.15
πρωτογενέςς,1,0.15
δεκάδα,1,0.15
—ισχύει,1,0.15
υψώνω,1,0.15
αφαιρέστε,1,0.15
υπόλοιπο(-α,1,0.15
δανειο,1,0.15
δεσμευμένο,1,0.15
επιλογών,1,0.15
χρησίμευαν,1,0.15
εκτιμώμενα,1,0.15
ncf,1,0.15
διατεθέν,1,0.15
ο.,1,0.15
υποκαταστάσεων,1,0.15
είχε,1,0.15
συνοδευτικό,1,0.15
—μπορώ,1,0.15
α-δάνειο,1,0.15
αποθεματικά].,1,0.15
υφίσταται,1,0.15
τελευταίου(-ων,1,0.15
τροποποιημένο,1,0.15
βγήκε,1,0.15
διαχωρίστε,1,0.15
κωμόπολη,1,0.15
κλινής,1,0.15
δωματίων,1,0.15
εφαρμόστε,1,0.15
προπροηγούμενο,1,0.15
υπολογίσετε,1,0.15
νοι,1,0.15
ενοικιαστών,1,0.15
144a,1,0.15
144α,1,0.15
εννεαψήφιος,1,0.15
cedel,1,0.15
euroclear,1,0.15
κεφαλαιοποιηθέντες,1,0.15
καταληκτικόςς,1,0.15
αναγράφετε,1,0.15
επιτοκίου].,1,0.15
προφιλ,1,0.15
εξοφλησης,1,0.15
2-120].,1,0.15
εεεε-μμ,1,0.15
κεφαλαιοποιημένο,1,0.15
1-((1-περιοδικό,1,0.15
προπληρωμής)^αριθμός,1,0.15
issuer,1,0.15
spv,1,0.15
μεμονωμένο,1,0.15
—καπιταλιστικό,1,0.15
παρακαταθήκης—,1,0.15
διεγράφος,1,0.15
ενεργοπόιηση,1,0.15
προπληρωμές)·,1,0.15
ιδιοκτήτη·ς,1,0.15
γνώρισαν,1,0.15
εξαρτώνταν,1,0.15
στέρεψε,1,0.15
κατείχαν,1,0.15
υποχρεώω,1,0.15
αυτοτροφοδοτούμενος,1,0.15
υπο-επιπέδων,1,0.15
απεριόριστας,1,0.15
κληροδότημα,1,0.15
εμπόδισαν,1,0.15
φθάσουν,1,0.15
κατακερματιστεί,1,0.15
αποδυναμωθεί,1,0.15
έστελνε,1,0.15
2b.,1,0.15
συννομοθέτος,1,0.15
μικροεπιχείρηση,1,0.15
οεστ»)·,1,0.15
οσε»)·,1,0.15
ιδιοκτητών·,1,0.15
ρευστότητας%,1,0.15
βαθμίδες·,1,0.15
8·,1,0.15
διαδεδομένων,1,0.15
ρευστοποιούν,1,0.15
2β·,1,0.15
τελούν,1,0.15
εξυπηρέτησης·,1,0.15
αφερεγγυότητάς,1,0.15
δημιουργίας·,1,0.15
ποιότητα·,1,0.15
2014/17εε,1,0.15
τεκμηριωμένας,1,0.15
φερέγγυο·,1,0.15
αποδώνω,1,0.15
διαιρεμένος,1,0.15
πολλαπλασιαζόμενες,1,0.15
28·,1,0.15
υπεραναλήψεων·,1,0.15
πολλαπλασιάσουν,1,0.15
ιδιώτες·,1,0.15
διαδικτύου·,1,0.15
δέσμευσης·,1,0.15
εκροή·,1,0.15
σχέση·,1,0.15
υποπροϊόν,1,0.15
μεταχειριστεί,1,0.15
εκταμιεύσουν,1,0.15
δανειοληψίας·,1,0.15
εκροών·,1,0.15
sareb)·,1,0.15
a″,1,0.15
15/85,1,0.15
max((a,1,0.15
b″),1,0.15
40/60,1,0.15
παρατηρηθεισών,1,0.15
κοινοποιούμενους,1,0.15
ορθότερα,1,0.15
429β·,1,0.15
πτώχευσης·,1,0.15
διαχωρισμένα·,1,0.15
ταυτόσημο·,1,0.15
εξειδικευτούν,1,0.15
αλληλοδιασύνδεση,1,0.15
επανεκχωρούν,1,0.15
ανακεφαλαιοποιούνται,1,0.15
εξυγιαίνονται,1,0.15
2014/49/εε·,1,0.15
σακ,1,0.15
οφειλόμενης,1,0.15
σχηματίσει,1,0.15
αναβαθμονομούνται,1,0.15
10.10.2014,1,0.15
ετησιων,1,0.15
σημειογραφία,1,0.15
δείκτης·,1,0.15
αριθμώντας,1,0.15
διακριτού,1,0.15
1-1000,1,0.15
αποδοθέν,1,0.15
πρόσημος,1,0.15
ips,1,0.15
αναβαθμονομημένο,1,0.15
συνεισφορά»)·,1,0.15
wnj,1,0.15
97/836/eκς,1,0.15
μονότονη,1,0.15
απαιτούμενου(-ων,1,0.15
αποθέματος(-των,1,0.15
διεκπεραιώνεται,1,0.15
επιπέδου·,1,0.15
ερπυστριοφόρου,1,0.15
κυλιόμενου,1,0.15
ιμάντα·,1,0.15
περιβάλλει·,1,0.15
αμίαντο,1,0.15
στεγανοποιητικός,1,0.15
παρεμβλήματος,1,0.15
2.2.1.18.3,1,0.15
2.2.1.18.2,1,0.15
3.6,1,0.15
προσομοιωθεί,1,0.15
κατάντης,1,0.15
νεκρή,1,0.15
έμβολό(-ά,1,0.15
έμβολά,1,0.15
μοχλών-εκκέντρο,1,0.15
πεδών—,1,0.15
διαστασιολογηθεί,1,0.15
ασφαλέστερος,1,0.15
επηρεαζομένου,1,0.15
2.2.1.4.2,1,0.15
περνά,1,0.15
απαρατήρητος,1,0.15
πεδούμενα,1,0.15
1402:1994,1,0.15
λείανση,1,0.15
επιδόσεωνς,1,0.15
επανασυνδέει,1,0.15
ακουστικών,1,0.15
2.2.1.10.1,1,0.15
βυθισμένες,1,0.15
προειδοποιητική,1,0.15
μανόμετρου,1,0.15
2.2.1.4.1,1,0.15
επιλογέας,1,0.15
ακινητοποάιλω,1,0.15
2.2.1.18.4,1,0.15
αποτελούμαι,1,0.15
δεξία,1,0.15
στρίβω,1,0.15
2.2.1.16.1,1,0.15
3.6.2.1,1,0.15
τηρώνη,1,0.15
μεταδίδεται,1,0.15
αφαιρεθεί·,1,0.15
2.2.1.26.1.2,1,0.15
2.2.1.26.2.1,1,0.15
σύσφιγξη,1,0.15
υποδηλώζω,1,0.15
ομαλές,1,0.15
ελευθέρωσή,1,0.15
2.2.1.28.2,1,0.15
2600,1,0.15
2.2.1.29.1,1,0.15
2.2.1.29.6.3,1,0.15
συζευγμένο,1,0.15
2.2.2.15.2,1,0.15
λειτουργία)·,1,0.15
αναβοσβήνει,1,0.15
σβήζω,1,0.15
σταθμευμένο·,1,0.15
2.2.2.3,1,0.15
s2a,1,0.15
συμμετρικώς,1,0.15
n.,1,0.15
επανατροφοδότηση,1,0.15
αποσυνδέομαι,1,0.15
2.2.3.2,1,0.15
2.2.1.18.9,1,0.15
2.2.1.18.6,1,0.15
επανέρχομαι,1,0.15
διάμετροι,1,0.15
2.2.1.29.4,1,0.15
7638:2003·,1,0.15
άξονάς,1,0.15
ve,1,0.15
απόστασης·,1,0.15
ποδοκίνητα,1,0.15
r2b,1,0.15
s2bς,1,0.15
βυθιόμενσς,1,0.15
ελαιοδοχείου,1,0.15
αποσυμπλεχθούν,1,0.15
ρόδα,1,0.15
αποσυμπλεγμένος,1,0.15
0·,1,0.15
zr,1,0.15
δt,1,0.15
συμπλεγμένος,1,0.15
υπερπολλαπλασιασμός,1,0.15
χειρός)·,1,0.15
εκκινώντας,1,0.15
dm+r,1,0.15
τυμπάνου)·,1,0.15
βυθισμένων,1,0.15
3.1.3.4.1.2,1,0.15
περιστρέφω,1,0.15
στάσιμος,1,0.15
3.1.1.2,1,0.15
μετάδοσή,1,0.15
εφοδιάζεται,1,0.15
3.2.2.1,1,0.15
3.1.3.3,1,0.15
4.5.1,1,0.15
πιέσεως,1,0.15
εφοδιασμένους,1,0.15
2.2.1.17.2.1,1,0.15
τροφοδότησης·,1,0.15
1000±,1,0.15
5676:1983,1,0.15
500±,1,0.15
2200±,1,0.15
100±,1,0.15
11500±,1,0.15
140±,1,0.15
δύσκαμπτο,1,0.15
εξαερώνονται,1,0.15
επαναπληρώνεται,1,0.15
6.4.2.2.24,1,0.15
60±,1,0.15
10w30,1,0.15
5.3.6,1,0.15
αεροφρενα,1,0.15
αεροφυλάκιος,1,0.15
p1·,1,0.15
kpa/100,1,0.15
αεροφυλακίου(-ων,1,0.15
p2είναι,1,0.15
κενού·,1,0.15
στο(-α,1,0.15
βραδυπορεία·,1,0.15
τόνους,1,0.15
αποθηκευμενη,1,0.15
αναπληρώνεται(-ομαι,1,0.15
ανατροφοδοτείται,1,0.15
pr1,1,0.15
ελατηρίος,1,0.15
κουμπί,1,0.15
ελευθερωθεί,1,0.15
5.·,1,0.15
διάστημα)·,1,0.15
ενεργοποιηθεί,1,0.15
καταπονούνται,1,0.15
πίεση—,1,0.15
βοηθητικό,1,0.15
επιρρεπός,1,0.15
κλειδιού,1,0.15
βάκτρος,1,0.15
εκμηδενίζω,1,0.15
πανομοιότυπο(-οι,1,0.15
μηχανόφρενο,1,0.15
σταθεροποιήζω,1,0.15
χρησιμοποιούμενες,1,0.15
πεδηθεί,1,0.15
πεδώ,1,0.15
πεδήζω,1,0.15
κύλισης·,1,0.15
τετμημένων,1,0.15
σύρω,1,0.15
αδράνειας·,1,0.15
ηh,1,0.15
s′,1,0.15
μετατοπισθεί,1,0.15
ακίνητη·,1,0.15
τροχοπέδης,1,0.15
εκτάσεως,1,0.15
2r,1,0.15
β*,1,0.15
ra,1,0.15
6.2.1)·,1,0.15
τεχνικού,1,0.15
υγρούς,1,0.15
gbo)·,1,0.15
μετάδοσης)·,1,0.15
scf,1,0.15
σιαγόνας·,1,0.15
βλήτρος,1,0.15
αρθρώση,1,0.15
αυτολιπαινόμενες,1,0.15
ενσφηνώνεται,1,0.15
αποσύμπλεξη,1,0.15
οπισθοχωρώ,1,0.15
λιπαίνομαι,1,0.15
αυτολιπαινόμενα,1,0.15
τριβόμενος,1,0.15
προξενεί,1,0.15
κόλλημα,1,0.15
ολισθαινόντων,1,0.15
s′·,1,0.15
κ·,1,0.15
έλκουσα,1,0.15
p′,1,0.15
fhz,1,0.15
s″hz,1,0.15
pop,1,0.15
mtop,1,0.15
pop_max,1,0.15
2sb*·,1,0.15
2sb,1,0.15
m*·,1,0.15
rr,1,0.15
ig′,1,0.15
r′,1,0.15
r′r,1,0.15
προσομοιούμενος,1,0.15
βαθιές,1,0.15
αντισταθμιστήρας,1,0.15
ηh1,1,0.15
πολυαξονικός,1,0.15
s′.,1,0.15
μονοαξονικά,1,0.15
so·,1,0.15
s″.,1,0.15
ih,1,0.15
αυτοδιεγειρόμενος,1,0.15
ταλαντώσεις,1,0.15
6.3.1.1·,1,0.15
6.3.1.2·,1,0.15
λεβιέςς,1,0.15
τριβής»·,1,0.15
απεμπλοκής,1,0.15
",8",1,0.15
2.2.1.29,1,0.15
-εις,1,0.15
2.2.1.1,1,0.15
"0,15v",1,0.15
νεκρά,1,0.15
13.11.2010,1,0.15
διαμορφωτή·,1,0.15
δύναμη(-εις,1,0.15
τροχού(-ών)·,1,0.15
ακινητοποίησης·,1,0.15
ανιχνεώνυ,1,0.15
ξεπεράζω,1,0.15
ηλεκτρικώς,1,0.15
μαγνητικό(-ά,1,0.15
ηλεκτρικό(-ά,1,0.15
πεδίο(-α,1,0.15
επανασυνδέω,1,0.15
14200,1,0.15
6.1.4,1,0.15
διάταξης(-ων,1,0.15
οδοστρώματος,1,0.15
5.1.1.4,1,0.15
5.1.1,1,0.15
5.1.1.5,1,0.15
zal,1,0.15
δύναμή,1,0.15
δεξιός,1,0.15
5.3.4ς,1,0.15
εμπλοκές,1,0.15
υπέρκειται,1,0.15
καλού,1,0.15
στίβου,1,0.15
τροφοδοτείται(-ούνται,1,0.15
δεξαμενή(-εςς,1,0.15
επόμενης(-ων,1,0.15
φάσης(-εων,1,0.15
δεξαμενή(-ες,1,0.15
ακόλουθη(-ες,1,0.15
φάση(-εις,1,0.15
zral,1,0.15
kr.,1,0.15
δεξιοί,1,0.15
καιzralh,1,0.15
11992-1,1,0.15
7638-2:2003,1,0.15
7638,1,0.15
ερμηνευτούν,1,0.15
4.2.3,1,0.15
2.2.1.17.3.2,1,0.15
5.1.1.2,1,0.15
2.2.1.17.2.2,1,0.15
διαρραγεί,1,0.15
14000,1,0.15
3.10,1,0.15
εσωτερικής,1,0.15
εμβόλου·,1,0.15
αυτόματου,1,0.15
2.2.2.15.1,1,0.15
δυσλειτουργίες)·,1,0.15
mph,1,0.15
tf,1,0.15
γράφημα,1,0.15
αεροφυλακίου,1,0.15
cm3,1,0.15
"0,38",1,0.15
προειδοποιείται,1,0.15
πέδη·,1,0.15
τροχό·,1,0.15
μετατόπιση·,1,0.15
πέδηση·,1,0.15
αδύνατη·,1,0.15
προσπελάσιμα·,1,0.15
ανοιχθούν,1,0.15
σπάσουν,1,0.15
δευτερολέπτων·,1,0.15
αυξηθεί·,1,0.15
έλκομαι,1,0.15
αναπληρώνονται·,1,0.15
τροφοδοτείται(-ούνται)·,1,0.15
διακόπτεται·,1,0.15
απομονώνεται·,1,0.15
πέδη(-ες,1,0.15
έκτασης·,1,0.15
δισκόφρενο,1,0.15
εμβόλου(-ων,1,0.15
δίσκου·,1,0.15
περικάλυμμα,1,0.15
bowden)·,1,0.15
αντλιών,1,0.15
μεταβεβλημένο,1,0.15
ένδειξης·,1,0.15
2.1.4.1.2,1,0.15
πίεση)·,1,0.15
2.2.1.29.1.1·,1,0.15
xvi·,1,0.15
επανενεχυριάσει,1,0.15
παρακρατηθείσες,1,0.15
κεππα,1,0.15
2015/102,1,0.15
στρατιωτική,1,0.15
haggren,1,0.15
12.11.2008,1,0.15
δυνάμεων,1,0.15
26.7.2014,1,0.15
2015/103,1,0.15
βουλγαρική,1,0.15
352/78,1,0.15
165/94,1,0.15
2799/98,1,0.15
814/2000,1,0.15
485/2008,1,0.15
11.8.2005,1,0.15
εφαπαξ,1,0.15
γεωμήλος,1,0.15
αναδασμός,1,0.15
αλπικός,1,0.15
δειγματοληψιών,1,0.15
εκτάσεων,1,0.15
αποσυνδεδεμένες,1,0.15
αμπελώνος,1,0.15
άγρια,1,0.15
πτηνά,1,0.15
επιεικής,1,0.15
βοοειδή,1,0.15
σπορά,1,0.15
σιλό,1,0.15
ελλιπείςς,1,0.15
προαναγνωρισμένες,1,0.15
προαναγνώρισης,1,0.15
γαλακτοκομικός,1,0.15
γάλακτος,1,0.15
lt,1,0.15
αγροτεμαχίων,1,0.15
γεωργοπεριβαλλοντικός,1,0.15
εγτπε,1,0.15
μ312,1,0.15
μ322,1,0.15
παρεκταση,1,0.15
καθυστερημένοι,1,0.15
ενεργειακώςς,1,0.15
υδρογονάνθρακα,1,0.15
πτητικών,1,0.15
φιλόδοξων,1,0.15
όζοντος,1,0.15
αλληλοεπικαλύψεων,1,0.15
εκπεμπόμενοι,1,0.15
σωματιδιακοί,1,0.15
ρύποι,1,0.15
εξατμίσεις·,1,0.15
οποίας(-ου,1,0.15
εκπεμπόμενων,1,0.15
απελευθέρωσή,1,0.15
κινητήρες·,1,0.15
καυσαερίων·,1,0.15
καινούριος,1,0.15
1.3.2.4,1,0.15
2018].,1,0.15
kae,1,0.15
υπερτροφοδότηση,1,0.15
θυρίδος,1,0.15
αναγωγικός,1,0.15
αντιδραστήρας,1,0.15
μικρόφωνων,1,0.15
61260:1995,1,0.15
αθόρυβος,1,0.15
ανέμος,1,0.15
ηχοστάθμης].,1,0.15
εξωτερικής,1,0.15
αίθριο,1,0.15
μεγίστη,1,0.15
τρεις,1,0.15
προδιαγραφέντων,1,0.15
κυλινδροφόρος,1,0.15
ταχυμέτρος,1,0.15
αναγνώσεις,1,0.15
αέρια·ς,1,0.15
σιγαστήρα·,1,0.15
εμπορευόταν,1,0.15
δασικο,1,0.15
επιτροπής]»·,1,0.15
πεταλούδα,1,0.15
τέρματος,1,0.15
παρατείνονται,1,0.15
επιστρωμένος,1,0.15
σκυρόδεμα,1,0.15
άσφαλτο,1,0.15
φρέσκος,1,0.15
χλόη,1,0.15
στάχτη,1,0.15
2015/628,1,0.15
συνήθειάς,1,0.15
κοσμημάτων,1,0.15
ορείχαλκου,1,0.15
γραφή,1,0.15
κλειδαριές,1,0.15
λουκέτα,1,0.15
αντικείμενα,1,0.15
απόθεμάς,1,0.15
αποσπώμενο,1,0.15
69/493/εοκ·,1,0.15
ανακατασκευασμένος,1,0.15
πολύτιμους,1,0.15
υαλοποιούνται,1,0.15
υαλοποίηση,1,0.15
πυροσυσσωμάτωση,1,0.15
λουκέτων·,1,0.15
μουσικά,1,0.15
γραφής·,1,0.15
είδη·,1,0.15
94/62/εκ·,1,0.15
1935/2004·,1,0.15
ψευδαργύρου-άνθρακα,1,0.15
κομβιόσχημα,1,0.15
μπαταρίες·ς,1,0.15
υποχρεώσων,1,0.15
αλληλένδετα,1,0.15
νομότυπης,1,0.15
παρέχoυν,1,0.15
28.2.2015,1,0.15
1011//2012,1,0.15
4]νοικοκυριά,1,0.15
s.128+s.129,1,0.15
6]μη,1,0.15
8]μη,1,0.15
αύριο,1,0.15
ενιαίων,1,0.15
emek,1,0.15
προνοιακός,1,0.15
χειρόγραφο,1,0.15
κάβες,1,0.15
αεροδρόμιο,1,0.15
ηλεκτροπαροχής,1,0.15
άρδευση,1,0.15
αφανής,1,0.15
επενδύον,1,0.15
πραγμάτωση,1,0.15
αναλαμβάνομαι,1,0.15
δεσμεύσουν,1,0.15
ελκυστικά,1,0.15
εκκλησία,1,0.15
εγγραφό,1,0.15
ανθρώπινοι,1,0.15
οιονείς,1,0.15
παιδεία,1,0.15
19]·18,1,0.15
eusef·,1,0.15
εξαγορών·,1,0.15
έλλειψης,1,0.15
δεδηλωμένος,1,0.15
αγοραστές·,1,0.15
μακροπρόθεσμο·,1,0.15
φυλασσόμενος,1,0.15
ενεχυριασμός,1,0.15
καθησυχαστούν,1,0.15
σκιώδη,1,0.15
καλάθια,1,0.15
διευθετείται,1,0.15
μεταβλητότητα·,1,0.15
συνετά,1,0.15
15δ·,1,0.15
structure-based,1,0.15
15ζ,1,0.15
ομάδα”)·,1,0.15
κατηγορίας1,1,0.15
ευαίσθητου,1,0.15
χρησιμοποιηθεισών,1,0.15
κατάγω,1,0.15
ενημερωσης,1,0.15
ερευνας,1,0.15
προωθούνται,1,0.15
διαμορφώνονταν,1,0.15
ελαττώσει,1,0.15
εισαγωγων,1,0.15
ενωσιακά,1,0.15
επανεισαχθεί,1,0.15
χρησιμοποίησης·,1,0.15
επανεισαχθεί·,1,0.15
επανεισαγόμενος,1,0.15
3036/94,1,0.15
διατυπώσεων·,1,0.15
δασμολόγιο,1,0.15
7.9.1987,1,0.15
15.12.1994,1,0.15
ντάμπινγκ,1,0.15
ενδύματο,1,0.15
slacks)·,1,0.15
ακρυλικός,1,0.15
αγόριο,1,0.15
κόμπους,1,0.15
δαντέλες,1,0.15
γαντοποιίας,1,0.15
πλεκτικός,1,0.15
μωρά,1,0.15
χάρτινη,1,0.15
υφαντά,1,0.15
χοντροειδείς,1,0.15
νηματοποιημένος,1,0.15
ib,1,0.15
iib,1,0.15
κλω-στοϋφαντουργικός,1,0.15
δασμολογητέα,1,0.15
κα-θαρή,1,0.15
χορηγηθεισες,1,0.15
καταχωρισθείσα,1,0.15
αποσπάσμα-τος,1,0.15
αριθμητικώς,1,0.15
χο-ρηγηθείσα,1,0.15
1470/94,1,0.15
28.6.1994,1,0.15
1756/94,1,0.15
19.7.1994,1,0.15
2612/94,1,0.15
28.10.1994,1,0.15
2798/94,1,0.15
18.11.1994,1,0.15
2980/94,1,0.15
8.12.1994,1,0.15
1325/95,1,0.15
13.6.1995,1,0.15
29.3.1996,1,0.15
1476/96,1,0.15
27.7.1996,1,0.15
1937/96,1,0.15
9.10.1996,1,0.15
1457/97,1,0.15
2.12.1999,1,0.15
2878/2000,1,0.15
29.12.2000,1,0.15
2245/2001,1,0.15
20.11.2001,1,0.15
888/2002,1,0.15
4.6.2002,1,0.15
1309/2002,1,0.15
20.7.2002,1,0.15
1437/2003,1,0.15
13.8.2003,1,0.15
1484/2003,1,0.15
22.8.2003,1,0.15
2309/2003,1,0.15
30.12.2003,1,0.15
29.10.2004,1,0.15
931/2005,1,0.15
23.6.2005,1,0.15
1786/2006,1,0.15
1260/2009,1,0.15
10.6.2013,1,0.15
21.1.2014,1,0.15
146β,1,0.15
146γ,1,0.15
59061000,1,0.15
59069990,1,0.15
μεταβολώ,1,0.15
ama,1,0.15
θυγατρικό,1,0.15
μεταβολής·,1,0.15
προσομοιώσεων·,1,0.15
yes,1,0.15
κεφαλαιακeς,1,0.15
ανοιγμaτων,1,0.15
αντικυκλικοy,1,0.15
ειδικa,1,0.15
κεφaλαια,1,0.15
προσεγγiσεις,1,0.15
δομh,1,0.15
κανoνες,1,0.15
χρhσης,1,0.15
προσhμου,1,0.15
οντοτhτων,1,0.15
αντισυμβαλλομeνου,1,0.15
κινδyνους,1,0.15
διαπραγματεύσιμους,1,0.15
εσωτερικo,1,0.15
αμa,1,0.15
μεταβατικες,1,0.15
250-400·,1,0.15
410-480·,1,0.15
070-240·,1,0.15
360-400·,1,0.15
050-060·,1,0.15
070-080·,1,0.15
hfx)*(t,1,0.15
040-080·,1,0.15
040-050·,1,0.15
μετοχeς,1,0.15
προσαρμοσμενες,1,0.15
010-030·,1,0.15
ζημiες,1,0.15
ανa,1,0.15
κατηγορiα,1,0.15
γεγονoτος,1,0.15
προηγοyμενο,1,0.15
-020,1,0.15
010-350·,1,0.15
a(β,1,0.15
2]·ε,1,0.15
4]·ζ,1,0.15
απαιτήσεις”·,1,0.15
προiον,1,0.15
εγγυήσεις”·,1,0.15
χρηματοοικονομικeς,1,0.15
πεδiου,1,0.15
πλαισiου,1,0.15
υλικa,1,0.15
υποκεiμενα,1,0.15
φyλαξη,1,0.15
aλλες,1,0.15
παροχhς,1,0.15
πώληση”·,1,0.15
μeτρησης,1,0.15
προβλeψεις,1,0.15
προγρaμματα,1,0.15
καθορισμeνων,1,0.15
παροχeς,1,0.15
εργαζομeνους,1,0.15
αποτελεσμaτων,1,0.15
-)προσαρμογές,1,0.15
-)ανοίγματα,1,0.15
επiπεδο,1,0.15
αναλογικoτητα,1,0.15
επισκoπηση,1,0.15
εκδoθηκαν,1,0.15
ακoμη,1,0.15
ομολoγων,1,0.15
σyνθετα,1,0.15
150-210·,1,0.15
190-210·,1,0.15
010-300·,1,0.15
100-110·,1,0.15
150-180·,1,0.15
220-260·,1,0.15
070-090·,1,0.15
150-170·,1,0.15
060-090·,1,0.15
080-090·,1,0.15
130-160·,1,0.15
200-320·,1,0.15
040-090·ς,1,0.15
100-150·,1,0.15
180-230·,1,0.15
240-290·,1,0.15
310-360·,1,0.15
370-420·,1,0.15
080-100·,1,0.15
120-130·,1,0.15
230-300·,1,0.15
230-250·,1,0.15
310-400·,1,0.15
310-330·,1,0.15
340-360·,1,0.15
370-400·,1,0.15
020-200·,1,0.15
030-050·,1,0.15
060-080·,1,0.15
090-110·,1,0.15
050-070·,1,0.15
020-030·,1,0.15
100-120·,1,0.15
130-480·,1,0.15
100-140·,1,0.15
χρήσης”·,1,0.15
290-320·,1,0.15
αξίας”)·,1,0.15
χώρα:001,1,0.15
01x,1,0.15
2015/1604,1,0.15
αποδεκτών,1,0.15
31.10.2004,1,0.15
έληγε,1,0.15
βουλγαρικής,1,0.15
μαλτέζικης,1,0.15
συμφέροντος·»·,1,0.15
υποκατασταθούν,1,0.15
κανονικοποιημένου,1,0.15
κανονικοποιημένο,1,0.15
2015/2105,1,0.15
91/414/εοκ,1,0.15
συμμορφώθηκε,1,0.15
24.11.2009,1,0.15
11.6.2011,1,0.15
αιθυλ,1,0.15
"τριφθορο-2,6-",1,0.15
δινιτρο-π,1,0.15
νιτροζαμίνη,1,0.15
νιτροδο-διμεθυλαμίνη,1,0.15
προσαρτήματάς,1,0.15
κλιματικά,1,0.15
φυτοφάγος,1,0.15
θηλαστικά·ς,1,0.15
κλίμακα)·,1,0.15
επιβεβαιωμένες,1,0.15
2014·12(10):3816,1,0.15
συνεχεια,1,0.15
517/94,1,0.15
19.11.2014,1,0.15
№,1,0.15
тел,1,0.15
29407673/+359,1,0.15
факс,1,0.15
fax,1,0.15
28046,1,0.15
barbès,1,0.15
00144,1,0.15
+36,1,0.15
00-507,1,0.15
warszawa,1,0.15
1218813843,1,0.15
1218813986,1,0.15
дирекция,1,0.15
регистриране,1,0.15
2449,1,0.15
gospodarki,1,0.15
70664658,1,0.15
70664808,1,0.15
td30,1,0.15
victoriei,1,0.15
nr.152,1,0.15
tullen,1,0.15
ilb,1,0.15
enquiries.ilb@bis.gsi.gov.uk,1,0.15
νεπέρειος,1,0.15
λογαρίθμος,1,0.15
"1,265",1,0.15
στερλίνας,1,0.15
2015/2204,1,0.15
teheran,1,0.15
iran,1,0.15
ioec,1,0.15
πετρελαϊκός,1,0.15
επιμελητεία,1,0.15
βεληνεκούς,1,0.15
αιο,1,0.15
ομαδοποιημένους,1,0.15
νύκτας,1,0.15
διεταιρικός,1,0.15
αντεκχώρησης·ς,1,0.15
ακολουθώντας,1,0.15
νοκ,1,0.15
εμπόδισε,1,0.15
εξαπλώνω,1,0.15
υποδείχω,1,0.15
επιδείνωνε,1,0.15
αλυσίδων,1,0.15
ανταποκρινόμενα,1,0.15
μικροεπίπεδο,1,0.15
εισαχθούν,1,0.15
κακοδιοίκηση,1,0.15
συνειδητά,1,0.15
προσαρμόω,1,0.15
κεκτημένο,1,0.15
ekt,1,0.15
ειδής,1,0.15
ακολουθοόμενυς,1,0.15
αναζητώντας,1,0.15
ενισχυτικός,1,0.15
τοποθεσίας·,1,0.15
συμπεραίνεται,1,0.15
σχτ»)·,1,0.15
προσωπικότητα·,1,0.15
αγοράζει·,1,0.15
άληκτα,1,0.15
επαναχρησιμοποίηση·,1,0.15
εξαγοράς·,1,0.15
εφικτού,1,0.15
ταυτοποιητή,1,0.15
αρχειου,1,0.15
εατ»)·,1,0.15
εααες»)·,1,0.15
2002/47/εκ·,1,0.15
—έγγραφη,1,0.15
ισοδύναμη—,1,0.15
παρεχόντος,1,0.15
χώρες,1,0.15
εκκινήνω,1,0.15
παράβασης·ς,1,0.15
άδικης,1,0.15
διακύβευε,1,0.15
αναβολής·,1,0.15
αύξησης·,1,0.15
ασκούσα,1,0.15
76·,1,0.15
πράξεως,1,0.15
26.9.2014,1,0.15
19.8.2014,1,0.15
20.9.2014,1,0.15
δανείσιμων,1,0.15
—κατανεμημένα,1,0.15
εισπραχθείσας,1,0.15
αυτοεπιβαλλόμενας,1,0.15
εμποδίζοντάς,1,0.15
6δ,1,0.15
6ε,1,0.15
2016/1269,1,0.15
2016/2206,1,0.15
1361,1,0.15
2017/279,1,0.15
εφαρμοστέων,1,0.15
αμοιβαία”·,1,0.15
31βββ,1,0.15
31ββγ,1,0.15
31ββε,1,0.15
0514,1,0.15
31θς,1,0.15
2017/281,1,0.15
εζες.”·,1,0.15
0097,1,0.15
0919,1,0.15
826/2012,1,0.15
2017/282,1,0.15
31εβστ,1,0.15
0246,1,0.15
31εβζς,1,0.15
0248,1,0.15
0272,1,0.15
31εβια,1,0.15
0446,1,0.15
31εβιδ,1,0.15
0449,1,0.15
31εβιε,1,0.15
υποβάλλλω,1,0.15
447/2012,1,0.15
2017/283,1,0.15
επιλαμβάνεται,1,0.15
1/94,1,0.15
30.3.1994,1,0.15
επιθεωρήσεις.”·,1,0.15
παραγράφου.”·,1,0.15
"εζες,”·",1,0.15
δικαστηρίου,1,0.15
καθήκοντα”·,1,0.15
πληροφοριών”·,1,0.15
πληρωμής.”·,1,0.15
επιτροπή”·,1,0.15
πρότυπα”·,1,0.15
2017/522,1,0.15
θυγατρική·5,1,0.15
f.3)·,1,0.15
νομότυπος,1,0.15
παρεκκλίση,1,0.15
μη-χρηματοοικονομικός,1,0.15
f.521)·ς,1,0.15
1])·,1,0.15
αποκήρυξη,1,0.15
καταγεγραμμένο,1,0.15
πλήρη·,1,0.15
2014/32,1,0.15
2014/35,1,0.15
2012/27,1,0.15
αυτοματοποιημένου,1,0.15
αποτυπώνεται,1,0.15
2014/34,1,0.15
29.8.2014,1,0.15
αυτών—ς,1,0.15
διαχειριστικη,1,0.15
επενδυσεων]/[ευρωπαϊκη,1,0.15
επενδύσεων]/της,1,0.15
διεξήγαν,1,0.15
μμε»)·,1,0.15
κκδ»)·,1,0.15
πρόγραμμα-πλαίσιο,1,0.15
καινοτομίας·,1,0.15
χρεοπαγή,1,0.15
αντιστοιχεί(-ώ,1,0.15
c(2014)[•ς,1,0.15
ετεπ·,1,0.15
υλοποιείται(-ούνται,1,0.15
ενισχύσεις·,1,0.15
1407/2013,1,0.15
εταε]·,1,0.15
απέναντί,1,0.15
λουξεμβούργο·,1,0.15
entr,1,0.15
κκδ·,1,0.15
συμβατικά]·,1,0.15
μικροχρηματοπιστωτικός,1,0.15
υπομεσάζοντες·,1,0.15
966/2012,1,0.15
καιρόν·«ανωτέρα,1,0.15
απεργία,1,0.15
καιρού,1,0.15
καιρόν·,1,0.15
δράση·,1,0.15
4.6·,1,0.15
λογαριασμού(-ών,1,0.15
νοείται(-ούνται,1,0.15
συνάπτεται(-ονται,1,0.15
11.3·,1,0.15
αποδεσμευμένες,1,0.15
ανακτώνται,1,0.15
10]·«πρωτοβουλία,1,0.15
25.5·,1,0.15
ενικός,1,0.15
πληθυντικός,1,0.15
εκατ./-α,1,0.15
δύναται(-νται,1,0.15
υποστηρίξει(-ω,1,0.15
δασοκομικός,1,0.15
διέπει(-ουν,1,0.15
θυρίδα(-ές,1,0.15
καλύπτει(-ω,1,0.15
•][οι,1,0.15
συμβατικά]].,1,0.15
•].,1,0.15
κάποια(-ες,1,0.15
εγγύτερη,1,0.15
εε].,1,0.15
διαμάχα,1,0.15
θυρίδας(-ων)]·ς,1,0.15
ειδική(-ες,1,0.15
2020].,1,0.15
δίνοντάς,1,0.15
μεγαλύτερη·,1,0.15
καθήκοντα].,1,0.15
αντίστοιχη(-ες,1,0.15
φορά(-ές,1,0.15
αυτήν(-ές,1,0.15
λογαριασμό(-ους,1,0.15
χρησιμοποιείται(-ούνται,1,0.15
προσυμφωνηθένς,1,0.15
πιστώνεται(-νται,1,0.15
επιστροφές·,1,0.15
χρεώνεται(-νται,1,0.15
έγγραφα].,1,0.15
14.7,1,0.15
αμείβει,1,0.15
ξεχωριστό(-ός,1,0.15
ipsas,1,0.15
προερχόμενης,1,0.15
δράση)·,1,0.15
ειδικής(-ές,1,0.15
λογαριασμό(ός,1,0.15
αντικατοπτρίζεται,1,0.15
15.4,1,0.15
η(οι,1,0.15
προβάλλει(-ω,1,0.15
του(της,1,0.15
δημιουργήθηκε(-αν,1,0.15
αναρτάται,1,0.15
25.5,1,0.15
παραταείνεται,1,0.15
8.2·,1,0.15
χρηματοδότησης].,1,0.15
επιστρεφόμενος,1,0.15
υπογεγραμμένο,1,0.15
εγγύησης,1,0.15
υπομεσάζων,1,0.15
συνεγγυήσεων,1,0.15
συγκεντρώνοντάς,1,0.15
εναπομείνανς,1,0.15
υπο-τμήματα,1,0.15
20.6.2008,1,0.15
25].,1,0.15
χαρτοφυλάκιο)/ληκτότητος,1,0.15
εκλεξιμότητας,1,0.15
βιωσιμότητα·,1,0.15
1302/2008·,1,0.15
κλωνοποίηση,1,0.15
αναπαραγωγής)·,1,0.15
απεσταγμένων,1,0.15
αλκοολούχος,1,0.15
καζίνο,1,0.15
τυχερός,1,0.15
καζίνο·,1,0.15
πορνογραφία,1,0.15
πορνεία·,1,0.15
σημασίας·,1,0.15
20.12.2008,1,0.15
επιλεξιμότητας·δ,1,0.15
ενισχύσεων·ε,1,0.15
εταε·στ,1,0.15
εταε·ζ,1,0.15
υλικό·η,1,0.15
περιελήφθη,1,0.15
αντικατοπτριστούν,1,0.15
χρεόγραφος,1,0.15
6.2.1.5,1,0.15
παρέκκλισης—,1,0.15
συμβατοί,1,0.15
συνεργατής,1,0.15
υποθεματοφύλακα·,1,0.15
αλλοδαπότητας,1,0.15
συμβουλίων·,1,0.15
ασφαλειολήπτος,1,0.15
διασυνοριακή·,1,0.15
καταλογιστέα,1,0.15
στελεχωμένες,1,0.15
συσχέτισης·,1,0.15
προαναφερομένων,1,0.15
λογιστικώς,1,0.15
πραγματοποιηθούν·,1,0.15
υποθεματοφύλακας,1,0.15
επαναλειτουργώ,1,0.15
εδραιωμένος,1,0.15
δημοσιοποιεί,1,0.15
εκπτωτικός,1,0.15
τιμολογούμενων,1,0.15
συνεχόμενες,1,0.15
πλακών,1,0.15
προβεβλημένος,1,0.15
κυλήζω,1,0.15
λογοτύπων,1,0.15
αποθηκευσης,1,0.15
αλλοιωθεί,1,0.15
πυρανίχνευση,1,0.15
πειρατής,1,0.15
αλήθεια,1,0.15
επδ,1,0.15
8.3.2014,1,0.15
στηρίζει/-ω,1,0.15
θεματικός/-οί,1,0.15
αναφέρεται/-ω,1,0.15
οποίος/-οι,1,0.15
στηρίζεται/-ονται,1,0.15
οργανώνεται,1,0.15
μικροδάνεια,1,0.15
νεολαία,1,0.15
yei,1,0.15
συγχχρηματοδότηση,1,0.15
αξία-στόχος,1,0.15
θυρεου,1,0.15
1/18,1,0.15
διατεταγμένος,1,0.15
αστεριών,1,0.15
χρωματα,1,0.15
τετραχρωμια,1,0.15
διαδικτυο,1,0.15
0/51/153,1,0.15
αρμόζοντα,1,0.15
2016/228,1,0.15
αντιτεθεί,1,0.15
φύσει,1,0.15
διεξαχθείσας,1,0.15
νότια,1,0.15
2016/309,1,0.15
εξαρτημένων,1,0.15
φιλοκυκλικά,1,0.15
αντασφαλιστικοί,1,0.15
διπλή,1,0.15
2016/310,1,0.15
αντασφαλίση,1,0.15
εξέθεσε,1,0.15
ασχολούνταν,1,0.15
επανεκτιμηθώ,1,0.15
σπφ,1,0.15
εκφραζόμενοι,1,0.15
εξαμηνιαίες,1,0.15
πρόσκαιρη,1,0.15
5b(c)(2,1,0.15
39.42,1,0.15
ρυθμίσεων,1,0.15
sidco,1,0.15
39.39,1,0.15
σογιέλαιο,1,0.15
σογιάλευρος,1,0.15
2(i,1,0.15
2016/1073,1,0.15
επιμελητηρίου,1,0.15
6b,1,0.15
6c(a,1,0.15
trueex,1,0.15
8a(9,1,0.15
τροποποιούνταν,1,0.15
2016/2270,1,0.15
2016/2271,1,0.15
forestry,1,0.15
trade,1,0.15
αυτορύθμισής,1,0.15
2016/2272,1,0.15
τριεπίπεδος,1,0.15
επαρχιακός,1,0.15
ni,1,0.15
κυβερνήτης,1,0.15
ctco—,1,0.15
αναλάβουν,1,0.15
081,1,0.15
επιτροπά,1,0.15
συμπληρώνονται,1,0.15
εκτελεστοί,1,0.15
δι',1,0.15
157r,1,0.15
φερόες,1,0.15
νήσους,1,0.15
2016/585,1,0.15
πολυβρωμοδιφαινυλαιθέρας,1,0.15
μικροσκοπίο,1,0.15
υπερσκελίζουν,1,0.15
μικροσκοπίων,1,0.15
χρονολογώ,1,0.15
μετατίθενται,1,0.15
απεναντία,1,0.15
στερηθούν,1,0.15
πρόνοιας,1,0.15
τριγωνικός,1,0.15
προστατευμένα,1,0.15
σωρευμένων,1,0.15
ατζέντα,1,0.15
αντιληπτά,1,0.15
γραφειοκρατικός,1,0.15
γνώσεω,1,0.15
ισόβια,1,0.15
987/2009,1,0.15
μακροζωία·,1,0.15
τιμωρηθούν,1,0.15
προστατευμένα·,1,0.15
αποκλίσεων·,1,0.15
ολικό·,1,0.15
διαχειριζόμενων,1,0.15
ανειλημμένος,1,0.15
μερισμάτων·,1,0.15
αποθεματοποιημένων,1,0.15
εκκρεμούντων,1,0.15
χρεών·,1,0.15
ασφάλιστρο·,1,0.15
αποσβεσθέντων,1,0.15
πρόσκαιρες,1,0.15
αντασφάλιστρων,1,0.15
εκδοχέος,1,0.15
αντεκδοχέας,1,0.15
αντεκχωρήσεων,1,0.15
κλεισθείση,1,0.15
διεπουν,1,0.15
ένορκες,1,0.15
συμβολαιογράφου,1,0.15
ένορκη,1,0.15
υπηκόου,1,0.15
αυτοενοχοποίηση,1,0.15
διαχειρίζονται,1,0.15
αλληλεξαρτήσεών,1,0.15
αναλογιστική,1,0.15
προθεσμιών·,1,0.15
υποψηφια,1,0.15
δικαιουχους,1,0.15
συνταγμένες,1,0.15
καθομιλουμένης·,1,0.15
λεξιλόγιο,1,0.15
περιεχόμενο·,1,0.15
ευανάγνωστο·,1,0.15
δικαιούχοι·,1,0.15
προληπτικη,1,0.15
επικεντρωμένη,1,0.15
εργάστηκαν,1,0.15
σύνταξή,1,0.15
αναλογιστών,1,0.15
αναλογιστός,1,0.15
κυβέρνησή,1,0.15
17β,1,0.15
17γ,1,0.15
17δς,1,0.15
εur,1,0.15
2016/1386,1,0.15
2016/23,1,0.15
εξαγομένος,1,0.15
ομόλογοί,1,0.15
δεδομένων.»·,1,0.15
δπδ.»·,1,0.15
γραμμή.»·,1,0.15
διαθέσιμες.»·,1,0.15
παρέκκλισης.»·,1,0.15
χαρακτηριστικό·,1,0.15
sedol,1,0.15
επικράτεια]·,1,0.15
επίπεδο].,1,0.15
3].[εφόσον,1,0.15
πληροφορήσουμε,1,0.15
2016/33,1,0.15
μεσο-σταθμικός,1,0.15
2016/2249,1,0.15
2016/34,1,0.15
εκθέσεως,1,0.15
ποιοτικάς,1,0.15
καταστράφηκαν·,1,0.15
επαναπατριστεί)·,1,0.15
θησαυροφυλάκια·,1,0.15
αποδοτέου,1,0.15
ισοτιτμιών,1,0.15
"1],—",1,0.15
αντιστρεπτέεων,1,0.15
αναχρηματοδότησης·,1,0.15
mro,1,0.15
δημιουργηθείσα,1,0.15
συναλλαγματικών,1,0.15
—βλέπε,1,0.15
δημοσιευομενος,1,0.15
τραπεζας,1,0.15
κέρδης,1,0.15
2016/2247,1,0.15
2016/35,1,0.15
2011/27,1,0.15
24.1.2012,1,0.15
2012/29,1,0.15
2014/54,1,0.15
13.3.2015,1,0.15
ζήτηση·.,1,0.15
2016/37,1,0.15
εκπροσωπούμενος,1,0.15
συντονιστές,1,0.15
συντάσσει,1,0.15
οδηγό,1,0.15
πρόσκομμα,1,0.15
παρεμβατικά,1,0.15
καταβεβλημένων,1,0.15
παρέμβαση·,1,0.15
απευθυνόμενων,1,0.15
άθροισης·,1,0.15
εξαλειφθεί·,1,0.15
εφαρμόσει·,1,0.15
2016/26,1,0.15
φάκελο,1,0.15
πλυθούν,1,0.15
διακλαδισμένες,1,0.15
δερμάτων,1,0.15
κλωστοϋφαντουργικών,1,0.15
παρουσιάνω,1,0.15
μολυνθούν,1,0.15
πλώνυ,1,0.15
μεταχειρισμένων,1,0.15
περίπλοκης,1,0.15
μεταγενής,1,0.15
εννεϋλοφαινόλη,1,0.15
πλένω,1,0.15
ημικατεργασμένο,1,0.15
εγκαταστάθηκαν,1,0.15
αποκρίσεών,1,0.15
2013/36/εε,1,0.15
σημείων·,1,0.15
έλεγχοι·ς,1,0.15
εντοπίστηκαν·,1,0.15
αποδοτικότητα·,1,0.15
καλένω,1,0.15
2013/36/εε.άρθρο,1,0.15
επίσημη,1,0.15
εφημρίδας,1,0.15
συμφωνημένοι,1,0.15
επικαιροποιούν,1,0.15
λειτουργίας;,1,0.15
προσκληθεί,1,0.15
κόμβους,1,0.15
επηρεαζόμενου,1,0.15
ελλιπείς,1,0.15
εισηγήσεών,1,0.15
ελλείποντα,1,0.15
συγκαταθέσεις,1,0.15
επεκτασεων,1,0.15
υποδειγμάτων·,1,0.15
αετ,1,0.15
συναίνεσης·,1,0.15
μεσίτες·,1,0.15
"0,1·",1,0.15
ανατιμημένων,1,0.15
κατεύθυνσης»·,1,0.15
συνετής,1,0.15
ιστορικά,1,0.15
2016/165,1,0.15
ληκτότητα(σε,1,0.15
ρενμίνμπι,1,0.15
άρκεια,1,0.15
eu-1,1,0.15
συμψηφισμένα,1,0.15
πλαίσια,1,0.15
suprepς,1,0.15
εννοεί,1,0.15
"lrsum,3",1,0.15
eu-6b,1,0.15
"σημείωνlrcom,1",1,0.15
"lrcom,9",1,0.15
eu-5a,1,0.15
"lrcom,10",1,0.15
"lrcom,12",1,0.15
eu-12a,1,0.15
"lrcom,17",1,0.15
eu-4,1,0.15
eu-6,1,0.15
eu-7,1,0.15
eu-11,1,0.15
"lr4,190,020",1,0.15
eu-2,1,0.15
στόχευε,1,0.15
εναρμονίστηκαν,1,0.15
υποβλήω,1,0.15
ευθύνη·,1,0.15
διαδίδεμαι,1,0.15
διαδοθείσας,1,0.15
διαδοθείσες,1,0.15
ταμιευτηρίου·,1,0.15
εκδοτη/,1,0.15
παραληφθέν,1,0.15
εκφραζόμενης,1,0.15
τραπεζικών,1,0.15
επρ,1,0.15
επιχορηγούμενος,1,0.15
hlba,1,0.15
σσκ,1,0.15
αλληλοεξαρτώμενες,1,0.15
1.1.1.3,1,0.15
1.1.5.1.6,1,0.15
1.1.5.1.5,1,0.15
1.1.5.2.4,1,0.15
1.1.6.6.2,1,0.15
1.1.6.4,1,0.15
1.1.6.5,1,0.15
1.1.6.9,1,0.15
1.1.4.4.1,1,0.15
1.1.4.10.1,1,0.15
απαιτητοί,1,0.15
030-110,1,0.15
460-480,1,0.15
κι',1,0.15
1.2.3.2,1,0.15
74.00ς,1,0.15
συμψηφισθείσε,1,0.15
1.1.12,1,0.15
010-080,1,0.15
060/07,1,0.15
0/08,1,0.15
c′.,1,0.15
min(b,1,0.15
"0,10.-0,15",1,0.15
r1380,1,0.15
c060,1,0.15
προαγγελία,1,0.15
υπονομευτεί,1,0.15
ηη·,1,0.15
επώνυμo(-α,1,0.15
προσωπικοί,1,0.15
7.0,1,0.15
υψόμετρο,1,0.15
συρματόδρομοι,1,0.15
τηλεκαμπίνες,1,0.15
τηλεκαθίσματα,1,0.15
ρυθμιστούν,1,0.15
2014/33/ee,1,0.15
πορθμείων,1,0.15
χωροταξία,1,0.15
περιβάλλων,1,0.15
συναρμολογημένες,1,0.15
ανεγερθεί,1,0.15
εσκεμμένο,1,0.15
2014/33/εε·,1,0.15
δασοκομίας·,1,0.15
καταφυγίος,1,0.15
καταλυμάτων,1,0.15
συναρμολογείται,1,0.15
πραγματοποιούμενης,1,0.15
διαδρομής·,1,0.15
ανεγείρομαι,1,0.15
θεμελίων·,1,0.15
καλωδιοκίνητος,1,0.15
αιωρούνται,1,0.15
ωθούμαι,1,0.15
σιδηροτροχιάς,1,0.15
κατασκευές·,1,0.15
συρματόσχοινο·,1,0.15
μέθοδο·,1,0.15
παράγοντής,1,0.15
επισημανθούν,1,0.15
κεκτημένος,1,0.15
ανιχνευόμενος,1,0.15
υποβαθμισμένης,1,0.15
πλεοναστικότητας,1,0.15
επιτηρούνται·,1,0.15
ανεγειρόμενων,1,0.15
προσβάσιμοι,1,0.15
κατασκευαστικων,1,0.15
επαυξάνονται,1,0.15
διετέθησαν,1,0.15
εγκαταστάνω,1,0.15
θάλαμοι,1,0.15
αφελκύσεως,1,0.15
φορεία,1,0.15
ηλεκτροτεχνικός,1,0.15
αλεξικέραυνου,1,0.15
γεωμορφολογικός,1,0.15
διαστασιολογούνται,1,0.15
μηδαμινός,1,0.15
λαμβάνονται,1,0.15
κεραυνής,1,0.15
επίγειων,1,0.15
πλαγίως,1,0.15
κατακορύφως,1,0.15
γειτνιαζουσών,1,0.15
ψυχολογικός,1,0.15
ευσταθή,1,0.15
στηρίγματά,1,0.15
στήριξής,1,0.15
καταπόνησής,1,0.15
εφεδροβοηθητική,1,0.15
τηλεσκίς,1,0.15
άκαιρος,1,0.15
γλιστρώ,1,0.15
μανταλώνουν,1,0.15
αποζεύξιμος,1,0.15
απόζευξη,1,0.15
κυκλοφορήσουν,1,0.15
τύπο(-ους,1,0.15
περιγράφεται(-ονται,1,0.15
τυχαίο,1,0.15
δοκιμάζονται·,1,0.15
γνωστοποιεί,1,0.15
3.6.6,1,0.15
συμμόρφωσης—,1,0.15
αποδώζω,1,0.15
ευθυγραμμισθώ,1,0.15
φωσφορούχος,1,0.15
πιάτος,1,0.15
απλουστευτούν,1,0.15
αυτοάμυνα,1,0.15
πιάτων·,1,0.15
κρανός,1,0.15
φοριέται,1,0.15
κρατιέται,1,0.15
κρατάω,1,0.15
συνδέσουν,1,0.15
μαπ·,1,0.15
κοινοποιήση,1,0.15
τραυματισμοί·ς,1,0.15
ήπιος,1,0.15
ήλιου)·,1,0.15
ακτινοβολία·,1,0.15
θερμά,1,0.15
ύψος·,1,0.15
πνιγμό·,1,0.15
χειρός·,1,0.15
πίεσης·,1,0.15
τραύματα,1,0.15
μαχαίρι·ς,1,0.15
αβλάβεια,1,0.15
μέγιστοι,1,0.15
οργανοληπτικός,1,0.15
προσαρμόσιμα,1,0.15
ανταλλακτικών·,1,0.15
απαξιώνω,1,0.15
2.12)·,1,0.15
απορρυθμίζονται,1,0.15
εφίδρωση,1,0.15
ιδρώτας,1,0.15
αντιθαμβωτικός,1,0.15
φοράνε,1,0.15
θραύω,1,0.15
σχίζω,1,0.15
εικονογραμμάτων,1,0.15
ιδεογραμμάτων,1,0.15
ανακλώμενος,1,0.15
χρωματομετρικός,1,0.15
κραδασμών—,1,0.15
γλίστρημα,1,0.15
σόλα,1,0.15
θραύσης,1,0.15
χρόνιος,1,0.15
αμυχή,1,0.15
δαγκώματα,1,0.15
σχίσιμο,1,0.15
πνιγμή,1,0.15
λιπόθυμος,1,0.15
επιπλέω,1,0.15
πλευστότητα,1,0.15
φουσκώματος,1,0.15
ντυμένος,1,0.15
βουτήγω,1,0.15
φορεθούν,1,0.15
κολυμπά,1,0.15
διαφύγει,1,0.15
διασώω,1,0.15
1].κάθε,1,0.15
άφλεκτος,1,0.15
υπέρυθρος,1,0.15
θερμάς,1,0.15
τετηγμένας,1,0.15
θερμοχωρητικότητα,1,0.15
πυρόσβεση,1,0.15
αφλεξία,1,0.15
βολταϊκός,1,0.15
προσπίπτουσας,1,0.15
εξάχνωση,1,0.15
εύκαμπτα,1,0.15
ευκαμψία,1,0.15
—συμπεριλαμβανομένων,1,0.15
ακροδαχτύλος,1,0.15
χεριών,1,0.15
ποδιών,1,0.15
περιπτώσεις—,1,0.15
βροχή,1,0.15
ακτινοπροστασία,1,0.15
αβλαβός,1,0.15
αντιθέσεων,1,0.15
φίλτρου,1,0.15
ραδιενεργή,1,0.15
ραδιενεργός,1,0.15
αδιαπερατότητα,1,0.15
οπισθοσκέδαση,1,0.15
απομόλυνσης,1,0.15
ακτινοβολιών,1,0.15
φωτονίων,1,0.15
κατάλληλο(-α,1,0.15
οδή,1,0.15
μολυσμένη,1,0.15
μολυσμένου,1,0.15
προσωπίδα,1,0.15
μολυσμένης,1,0.15
στολή,1,0.15
3.2)·,1,0.15
σωσίβιο,1,0.15
2003/10/εκ,1,0.15
15.2.2003,1,0.15
προστατεύει·,1,0.15
νεοεκδοθέντος,1,0.15
ανανεωθέντος,1,0.15
ανανέωσης·,1,0.15
7.2·,1,0.15
7.3·,1,0.15
απέρριψε,1,0.15
ανέστειλε,1,0.15
αποδείξω,1,0.15
παράλειψης(-εων,1,0.15
διαπιστώθηκε(-αν,1,0.15
συλλεκτικός,1,0.15
απαγόρευαν,1,0.15
περιόριζαν,1,0.15
ανακοινωθείσες,1,0.15
ανακοινωθέν,1,0.15
παρεξήγηση,1,0.15
μαγειρική,1,0.15
διακεκομμένη,1,0.15
εμφύσηση,1,0.15
καυστήρες·,1,0.15
υποσυγκροτήματα,1,0.15
φως·,1,0.15
σιδερώματος·,1,0.15
μαγείρεμα,1,0.15
τροφή,1,0.15
wobbe·,1,0.15
αερίων·,1,0.15
εναλλαξιμότητας,1,0.15
οργανισμοός,1,0.15
τοποθετήθηκε·,1,0.15
2001/77/εκ,1,0.15
2003/30/εκ,1,0.15
2006/32/εκ,1,0.15
κατασκευή)·,1,0.15
εξαλειφθούν·,1,0.15
εγκαταστάτη·,1,0.15
σχεδιαση,1,0.15
συμπυκνώσεις,1,0.15
διαφεύγοντος,1,0.15
καίνε,1,0.15
έναυση,1,0.15
επανέναυσή,1,0.15
1935/2004,1,0.15
80/590/εοκ,1,0.15
13.11.2004,1,0.15
98/83/εκ,1,0.15
gcv,1,0.15
ακόρεστος,1,0.15
μέγιστη·,1,0.15
mbarς,1,0.15
"1013,25",1,0.15
εξοπλισμους,1,0.15
-σε ο,1,0.15
3.3.1·,1,0.15
4.3.1·,1,0.15
συσκευών·,1,0.15
κατασκευαζόμενας,1,0.15
αναγραφομενα,1,0.15
ανώνυμη,1,0.15
1024/20,1,0.15
ευχέρειές,1,0.15
αντισταθμιστικά,1,0.15
θρήσκευμα,1,0.15
εξαφανιζόμενος,1,0.15
απολάμβαναν,1,0.15
10].άρθρο,1,0.15
υπάρχοντες,1,0.15
χάσματος,1,0.15
ενεργοποιώνη,1,0.15
κατανομής-στόχου,1,0.15
αγοράσθηκαν,1,0.15
171,1,0.15
διαθεσιμότητα·,1,0.15
ρυθμιζόμενο,1,0.15
164α.»·,1,0.15
scrtype1equities,1,0.15
20);1,1,0.15
στιγμιαίας,1,0.15
max(90,1,0.15
collateral;0,1,0.15
ικανοποιώντας,1,0.15
αντασφάλισης·,1,0.15
77·,1,0.15
καθαυτά,1,0.15
θεμιτής,1,0.15
διαπαραπομπής,1,0.15
συσταλτικός,1,0.15
καταναγκαστικός,1,0.15
διοργανωθεί,1,0.15
αμετάκλητη·,1,0.15
κοινοποιήσιμες,1,0.15
ανταλλαγή·,1,0.15
κληρονομιών·,1,0.15
αυστραλιανή,1,0.15
δημοσιονομικής,1,0.15
υφυπουργείο,1,0.15
ενδειξεων,1,0.15
ipo,1,0.15
παραλάβουν,1,0.15
abusive,1,0.15
συγκάλυψη,1,0.15
σηματοδοτήζω,1,0.15
εσπευσμένα,1,0.15
καθε,1,0.15
παραπλανησης,1,0.15
advancing,1,0.15
κρισιμων,1,0.15
εταίρος·,1,0.15
αυτούς—ς,1,0.15
διατραπεζικοί,1,0.15
επέκταση·,1,0.15
ακαθάριστοι,1,0.15
εκκαθαριζόμενου,1,0.15
φωνητική,1,0.15
επεξήγηση·,1,0.15
2016/869,1,0.15
σημειώσουν,1,0.15
14.11.2015,1,0.15
διαξάγονται,1,0.15
abusiveς,1,0.15
εφαρμόζοντάς,1,0.15
αποδέκτης»)·,1,0.15
εκτελέστηκαν·,1,0.15
τερματιστεί·,1,0.15
ταυτοποιηθέντων,1,0.15
σταθεροποιήσεις,1,0.15
καθορισμένα·,1,0.15
καθιέρωσης·,1,0.15
ιδιότητα)·,1,0.15
τροποποιηθείσας,1,0.15
πλέον·,1,0.15
ασκούσαν,1,0.15
ανέφικτος·,1,0.15
'',1,0.15
παραλήφθηκε,1,0.15
σέβεται,1,0.15
δυνητικά·,1,0.15
αποπληρωμής·,1,0.15
αναθέτοντας,1,0.15
εντονότερο,1,0.15
αμελλητίς,1,0.15
εξετασθείσες,1,0.15
διαχειριστές,1,0.15
εντολή(-ές,1,0.15
ημερομηνία(-ες,1,0.15
χρόνο(-ους,1,0.15
3166-1,1,0.15
εντολής(-ών,1,0.15
φυσης,1,0.15
υπονοιων,1,0.15
αιτιολογήστε,1,0.15
υποβλήνω,1,0.15
οποιου,1,0.15
εντολες,1,0.15
αποπειρα,1,0.15
καταχρησης,1,0.15
χειραγωγησης,1,0.15
επισυναπτομενα,1,0.15
επισυναπτόμενων,1,0.15
παραπλανά,1,0.15
έχοντα,1,0.15
αναμεταδόθηκαν,1,0.15
διασκέψεις,1,0.15
τηλεδιασκέψεων,1,0.15
έχον,1,0.15
δημοσιοποιήνω,1,0.15
παραδοχές·,1,0.15
υποδείγματα·,1,0.15
παραδοχών·,1,0.15
διαδόθηκαν,1,0.15
αναφέρεται(-ω,1,0.15
υπολογιζομένου,1,0.15
αμοιβής·,1,0.15
σαφής(-ές,1,0.15
απόσπασμα·,1,0.15
εφήρμοσαν,1,0.15
διαδικασίας,1,0.15
ενεργητικούσύνολο,1,0.15
ονομαστική)διατραπεζικός,1,0.15
δανειολήπτες,1,0.15
διεσπαρμένος,1,0.15
αλληλεγγύη,1,0.15
498,1,0.15
13.4.2016,1,0.15
μετατέθηκε,1,0.15
μετατεθειμένη,1,0.15
αντισυμβαλλομένων·ς,1,0.15
ημερομηνία«3,1,0.15
πακέ,1,0.15
σταθεροποιηθούν,1,0.15
σταθεροποιητικός,1,0.15
προσφερόμενο·,1,0.15
ενεργούσα,1,0.15
επαναγορας,1,0.15
αποκτηθούν·,1,0.15
φάση·,1,0.15
αντιδράζω,1,0.15
χρονοδιάγραμμαq,1,0.15
ανακοινωθείσας,1,0.15
διακρίσεις·,1,0.15
πληροφοριακών·,1,0.15
επανορθώνο,1,0.15
εύκολα·,1,0.15
τηλεφώνου·,1,0.15
παγκόσμιο,1,0.15
x·,1,0.15
καταστημάτο,1,0.15
ά.α,1,0.15
προσδιοριζόμενοι,1,0.15
ενεχυριασμένες,1,0.15
κρισιμότερος,1,0.15
ζημίες)/(rwa,1,0.15
σημαντικες,1,0.15
085,1,0.15
010-110,1,0.15
140-160,1,0.15
ενεχυριασμενες,1,0.15
διασυνδεση,1,0.15
εκποιήσεις,1,0.15
έναρξης)·,1,0.15
προγραμματίζονται,1,0.15
με—,1,0.15
με–,1,0.15
ρήτρας·,1,0.15
δρομολογείται,1,0.15
εκτιμήσουν,1,0.15
ανακαμψης,1,0.15
4]·8,1,0.15
σημαντικές/-ά,1,0.15
σκοπιμότητάς,1,0.15
ανακεφαλαιοποιήσεις,1,0.15
εκποιήσεων,1,0.15
διαπαραπομπές,1,0.15
διαπαραπομπή,1,0.15
προπαρασκευαστικά,1,0.15
1093/2010·,1,0.15
επεξηγούνται·,1,0.15
εφικτών,1,0.15
ταυτόχρονα·,1,0.15
περιορισμούς·,1,0.15
στρατηγική·,1,0.15
απαιτηθεί·,1,0.15
προτιμώμενας,1,0.15
ανάδρασης·,1,0.15
περιφερειακούς,1,0.15
εξυγιανθεί·,1,0.15
ζητήματα·,1,0.15
αλληλοσυμψηφισμού·,1,0.15
απορροφούσαν,1,0.15
διαβεβαιώσεων,1,0.15
αναιρέζω,1,0.15
χρηματοπιστωτικη,1,0.15
αποκατάστασης·,1,0.15
χορηγούσα,1,0.15
χορηγούσες,1,0.15
εκτιμητων,1,0.15
προσόντα,1,0.15
επηρεάζει–,1,0.15
εξασφαλισμένους,1,0.15
πιστωτές,1,0.15
2014/59/eu,1,0.15
σωματα,1,0.15
παρατηρητή·ς,1,0.15
διαφωνούντα,1,0.15
προσκαλέζω,1,0.15
δομές·,1,0.15
προδικάζεται,1,0.15
παρουσία·,1,0.15
πρωτοβουλίας·,1,0.15
επικοινωνία·,1,0.15
διαφωνήσω,1,0.15
αλληλέγγυα,1,0.15
28η-10ε,1,0.15
28η-15ε,1,0.15
3η-2ε,1,0.15
3η-3ε,1,0.15
αρχής].,1,0.15
εθνικέςδιατάξης,1,0.15
επιβληθέντα,1,0.15
2016/1376,1,0.15
υποθεματοφυλάκων,1,0.15
3α·,1,0.15
θεματοφυλάκων·,1,0.15
ομίλων·,1,0.15
όμιλοί,1,0.15
12]νοικοκυριά,1,0.15
s.125a,1,0.15
αποκόμματος,1,0.15
αποκόπτεται,1,0.15
identifier,1,0.15
ενεχυρασθεί,1,0.15
διεξοδικότερα,1,0.15
συμβουλίου·β,1,0.15
2016/1400,1,0.15
επεξηγηθούν,1,0.15
αδιάσπαστος,1,0.15
επιδείνωσής,1,0.15
έκαστου,1,0.15
αναδιοργανωμένο,1,0.15
συνδικάτο,1,0.15
οργανώσεις·,1,0.15
αναδιοργανωμένος,1,0.15
ελλείψεων·,1,0.15
επιδόσεων·ς,1,0.15
δυσθεώρητος,1,0.15
αγοραπωλησιών,1,0.15
εκκαθάρισε,1,0.15
2014/59/εε·3,1,0.15
είτε·,1,0.15
εκκαθαριζόμενη,1,0.15
διακανονιστεί,1,0.15
αντικατάστασης·,1,0.15
8.7.2016,1,0.15
2016/1437,1,0.15
89/666/εοκ,1,0.15
utf-8,1,0.15
εντοπιστός,1,0.15
mrel·,1,0.15
εξαντλήση,1,0.15
πτωχεύσεις,1,0.15
εξυγιάνσεις,1,0.15
εξαντλήσεως,1,0.15
και71,1,0.15
040,1,0.15
εποπτευομενες,1,0.15
προηγούμενο,1,0.15
και110,1,0.15
και120,1,0.15
ομάδας,1,0.15
2της,1,0.15
1.82a(β,1,0.15
37(β,1,0.15
ανοίγματοσ,1,0.15
4]·,1,0.15
ruf»)»·,1,0.15
αναφοράς·παρέχω,1,0.15
23.5.2013,1,0.15
179-182,1,0.15
179-183,1,0.15
"176(β),177",1,0.15
190-210,1,0.15
172(α,1,0.15
176(β,1,0.15
αντιστοιχούνται,1,0.15
ποιοτικοί,1,0.15
ενείχε,1,0.15
νεότερων,1,0.15
νεότερος,1,0.15
συγχύσεω,1,0.15
πιστοληπτική,1,0.15
μεσοπρόθεσμες,1,0.15
a+sf,1,0.15
bbb+sf,1,0.15
bbb+(sf,1,0.15
bbb-(sf,1,0.15
r-1,1,0.15
r-1ς,1,0.15
r-2,1,0.15
r-3,1,0.15
a+sfς,1,0.15
bbb-sf,1,0.15
j-3,1,0.15
aa+(sf,1,0.15
ανομοιογενή,1,0.15
μαξιλαρία,1,0.15
3.3.3.4,1,0.15
4.0.5,1,0.15
co2(25,1,0.15
ενέργειας(25,1,0.15
παραλλαγή(17,1,0.15
έκδοση(17,1,0.15
οχήματος(2,1,0.15
οχήματος(22,1,0.15
min-,1,0.15
ισχύς(27,1,0.15
ice)/κινητήρας,1,0.15
ece)/με,1,0.15
κύλινδροις,1,0.15
διάταξη(26,1,0.15
διάμετρος(12,1,0.15
διαδρομή(12,1,0.15
στατών,1,0.15
κινητήρα(6,1,0.15
συμπίεσης(7,1,0.15
4.0.2.1,1,0.15
4.0.3,1,0.15
απεικονίζει/-ω,1,0.15
-ονται,1,0.15
υβριδική,1,0.15
καύσιμο(4,1,0.15
αμπερώρια)/,1,0.15
γεννήτρια)(4,1,0.15
υαλοκαθαριστήρας(-ες,1,0.15
διάταξη(8,1,0.15
ανοίγματος(5,1,0.15
λυχνιών(4,1,0.15
πορτ-μπαγκάζ,1,0.15
χωριστάo,1,0.15
λυχνίαcς,1,0.15
δίπλα.»·,1,0.15
ασφαλείας(14,1,0.15
έλεγχος(13,1,0.15
όχι(4)·,1,0.15
προαιρετικό(4,1,0.15
διάγραμμα(-τα,1,0.15
συνιστώμενη(-ες,1,0.15
πίεση(-εις,1,0.15
kpa»·,1,0.15
σέλα(4,1,0.15
χωριστό(4,1,0.15
περιβαλλοντικες,1,0.15
σήμα(4,1,0.15
αριθ.110,1,0.15
7.5.2011,1,0.15
14.3.2008,1,0.15
υπάρχει)(0,1,0.15
l4e)-a3(1,1,0.15
παραλλαγή(-ές)(4,1,0.15
έκδοση(-εις)(4,1,0.15
οχήματος(5,1,0.15
μετασκευαστεί,1,0.15
-a3(1,1,0.15
min-1)(1,1,0.15
επιδόσεις(3,1,0.15
με(2)(3,1,0.15
0)(6,1,0.15
ενέργειας(0)(6,1,0.15
αυτονομία(0,1,0.15
km·,1,0.15
ισχύ»·,1,0.15
2(ιε)»·,1,0.15
4.0.6.3,1,0.15
min-1)(3θ,1,0.15
db(a)](3θ)»·,1,0.15
3.2.15.1,1,0.15
απόδοση(ιγ)(ιε,1,0.15
καυσίμου(3)(κα,1,0.15
αυτονομία(3,1,0.15
οχήματος(6)(κε,1,0.15
συμμόρφωσης.»·,1,0.15
κ)·,1,0.15
κδ)·,1,0.15
2002/24/εκ.»·,1,0.15
3κβ,1,0.15
τύπου.»·,1,0.15
μετασκευασμένος,1,0.15
ορθογωνίο,1,0.15
εγκριθείσα,1,0.15
μετασκευή,1,0.15
α20,1,0.15
εε(6,1,0.15
πληρους,1,0.15
(5,1,0.15
εnduro,1,0.15
ανακαλείται(1,1,0.15
ισχύος(1)(5,1,0.15
1.4.7,1,0.15
παρμπρίζ,1,0.15
υποπόδιο,1,0.15
2.2.1.3.3,1,0.15
iι(3,1,0.15
μετρημένη,1,0.15
2.2.1.8.6,1,0.15
2.2.1.8.7,1,0.15
καυσίμου(3,1,0.15
5](καμία,1,0.15
/κατανάλωσος,1,0.15
κατασκευαστή)(3,1,0.15
2.2.1.10.9,1,0.15
2.2.1.10.11,1,0.15
trttixeu5,1,0.15
/υβριδικό,1,0.15
2.2.1.10.13,1,0.15
2.2.1.10.14,1,0.15
l2eς,1,0.15
134/2014,1,0.15
επαρκές,1,0.15
δηλωμένου,1,0.15
συνθέση,1,0.15
κρίσης·,1,0.15
δικαιολογηθούν,1,0.15
φήμη·,1,0.15
ccp·,1,0.15
κλάδοι,1,0.15
παρόμοιοι·,1,0.15
2016/2022,1,0.15
αλφαβήτου,1,0.15
αποθέματα·,1,0.15
επιμέτρηση·,1,0.15
γνωστοποιήσεις·,1,0.15
περιβαλλοντική,1,0.15
εξωτερικού·,1,0.15
συμμετοχικούς,1,0.15
25.11.2015,1,0.15
23.9.2016,1,0.15
29.10.2016,1,0.15
πωλητούς,1,0.15
κατασκευής)·,1,0.15
συνήφθηκαν,1,0.15
διαπραγματευτή·ς,1,0.15
5.1.1–5.1.3,1,0.15
3.2.2–3.2.9,1,0.15
β3.2.1-β3.2.17,1,0.15
μεταβιβάζει,1,0.15
3.2.3–3.2.12,1,0.15
παρεπόμενοι,1,0.15
3.2.7,1,0.15
β3.2.13)·,1,0.15
επιστρέψει·,1,0.15
β4.1.1–β4.1.26,1,0.15
β4.1.29–β4.1.32,1,0.15
β4.1.29–β4.1.32)·,1,0.15
β4.1.33–β4.1.36,1,0.15
β4.3.8)·,1,0.15
προϋποθέσεών,1,0.15
4.1.1–4.1.4,1,0.15
β5.6.1–β5.6.2,1,0.15
αποτελεσμάτων–ς,1,0.15
χρηματοοικονομικων,1,0.15
4.2.1–4.2.2,1,0.15
β5.4.1–β5.4.7,1,0.15
ενέχομαι,1,0.15
β3.2.16,1,0.15
ιη)].,1,0.15
β5.5.22-β5.5.24,1,0.15
όρους)·,1,0.15
εκβάσεων·,1,0.15
χρήματος·,1,0.15
αποτυπώνο,1,0.15
β5.6.1,1,0.15
χαρτοφυλακίου)·,1,0.15
5.7.5·,1,0.15
εισρεύνω,1,0.15
5.6.2,1,0.15
β5.7.2,1,0.15
β3.1.3,1,0.15
β5.7.3,1,0.15
β5.7.5–β5.7.7,1,0.15
β5.7.10–β5.7.12,1,0.15
δημιουργούσαν,1,0.15
διεύρυναν,1,0.15
β5.7.2–β5.7.2α,1,0.15
5.6.7,1,0.15
6.2.1–6.3.7ς,1,0.15
β6.2.1–β6.3.25,1,0.15
6.5.1–6.5.14,1,0.15
β6.5.29–β6.5.33)·,1,0.15
β6.5.34–β6.5.39)·,1,0.15
αντισταθμισμενα,1,0.15
β6.3.7–β6.3.25,1,0.15
β6.3.3–β6.3.4,1,0.15
β6.4.7–β6.4.8)·,1,0.15
επιλεξιμων,1,0.15
προσδιορισμένη,1,0.15
β6.5.7–β6.5.21,1,0.15
εκκαθαρίζοντης,1,0.15
πραγματοποιώνη,1,0.15
48-49,1,0.15
β6.5.29–β6.5.33,1,0.15
β6.5.29,1,0.15
β6.5.34–β6.5.39,1,0.15
εύρος)·,1,0.15
αντιστάθμιση)·,1,0.15
μηδενική)·,1,0.15
αναγνώριζε,1,0.15
ονομάτων»)·,1,0.15
εκπνεύσει,1,0.15
διακανονιστεί·,1,0.15
επανερχόταν,1,0.15
β3.2.13,1,0.15
7.2.4–7.2.26,1,0.15
μεγέθυνε,1,0.15
επέλεγε,1,0.15
β5.5.22–β5.5.24·,1,0.15
κρίνονταν,1,0.15
7.2.25,1,0.15
7.2.1–7.2.26,1,0.15
7.2.3–7.2.14,1,0.15
ενσωμάτωσαν,1,0.15
5.5.8,1,0.15
συνυπολογίστηκαν,1,0.15
β5.4.8,1,0.15
οριακό,1,0.15
ορθού,1,0.15
εναντίος,1,0.15
3.2.15–3.2.23,1,0.15
β3.2.12–β3.2.17,1,0.15
5.5·,1,0.15
κάτοχός,1,0.15
β3.2.14,1,0.15
β3.2.15,1,0.15
2.4-2.7,1,0.15
β4.1.30,1,0.15
κατωτέρω)].,1,0.15
6.5.9].,1,0.15
λήξη)·,1,0.15
νμ80-νμ5,1,0.15
επαναπωληθεί,1,0.15
εξαλείφομαι,1,0.15
β3.3.1,1,0.15
χειρότερης,1,0.15
αποζημιώνονται,1,0.15
αυξανόταν,1,0.15
επικοινωνώντας,1,0.15
διακράτησή,1,0.15
προγενέστερου,1,0.15
αντιστοιχίσει,1,0.15
αντιθέζω,1,0.15
καταβλητέοι,1,0.15
β4.1.7α)·,1,0.15
λογίζονταν,1,0.15
διοδίο,1,0.15
εμπορευμάτων)·,1,0.15
β4.1.24·,1,0.15
β4.1.23)·,1,0.15
κυμαινόμενο·,1,0.15
β4.1.24,1,0.15
οντότητας—,1,0.15
τίτλων—,1,0.15
χρυσός)—,1,0.15
επανεπένδυε,1,0.15
προκαταβαλλόμενος,1,0.15
β4.3.2,1,0.15
έντοκου,1,0.15
πετρελαίου)·,1,0.15
εκφραζόμενες,1,0.15
β4.3.1,1,0.15
β4.3.11,1,0.15
της·ς,1,0.15
εξαγορασθέντα,1,0.15
δανεισθέν,1,0.15
5.1.1α,1,0.15
μετατεθείσα,1,0.15
οροσήμος,1,0.15
β5.2.4,1,0.15
διαπραγματευόμενων,1,0.15
κλάδος·,1,0.15
5.5.4,1,0.15
πολυπαραγοντικός,1,0.15
χαρτοφυλακίων,1,0.15
χρήσιμοςς,1,0.15
αυξημένα,1,0.15
μέτοχο,1,0.15
τίτλου)·,1,0.15
δανειοληπτός,1,0.15
ποσό)·,1,0.15
καθολικά,1,0.15
επισφαλούς,1,0.15
εκταμιευθείσες,1,0.15
β5.5.51–β5.5.52,1,0.15
5.5.9,1,0.15
5.5.20,1,0.15
ημέρα)·,1,0.15
εκταμιευμένων,1,0.15
αισιόδοξος,1,0.15
εκβάσεων,1,0.15
μακρινός,1,0.15
κατεγράφησαν,1,0.15
εσόδας,1,0.15
5.7.10–5.7.11,1,0.15
β5.7.10,1,0.15
β5.7.6ς,1,0.15
υποθηκευτούν,1,0.15
β5.7.17,1,0.15
β5.7.18)·,1,0.15
αντιπροσωπευτικότερη,1,0.15
αφαιρεί,1,0.15
β5.7.18,1,0.15
β5.7.16,1,0.15
εξοφλητέας,1,0.15
δεκαετός,1,0.15
πρόβλεψή,1,0.15
καφέ·,1,0.15
τιμαριθμικός,1,0.15
6–12,1,0.15
πετρελαιοειδή,1,0.15
brent·,1,0.15
αποστάγμα,1,0.15
διυλισμένου,1,0.15
διυλιστήριο,1,0.15
αεριωθουμένος,1,0.15
αυξομειώνω,1,0.15
ονομαστικό)].,1,0.15
αντικρούζω,1,0.15
προβάλλο,1,0.15
σμ20,1,0.15
χψζ·,1,0.15
201χ·,1,0.15
β6.3.18,1,0.15
νμ15,1,0.15
μεγαλύτερες,1,0.15
β6.5.21,1,0.15
υπερισχύσει,1,0.15
λίβρες,1,0.15
β6.4.17,1,0.15
αναβαλλόταν,1,0.15
βέβαιηςς,1,0.15
6.5.4,1,0.15
αμφίπλευρου,1,0.15
β6.5.9–β6.5.21,1,0.15
άλλαζε,1,0.15
στοιχείου)·,1,0.15
β6.5.8,1,0.15
β6.5.28,1,0.15
αντιμετωπιζόταν,1,0.15
προσδιοριζόταν,1,0.15
β6.5.16,1,0.15
επιτόκιά,1,0.15
6.5.6–6.5.7,1,0.15
β6.5.22–β6.5.28,1,0.15
β6.4.2,1,0.15
αποπροσδιορίσει,1,0.15
αντισταθμισμένης,1,0.15
αντάλλασσε,1,0.15
συνεχιζόταν,1,0.15
β6.5.20)·,1,0.15
απέτυχε,1,0.15
6.5.15,1,0.15
β6.5.34–β6.5.38ς,1,0.15
αυταπόδεικτο,1,0.15
νμ70,1,0.15
σμ149900,1,0.15
αντικατοπτριζόταν,1,0.15
αντισταθμίζει,1,0.15
σμ150,1,0.15
σμ30,1,0.15
β6.3.19,1,0.15
σμ80,1,0.15
αλληλοκαλυπτόμενα,1,0.15
7.2.20,1,0.15
β5.5.1–β5.5.6,1,0.15
ba.1,1,0.15
βα.2,1,0.15
βα.3,1,0.15
βα.5ς,1,0.15
βα.6,1,0.15
βα.7,1,0.15
ακόμη)·,1,0.15
βα.8,1,0.15
39z,1,0.15
39κα,1,0.15
39ζ,1,0.15
β8–β8γ)·,1,0.15
β8ζ)·,1,0.15
β9)·,1,0.15
β10–β12,1,0.15
απεικονίσει,1,0.15
β6,1,0.15
b4.1.12,1,0.15
β5.5.27–β5.5.29,1,0.15
δ19–δ19γ)·,1,0.15
δ31)·,1,0.15
δ19β,1,0.15
63γ,1,0.15
64δ,1,0.15
64ιβ,1,0.15
64δε,1,0.15
ανείσπρακτα,1,0.15
γ9,1,0.15
41ιστ,1,0.15
41η,1,0.15
41στ,1,0.15
β18,1,0.15
β20,1,0.15
γ12,1,0.15
44ι,1,0.15
44ια,1,0.15
γ13,1,0.15
44η–44ι,1,0.15
επιμέτρησή,1,0.15
β)]·,1,0.15
συναφείς·,1,0.15
β5.7.6,1,0.15
απεικόνιση·,1,0.15
21β–24στ,1,0.15
22α–24στ,1,0.15
γιατί·ς,1,0.15
λπ,1,0.15
β6.5.24,1,0.15
διακόπτονται,1,0.15
αιτίος,1,0.15
διαφοροποιώντας,1,0.15
αποτελέσματα)·,1,0.15
συνηθισμένων,1,0.15
24ε,1,0.15
6.7.4,1,0.15
πρακτικές,1,0.15
απροεξόφλητων,1,0.15
αναγνωρισθέντας,1,0.15
διεγράφησαν,1,0.15
42ε–42h,1,0.15
απαιτήσεις)·,1,0.15
7.2.11,1,0.15
44κε,1,0.15
42θ–42ιθ,1,0.15
44κζ,1,0.15
γ14,1,0.15
γ15,1,0.15
β8γς,1,0.15
35ζ,1,0.15
35η,1,0.15
δημιουργούνται·,1,0.15
ενισχύσεων·,1,0.15
35ιγ–35ιδ,1,0.15
β8h,1,0.15
β8θ,1,0.15
γ17,1,0.15
8.1.1,1,0.15
γ18,1,0.15
48–51ς,1,0.15
γ22,1,0.15
139ιγ,1,0.15
139ιε,1,0.15
κόστη·,1,0.15
γ23,1,0.15
αναγνωριόμενσς,1,0.15
γνωστοποιούμενων,1,0.15
επιδημία,1,0.15
γρίπη,1,0.15
γ25,1,0.15
θεωρούμαι,1,0.15
γ26,1,0.15
98δ,1,0.15
98στ,1,0.15
εκπεστέο,1,0.15
φορολογικά,1,0.15
γ27,1,0.15
γ28,1,0.15
60ι,1,0.15
γ30,1,0.15
29β,1,0.15
γ31,1,0.15
κοινοπραξίας·,1,0.15
κοινοπραξία·,1,0.15
συντελεστεί,1,0.15
γ32ς,1,0.15
97ιστ,1,0.15
οε25-οε35,1,0.15
εμφανίζεται,1,0.15
3.2.22,1,0.15
γ35,1,0.15
74ε,1,0.15
140ιγ,1,0.15
συσσωρευθείσα,1,0.15
140ζ,1,0.15
140ια,1,0.15
γ39,1,0.15
γ41,1,0.15
γ43,1,0.15
γ44,1,0.15
103γ,1,0.15
103ια,1,0.15
103κα,1,0.15
οε99β,1,0.15
105–107α,1,0.15
οε96,1,0.15
105-107α,1,0.15
οε95,1,0.15
οε115–οε132,1,0.15
–ήτοι,1,0.15
παράδειγμα–,1,0.15
γ47,1,0.15
103–108γ,1,0.15
γ49,1,0.15
νμ1000000,1,0.15
νμ200000,1,0.15
νμ2000000,1,0.15
14δ,1,0.15
23–25,1,0.15
28ε,1,0.15
κατέχεται(-ομαι,1,0.15
6.5.14,1,0.15
γ55,1,0.15
αμς,1,0.15
γ56,1,0.15
5.5.18,1,0.15
β7.2.2–b7.2.3,1,0.15
δ32,1,0.15
όσα,1,0.15
12–12α,1,0.15
3.2.23,1,0.15
εκτελέσεις·,1,0.15
35στ–35ζ,1,0.15
usd)].,1,0.15
καθυστέρησης·,1,0.15
προκύψασες,1,0.15
45–49,1,0.15
επικυρωμένες,1,0.15
υποβάθμιζε,1,0.15
λύσεις,1,0.15
grūdai,1,0.15
yy,1,0.15
ετός,1,0.15
€,1,0.15
xs0372358902,1,0.15
109.3,1,0.15
100.82,1,0.15
κορυφαία,1,0.15
πετρέλειαο,1,0.15
αεροσκάφη,1,0.15
12000.συνολικό,1,0.15
πληρώματος,1,0.15
1905,1,0.15
sk,1,0.15
w14,1,0.15
2.8.1,1,0.15
μακροπεριφέρεια,1,0.15
α.1,1,0.15
εκατ,1,0.15
διαιρούμενες,1,0.15
κατηγοριοποιήνω,1,0.15
corp0007<κωδικός,1,0.15
smer0008<κωδικός,1,0.15
mort0010<κωδικός,1,0.15
τμήματος/-ων,1,0.15
τμήμα/-α,1,0.15
συσχετισεις,1,0.15
δεκαετους,1,0.15
πωλησης,1,0.15
σειρα,1,0.15
επανακαθοριζομενο,1,0.15
διαφορων,1,0.15
αρκτικόλεξα,1,0.15
αμερικανικού,1,0.15
si+1,1,0.15
i+1,1,0.15
οριοθετημένο,1,0.15
down-and-in,1,0.15
επιπεδοποίησης,1,0.15
δεκαετές,1,0.15
δεκαετέςς,1,0.15
πωλητής*,1,0.15
knock-out,1,0.15
απλό,1,0.15
μετατρέψετε,1,0.15
btp,1,0.15
prudential,1,0.15
2i667dax2,1,0.15
ποσού*,1,0.15
/ημερομηνίες,1,0.15
2/παρασκευή,1,0.15
3/παρασκευή,1,0.15
4/δευτέρα,1,0.15
5/δευτέρα,1,0.15
6/δευτέρα,1,0.15
7/δευτέρα,1,0.15
8/δευτέρα,1,0.15
9/δευτέρα,1,0.15
10/δευτέρα,1,0.15
11/δευτέρα,1,0.15
12/τρίτη,1,0.15
indexinitial,1,0.15
εργά,1,0.15
σιμος,1,0.15
"10000000,0",1,0.15
xt,1,0.15
επιτόκιο)n,1,0.15
δείκτηςέναρξη,1,0.15
"15000000,00",1,0.15
"1000000,00",1,0.15
"1,2000",1,0.15
"20000000,00",1,0.15
im,1,0.15
πενταετέςς,1,0.15
svar.,1,0.15
λαμβάνει,1,0.15
μονάδες·και,1,0.15
2.7,1,0.15
oat,1,0.15
τσεχία,1,0.15
κένυα,1,0.15
μαρόκο,1,0.15
φιλιππίνες,1,0.15
ccl,1,0.15
βενεζουέλα,1,0.15
καθέτων,1,0.15
ισάλος,1,0.15
εκτόπισμα,1,0.15
11.80kn,1,0.15
itraxx-xover24ς,1,0.15
21.11.2015,1,0.15
énergie,1,0.15
2103286094,1,0.15
b',1,0.15
+34,1,0.15
+33,1,0.15
vasario,1,0.15
16-osios,1,0.15
office.licences@eco.etat.lu,1,0.15
+421,1,0.15
243423915,1,0.15
se-113,1,0.15
grant.mosedale@trade.gsi.gov.uk,1,0.15
αμφίδρομα,1,0.15
διενέξεων,1,0.15
ομαλότερης,1,0.15
μετριάνω,1,0.15
κατωφλία,1,0.15
ενδεχομένου,1,0.15
ανταλλαώνχ,1,0.15
περιθωρίο,1,0.15
υποθηκών,1,0.15
εντοπιζόταν,1,0.15
επανεπενδύουν,1,0.15
αθετής,1,0.15
εξού,1,0.15
άνισος,1,0.15
αναγκαίο,1,0.15
διαχωρισμού·ς,1,0.15
αξιολογηθείσα,1,0.15
αντικατασταθεί,1,0.15
συλλέγοντα,1,0.15
g-siis,1,0.15
υπολειπόμενη,1,0.15
αναπτυχθένς,1,0.15
συλλογής·,1,0.15
καμπύλος,1,0.15
πίστωση·ς,1,0.15
ισοσταθμισμένα,1,0.15
πληθωρισμός·,1,0.15
χρυσός·,1,0.15
επανυποθηκεύω,1,0.15
επανενεχυριάζει,1,0.15
ενδοομιλικες,1,0.15
ενίσταται,1,0.15
ανεπαρκήςς,1,0.15
προσαύξησης·,1,0.15
net-to-gross,1,0.15
παρονομαστή·,1,0.15
2016/2282,1,0.15
αλογόνου,1,0.15
1194/2012,1,0.15
1015/2010,1,0.15
666/2013,1,0.15
813/2013,1,0.15
εe,1,0.15
γραφειακός,1,0.15
ηλεκτροκινητήρος,1,0.15
κυκλοφορητής,1,0.15
τηλεοράση,1,0.15
6.4.2011,1,0.15
κλιματιστικός,1,0.15
δροσισμός,1,0.15
υδραντλιών,1,0.15
26.6.2012,1,0.15
στεγνωτήριο,1,0.15
12.10.2012,1,0.15
13.7.2013,1,0.15
φούρνων,1,0.15
31.1.2014,1,0.15
ταχυψύκτης,1,0.15
ταχυκαταψύκτης,1,0.15
κατευθυντικούς,1,0.15
πηνία,1,0.15
2000/55/εκ,1,0.15
κατευθυντικός,1,0.15
φωτοεκπομπή,1,0.15
14.12.2012,1,0.15
επαληθευσης,1,0.15
δικτυωμενου,1,0.15
αποσυνδέζω,1,0.15
ασύρματων,1,0.15
απενεργοποιούμαι,1,0.15
μεταπένω,1,0.15
δικτυωμένος,1,0.15
απενεργοποιούνται,1,0.15
150-375,1,0.15
λαμπρότητα,1,0.15
τηλεόραση,1,0.15
δωδέκατο,1,0.15
κατάψυξη,1,0.15
iw,1,0.15
ηe,1,0.15
προσδιοριζόμεη,1,0.15
coprated,1,0.15
οl,1,0.15
αναπαραγώγιμος,1,0.15
συγκροτήσεων,1,0.15
ετεc,1,0.15
ναρκης,1,0.15
tec,1,0.15
βαθμος,1,0.15
ενεργοποιηση,1,0.15
μεταγάγει,1,0.15
6.2.6,1,0.15
φορητό,1,0.15
αφύπνιση,1,0.15
επιτραπέζιο,1,0.15
6.2.5,1,0.15
ασύρματου,1,0.15
επανεκπομπή,1,0.15
ηwh,1,0.15
ανάμεικτο,1,0.15
συλλεκτική,1,0.15
πάγιες,1,0.15
eegas,1,0.15
hob,1,0.15
wbep,1,0.15
μετασχηματιστός,1,0.15
copb,1,0.15
αιωρούμενων,1,0.15
μαγειρέματος,1,0.15
i)2ς,1,0.15
i)3,1,0.15
παραλείφνω,1,0.15
υπέρτερο,1,0.15
2017/102,1,0.15
2017/3,1,0.15
2017/274,1,0.15
2017/6,1,0.15
επικουρούμενοι,1,0.15
συνέχισή,1,0.15
μονιμότερη,1,0.15
υποσυντονιστός,1,0.15
διεπω,1,0.15
επιδοση,1,0.15
υποσυντονιστων,1,0.15
ενιαιου,1,0.15
προσανατολισμένη,1,0.15
περιόδος,1,0.15
αποθηκεύονται,1,0.15
συναφων,1,0.15
προσωπικου,1,0.15
δεξιοτητες,1,0.15
χρειαστεί·,1,0.15
ενεργούν,1,0.15
ραντισμός,1,0.15
επιπολασμός,1,0.15
γειτνίαση,1,0.15
φυτώριο,1,0.15
χωριό,1,0.15
επιλεγέντων,1,0.15
εξουσιοδοτηθούν,1,0.15
κλάδευσης,1,0.15
απολυμαίνω,1,0.15
ριζών,1,0.15
εντόμος,1,0.15
εντομοκτόνα,1,0.15
κλαδέμα,1,0.15
κερασιά,1,0.15
εμβολιάζω,1,0.15
εντόμων-φορέων,1,0.15
καλοκαιριού,1,0.15
μωσαΐκωση,1,0.15
μαλακός,1,0.15
ιοειδές,1,0.15
λανθάνοντος,1,0.15
ροδακινιάς,1,0.15
aπόφαση,1,0.15
2017/639,1,0.15
ohg,1,0.15
απάντησαν,1,0.15
πραγματικa,1,0.15
περιστατικa,1,0.15
δικαιουχος,1,0.15
προήλθε,1,0.15
ομώνυμος,1,0.15
μεταφορές·,1,0.15
νκς»)·,1,0.15
κόμιστρα·,1,0.15
σιδηροδρομικών,1,0.15
evg,1,0.15
nahverkehrsgesetz,1,0.15
συγκοινωνία,1,0.15
συνένωσαν,1,0.15
emsland-süd,1,0.15
διαχωρίστηκαν,1,0.15
"9686523,78",1,0.15
ενσωματωμενη,1,0.15
δεκεμβριου,1,0.15
στηλες,1,0.15
"1705362,94",1,0.15
αυξώ,1,0.15
αφαίρεσε,1,0.15
επέστρεψε,1,0.15
επιστροφη,1,0.15
αγόραζε,1,0.15
μετακινούνταν,1,0.15
προώθησε,1,0.15
71.510,1,0.15
"25000,00",1,0.15
"8793,00",1,0.15
υπαγόταν,1,0.15
σιδηροδρόμου,1,0.15
"3558,65",1,0.15
χρησίμευε,1,0.15
δημοσιες,1,0.15
μεταφορες,1,0.15
χρηματοδοτείτο,1,0.15
μαθητών·,1,0.15
μεταβιβάζονταν,1,0.15
εκμεταλλευόταν,1,0.15
επιβεβαίωσαν,1,0.15
οργάνωσε,1,0.15
ελλιπή,1,0.15
εκκαθαρίσεις,1,0.15
περιστασιακέςς,1,0.15
καταχωρίζονταν,1,0.15
εισιτηρίων,1,0.15
επιβατικων,1,0.15
δρομολογίων,1,0.15
"169312,26",1,0.15
"138015,11",1,0.15
καλύφω,1,0.15
ιδιοκτήτρια,1,0.15
καταγγελλοντες,1,0.15
εξασφάλισε,1,0.15
δήλωναν,1,0.15
ανταγωνίστριά,1,0.15
χρησιμοποιούσε,1,0.15
nne-meppen,1,0.15
südwest,1,0.15
pbefg,1,0.15
ανωνυμες,1,0.15
παρατηρησεων,1,0.15
προκηρύχθηκε,1,0.15
πληρώθηκαν,1,0.15
προειδοποίησαν,1,0.15
μαθητικός,1,0.15
έδειξαν,1,0.15
15429,1,0.15
επέμειναν,1,0.15
κλήω,1,0.15
wessels,1,0.15
richers-reisen,1,0.15
συνοψίστηκαν,1,0.15
προσφέρθηκαν,1,0.15
εκχωρώνη,1,0.15
διακοπτόταν,1,0.15
χρησιμοποιούσαν,1,0.15
ασυμβιβαστων,1,0.15
ενισχυσεων,1,0.15
ασυμβίβαστων,1,0.15
κλάδων,1,0.15
ανταγωνισμό·,1,0.15
αντιστοιχα,1,0.15
μερισματα,1,0.15
δώρο,1,0.15
επιστράφηκε,1,0.15
παρακινηθεί,1,0.15
επιδίωκε,1,0.15
1998.το,1,0.15
"1,60",1,0.15
φέρνω,1,0.15
παρακράτησε,1,0.15
συνδένω,1,0.15
αστικών,1,0.15
προαστιακός,1,0.15
ανταγωνίστριος,1,0.15
εεβ,1,0.15
διεκδικώ,1,0.15
περιορίζονταν,1,0.15
κεντρου,1,0.15
εκτενή,1,0.15
604/05,1,0.15
1847,1,0.15
πλήρωσαν,1,0.15
απελευθέρωσε,1,0.15
εντοπισμένου,1,0.15
συντόνιζε,1,0.15
βελτιώομαι,1,0.15
νομιμοτητα,1,0.15
μπόρεσαν,1,0.15
συνυφαόμενσς,1,0.15
έννοια«συντονισμός,1,0.15
προσανατολίσει,1,0.15
δικτύος,1,0.15
κινήτρου·,1,0.15
αναλογική·,1,0.15
σταθμούς·,1,0.15
αιχμός,1,0.15
καρότσι,1,0.15
χωριών,1,0.15
πυκνοκατοικημένες,1,0.15
—δεν,1,0.15
προαναφερθής,1,0.15
διατυπώθηκε,1,0.15
καταχώριζε,1,0.15
χρησιμοποιήω,1,0.15
επέστρεφε,1,0.15
περιφέρεια·,1,0.15
επιχορηγούενος,1,0.15
αυτοί,1,0.15
εκδηλώζω,1,0.15
εκμισθώθηκαν,1,0.15
κερδοφόρος,1,0.15
συνδέζω,1,0.15
εκχωρήω,1,0.15
gmbh,1,0.15
9.7.2008,1,0.15
gvbl,1,0.15
22/2007,1,0.15
pbefg.,1,0.15
διατυπώνονταν,1,0.15
"1:1,9558",1,0.15
μετατροπή·,1,0.15
"116876,09",1,0.15
χαρτογραφικός,1,0.15
αργότερα,1,0.15
"1508790,29",1,0.15
"5936951,31",1,0.15
"1651876,97",1,0.15
71.500,1,0.15
28.6.1969,1,0.15
15.6.1970,1,0.15
c:1990:125,1,0.15
16/96,1,0.15
51·,1,0.15
lech-stahlwerke,1,0.15
129/95,1,0.15
westdeutsche,1,0.15
landesbank,1,0.15
280/00,1,0.15
c:2003:415,1,0.15
t:2001:115,1,0.15
sat,1,0.15
mbh,1,0.15
επόμενες·,1,0.15
156/77,1,0.15
3.12.2007,1,0.15
publiek,1,0.15
bouw,1,0.15
20.4.2011,1,0.15
17/20,1,0.15
15.10.2010,1,0.15
θέλησε,1,0.15
"164524,42",1,0.15
εξαίρεσε,1,0.15
1107/70.σύμφωνα,1,0.15
αξιολόγησε,1,0.15
αποκαλύψω,1,0.15
καταθέσουν,1,0.15
συνυφασμένος,1,0.15
ιδιοποιήσεις,1,0.15
πλαισιωθεί,1,0.15
ενημερώνοντάς,1,0.15
αφερέγγυων,1,0.15
πελάτας,1,0.15
συναινετικά,1,0.15
γίνει·,1,0.15
παραδοθέντων,1,0.15
αμελητέα·,1,0.15
επιδεινωνόταν,1,0.15
βιώσιμο·,1,0.15
κερδοφόρο,1,0.15
επιδιώκομαι,1,0.15
διανομέα·,1,0.15
επικεντρωθούν,1,0.15
αποκτήσει·,1,0.15
αντιπαροχες,1,0.15
στρεβλωμένη,1,0.15
υστέρων·,1,0.15
10].όταν,1,0.15
σεμιναρίου,1,0.15
γ)·ς,1,0.15
ικανά,1,0.15
μέτρο·,1,0.15
προϋπολογίζω,1,0.15
ύσταση,1,0.15
2001/34/,1,0.15
μακρύτερων,1,0.15
φυσιολογικά,1,0.15
αποθάρρυνε,1,0.15
χρονοσειρών,1,0.15
χρονοσειρός,1,0.15
αριθμού,1,0.15
εναλλακτικού,1,0.15
αναγνωριστικού,1,0.15
μέσων,1,0.15
συντίθενται,1,0.15
forex·,1,0.15
επιβεβαιωθείσα,1,0.15
1—,1,0.15
2—,1,0.15
εκφράζεται,1,0.15
διόρθωση»·,1,0.15
συμπίεση»·,1,0.15
εξοικειωθεί,1,0.15
στοιχήματα,1,0.15
περατωμένων,1,0.15
περατωμένος,1,0.15
ανταλλαγής·,1,0.15
αμφότεροι,1,0.15
f»·,1,0.15
διαχωριστής,1,0.15
ψηφίων,1,0.15
προσβάσιμος·,1,0.15
isο·,1,0.15
3166-,1,0.15
1]c,1,0.15
2013/36/εκ,1,0.15
2]f,1,0.15
3]i,1,0.15
4]o,1,0.15
6]ταξινόμηση,1,0.15
7]1,1,0.15
gcfr”—,1,0.15
isdafix,1,0.15
libi”—,1,0.15
stbo”—ς,1,0.15
jiba”—,1,0.15
bubo”—,1,0.15
cdor”—,1,0.15
cibo”—,1,0.15
tlbo”—,1,0.15
1–,1,0.15
ομόλογά,1,0.15
λανθασμένο,1,0.15
βαθύτερης,1,0.15
συλλεχθέντα,1,0.15
παρεκβάλλονται,1,0.15
άκριτα,1,0.15
εξαχθέντων,1,0.15
προσεγγίσεις·,1,0.15
διευθέτησης»)·,1,0.15
πιθανότητας,1,0.15
καταλληλότερο,1,0.15
ερωτηματολογίο,1,0.15
βαθμίδα·,1,0.15
κίνδυνου·,1,0.15
ομογενοποιημένος,1,0.15
ομογενοποιημένους,1,0.15
διάνυσμα,1,0.15
προσαυξήσεων·,1,0.15
παραλείφθηκαν,1,0.15
θανατικός,1,0.15
λαοκρατικής,1,0.15
ακρυλικά,1,0.15
πανωφόρια,1,0.15
υφάσματα·,1,0.15
τόπια·ς,1,0.15
κόμποι,1,0.15
βελανιδιός,1,0.15
θύσανοι,1,0.15
ελιά,1,0.15
καρυδιού,1,0.15
θύσανος,1,0.15
αντίχειρας,1,0.15
προπυλένιο,1,0.15
κολάν,1,0.15
χρήσεις·,1,0.15
επικάλυμμα,1,0.15
επιχρισμένα·,1,0.15
κατεργασμένη,1,0.15
νηματοποιημένη,1,0.15
"0,20",1,0.15
2017/390,1,0.15
αναδιοργανώζω,1,0.15
τράπεζα-θεματοφύλακα,1,0.15
εξασθενίνω,1,0.15
κατ-παρόχος,1,0.15
άρτιο·,1,0.15
ημερομισθίο,1,0.15
παράστασης·,1,0.15
εργαζομένων·,1,0.15
γραμματοσήμανση,1,0.15
συμβουλευτικών,1,0.15
δαπάνες»)·,1,0.15
επικουρικών,1,0.15
irb·,1,0.15
αξιόγραφου,1,0.15
απομείωσης·ς,1,0.15
πολιτικές·,1,0.15
πιστούχος·,1,0.15
πιστούχοι·,1,0.15
περιοχή·,1,0.15
χαμηλότερο·,1,0.15
συλλέχθηκαν·,1,0.15
μειώνεται·,1,0.15
πιστούχο·,1,0.15
εξελισσόμενων,1,0.15
καταγεγραμμένου,1,0.15
αναπάντεχων,1,0.15
εύλογη·,1,0.15
αποδιαρθρώσεων,1,0.15
επιβίωσή,1,0.15
αποτιμημένη,1,0.15
παρατεταμένες,1,0.15
2017/392·,1,0.15
απρόβλεπτες,1,0.15
αξίωσή,1,0.15
ενδοημερησίο,1,0.15
ανίκανο,1,0.15
αποκρυστάλλωση,1,0.15
εσωτερίκευση,1,0.15
εσωτερικοποιούν,1,0.15
ευθυγραμμίσεις,1,0.15
εργαστεί,1,0.15
αξιογράφου,1,0.15
εδαφίου·,1,0.15
εργασιών·,1,0.15
τοιουτοτρόπως,1,0.15
στελεχώνονται,1,0.15
επιρροή·,1,0.15
εξέλιξη·,1,0.15
συγκαταθέσεων,1,0.15
εφαρμοσιμότητα,1,0.15
προσυμφωνημένος,1,0.15
επιδιόρθωση,1,0.15
ευανάγνωστες·,1,0.15
πεδίο·,1,0.15
εργαλεια,1,0.15
επιτροπές,1,0.15
επιβλέπει·,1,0.15
ανιόντης,1,0.15
κατιόντα,1,0.15
καθοδηγούμενος,1,0.15
εκτελεσθέν,1,0.15
ελλείποντος,1,0.15
αντιστοιχίζεται·,1,0.15
συμμετέχων·,1,0.15
επιτροπών·,1,0.15
καταγγέλλον,1,0.15
δυσλειτουργία·,1,0.15
διπλογραφικός,1,0.15
χρηματοκιβωτίο,1,0.15
χρηματοκιβώτι,1,0.15
προβλήματα,1,0.15
επιθέσεις,1,0.15
διεισδύση,1,0.15
καταρτισμένου,1,0.15
επίπεδου,1,0.15
διεισδύσεων,1,0.15
αυθεντικότητα,1,0.15
κρυπτογράφησης·,1,0.15
διαταράξεις·,1,0.15
προσφέρει·,1,0.15
διεισδύσεις,1,0.15
μεταβάσεις,1,0.15
δημόσιο·,1,0.15
πολυμερή,1,0.15
ρευστοποίηση·,1,0.15
κατάλληλο,1,0.15
συνδεσεις,1,0.15
διατερματικός,1,0.15
σύνδεσης·,1,0.15
ώρες·,1,0.15
υπόλογος·,1,0.15
τηρούνται·,1,0.15
χρεώσουν,1,0.15
γνωματεύσεων,1,0.15
έννοια·,1,0.15
απεφάνθη,1,0.15
κράτους/-ών,1,0.15
προαναφέρω,1,0.15
909/2014και,1,0.15
2017/393,1,0.15
c0100,1,0.15
c0150,1,0.15
c0160,1,0.15
τελεία,1,0.15
c00170,1,0.15
c00180,1,0.15
c0090,1,0.15
trpo,1,0.15
2017/394,1,0.15
υποκαταστημάτων·,1,0.15
ιδιότητες,1,0.15
επιχειρησιακούς,1,0.15
3166)/νόμισμα,1,0.15
αλφαβητικά,1,0.15
ψηφία)/είδοςς,1,0.15
rfp/dwp/rwp,1,0.15
pfod)/διακανονισμός,1,0.15
coli/colo/cncb,1,0.15
repu/rvpo/trpo,1,0.15
trvo/bsbk/sbbk,1,0.15
υπερήμερη,1,0.15
υπολειπόμενο,1,0.15
yyy,1,0.15
instructiononhold,1,0.15
bloc,1,0.15
inbc,1,0.15
incompletenumbercount,1,0.15
mony,1,0.15
insufficientmoney,1,0.15
tradesettlesinpartials,1,0.15
counterpartyinstructiononhold,1,0.15
yourinstructiononhold,1,0.15
επιτυχημένη)·,1,0.15
αποζημίωσης)·,1,0.15
ιβαν,1,0.15
ow,1,0.15
παραχωρήθηκε,1,0.15
θετική,1,0.15
την(τις,1,0.15
στην(στις,1,0.15
αιτιολογημένη(-ες,1,0.15
γνώμης(-ών,1,0.15
2017/540,1,0.15
άνδεες,1,0.15
περάστιση,1,0.15
πίστεις,1,0.15
σχιστολίθου,1,0.15
προσδιορίσιμων,1,0.15
προσυμφωνηθείσας,1,0.15
αλληλοαναιρούνται,1,0.15
απόλυτων,1,0.15
γενναιόδωρων,1,0.15
οδοιπορικός,1,0.15
πελάτη-εκδότη,1,0.15
επιμερισμοί,1,0.15
εκδότη-πελάτη,1,0.15
ξεκάθαρα,1,0.15
εξειδικευμένη,1,0.15
συμφωνήζω,1,0.15
πληροφόρησής,1,0.15
πουλήω,1,0.15
εφάμιλλα,1,0.15
μονάχα,1,0.15
596/2014/εκ,1,0.15
εξασφαλίζοντάς,1,0.15
απόπειρες,1,0.15
εναποθέτω,1,0.15
επιχειρείν,1,0.15
ανεπιφύλακτης,1,0.15
εκκαθαριζόμενο,1,0.15
πλημμελούς,1,0.15
2014/65,1,0.15
ορυκτέλαιο,1,0.15
βιοκαυσίμων,1,0.15
σκούρα,1,0.15
ανθρακοποιημένη,1,0.15
αγωγών·,1,0.15
μετάδοσης·,1,0.15
μεξικάνικο,1,0.15
νεοεκδιδόμενα,1,0.15
υποβαλλόταν,1,0.15
ληφθούν·,1,0.15
ιδιότητα·,1,0.15
2014/65/eε·,1,0.15
περατώνουν,1,0.15
διατηρήσω,1,0.15
υπερτιμολόγηση,1,0.15
ανάρμοστου,1,0.15
πελάτη-επενδυτής,1,0.15
αναμιγνύω,1,0.15
αυτοτοποθέτηση,1,0.15
πελάτη-επενδυτή,1,0.15
προεξέχον,1,0.15
γλώσσες·,1,0.15
έγκαιρης,1,0.15
επενδυτική(-ές,1,0.15
παρεπόμενη(-εςς,1,0.15
επιβαρύνεις,1,0.15
επαναξιολόγησης·,1,0.15
ορίζουν,1,0.15
σύμβουλο·,1,0.15
εξετάζονται·,1,0.15
συμβατότητας·,1,0.15
ενσωματώσω,1,0.15
αγορασθούν,1,0.15
νομίσματος·,1,0.15
απολέσει·,1,0.15
2014/57/eε,1,0.15
δίκαιας,1,0.15
κατανοητό·,1,0.15
ικανοποιούνταν,1,0.15
παράπλευρες,1,0.15
παροχους,1,0.15
89.ς,1,0.15
έκπτωσης·ς,1,0.15
π.ε.δε.συ·,1,0.15
προηγουμένης,1,0.15
εεκδ,1,0.15
νομοθετική,1,0.15
ομαδοποιημένες,1,0.15
προσδιορισθέντα,1,0.15
παρεμπίπτοντα,1,0.15
εμπροσθοβαρής,1,0.15
δείκτη)·,1,0.15
αλληλένδετος,1,0.15
csd,1,0.15
πάγωμα,1,0.15
χειραγωγικός,1,0.15
συγκαλυφθεί,1,0.15
προσελκυσθούν,1,0.15
γενναιόδωρος,1,0.15
αλληλοσχετιζόμενων,1,0.15
αναφερόμενο,1,0.15
περιθώρια·,1,0.15
διαπραγμάτευσης)].,1,0.15
ποσότητας·,1,0.15
εντολής)·,1,0.15
ομαδοποιημένη_χ,1,0.15
τροποποιηθείσα,1,0.15
πωλήσεων·,1,0.15
πωλήσεις·,1,0.15
δημοπρασία·,1,0.15
υπερβλώ,1,0.15
οριακή,1,0.15
0άμεση,1,0.15
καθολική,1,0.15
0iceberg,1,0.15
ανοικτή-έως-οριακή,1,0.15
0ισοτιμία,1,0.15
σταμάτημα,1,0.15
ενεργοποιήθηκε,1,0.15
top+,1,0.15
τοποθετημένη,1,0.15
ioop,1,0.15
σαρώνω,1,0.15
0εάν,1,0.15
προσεγγιστεί,1,0.15
εγγυημένης,1,0.15
καθορισμος,1,0.15
συστηματικους,1,0.15
αναγνώστη·,1,0.15
10].κεφαλαιο,1,0.15
νομιμοποιητικός,1,0.15
προϋποθέσεων·,1,0.15
προκλήθηκε,1,0.15
κρυφά,1,0.15
προτιμήνω,1,0.15
στόχευαν,1,0.15
ευάλωτο,1,0.15
11]·γ,1,0.15
μεταβούν,1,0.15
απόσυρση·,1,0.15
τριτεύων,1,0.15
απειλήζω,1,0.15
περιστατικού,1,0.15
δέλτα·,1,0.15
συμβολαίου)·,1,0.15
δράτω,1,0.15
ανίκανη,1,0.15
2017/568,1,0.15
πολλαπλούς,1,0.15
ενοποιηθούν,1,0.15
συμβάνς,1,0.15
π.ε.δε.συ.)].,1,0.15
φυσικοί,1,0.15
τειχών,1,0.15
επηρεάστηκε,1,0.15
εμα·,1,0.15
γνωστοποιούσες,1,0.15
απορριφθεισών,1,0.15
χρονοσφραγίδες,1,0.15
απιστίας·,1,0.15
περατωθεί·,1,0.15
παρατυπιών·,1,0.15
δώρων,1,0.15
εντοπίζονται·,1,0.15
παρακολούθηση·,1,0.15
παρόχους·,1,0.15
συνήθως·,1,0.15
ε.μη.γνω.συ.)]·,1,0.15
συμβάντων·,1,0.15
γνωστοποιών,1,0.15
προφανή,1,0.15
αντιλήφθηκε,1,0.15
ταχύτητα·,1,0.15
προσπελάζω,1,0.15
αναγνωσθούν,1,0.15
αντιγραφούν,1,0.15
εμδ·,1,0.15
πρωτότυπη,1,0.15
600/20,1,0.15
επιμερισμένα,1,0.15
2017/573,1,0.15
δίκαιες,1,0.15
αντικινήτρας,1,0.15
επιλέγουν·,1,0.15
ρυθμίσεων·,1,0.15
μετρήσιμα,1,0.15
ζητούμενη,1,0.15
χρεώσιμος,1,0.15
μεταβλητή·,1,0.15
δορυφορικός,1,0.15
κοινοποιητέος,1,0.15
τεκμηριώνο,1,0.15
μικροδευτερόλεπτο,1,0.15
γνωστοποιούμενη,1,0.15
διαλέγω,1,0.15
αποτυχημένη,1,0.15
εκφώνηση,1,0.15
εκτελεστεί·,1,0.15
δίλεπτης,1,0.15
τερματικών·,1,0.15
έξοδα·,1,0.15
όγκοι·,1,0.15
εκπληρώθηκαν·,1,0.15
ια)·,1,0.15
αποτυχημένων,1,0.15
εκπληρώθηκαν,1,0.15
2017/576,1,0.15
αξιοσημείωτων,1,0.15
στενών,1,0.15
ιδιοκτησιών,1,0.15
2017/575·,1,0.15
κατευθυνόμενων,1,0.15
αναβαθμονομήσεων,1,0.15
αναγνωστούν,1,0.15
αανφορά,1,0.15
διαχειρίσιμους,1,0.15
2017/567·,1,0.15
2017/578,1,0.15
υπεραντίδρασης,1,0.15
συγκρίσιμου,1,0.15
εμφύλιος,1,0.15
δολιοφθορά,1,0.15
κυβερνοχώρο·,1,0.15
διακοπές·,1,0.15
κηρυχτεί,1,0.15
πληρέστερη,1,0.15
διερευνώνται,1,0.15
εκτελούντων,1,0.15
υπέβαλαν,1,0.15
αλληλεπιδράσουν,1,0.15
uncrossing,1,0.15
ανασυσταθεί,1,0.15
αντιστοίχισής,1,0.15
χρονοσημάνσεις,1,0.15
απορριφθείσες,1,0.15
απόρριψής,1,0.15
gttv,1,0.15
συμβάντος·,1,0.15
τιμών)/έμμεσες,1,0.15
αναδρομολογημένες,1,0.15
indicative,1,0.15
implicit,1,0.15
δρομολογημένες,1,0.15
επιθετική,1,0.15
ολοκληρωνόταν,1,0.15
2017/581,1,0.15
κεντρικους,1,0.15
αντισυμβαλλομενους,1,0.15
μετρίαζαν,1,0.15
επιτρεπεται,1,0.15
εφαρμόσιμοι·,1,0.15
ασκόπως,1,0.15
χαρακτηριζόμενων,1,0.15
αυξηθούν,1,0.15
μεταβολές·,1,0.15
υπάγει,1,0.15
ειδός,1,0.15
eφαρμόζεται,1,0.15
κεντρικού(-ών,1,0.15
αντισυμβαλλομένου(-ων,1,0.15
2017/582,1,0.15
2017/589·,1,0.15
άποψη·,1,0.15
διασυνδεδεμένων,1,0.15
αλληλοεξαρτώμενων,1,0.15
αγρότης,1,0.15
ρευστοποιημένη,1,0.15
αφπ)·,1,0.15
πολυμερεις,1,0.15
εβδομάδων·,1,0.15
προσυναλλακτικη,1,0.15
1000·,1,0.15
εκατομμύριο·,1,0.15
idaf,1,0.15
μετασυναλλακτικό,1,0.15
fixed-to-float,1,0.15
float-to-float,1,0.15
overnightς,1,0.15
6.2,1,0.15
160000000,1,0.15
μέταλλος,1,0.15
ενέργεια/,1,0.15
xfsc,1,0.15
2017/584,1,0.15
καθιστουν,1,0.15
δυνατη,1,0.15
επιτρεπουν,1,0.15
αυτοαξιολογήσεις,1,0.15
αυτοαξιολογούν,1,0.15
διασαφηνίσεων,1,0.15
εγγυημένο·,1,0.15
αλγορίθμων·,1,0.15
μέλη»)·,1,0.15
πυλών·,1,0.15
ανατεθεόμενις,1,0.15
αντικαταστάτρια,1,0.15
χωρητικοτητα,1,0.15
ακούσιο·,1,0.15
μεταφορτώσεωνς,1,0.15
αλγορίθμου,1,0.15
αντεπεξέρχω,1,0.15
αυξανόμενες,1,0.15
απεσταλμένος,1,0.15
αντιστοίχισης·,1,0.15
επανεξέταξη,1,0.15
συνέχειάς,1,0.15
εφαρμόζουν·,1,0.15
διπλές,1,0.15
3].άρθρο,1,0.15
απροσπέλαστα,1,0.15
απροσπέλαστος,1,0.15
υποκλοπή,1,0.15
μεταδόσεων,1,0.15
αυτοαξιολογήσης,1,0.15
εγγύτητα·,1,0.15
κανάλι,1,0.15
2017/586,1,0.15
2014/65/εε)·,1,0.15
αδειοδότηση·,1,0.15
νομοθεσίας·ς,1,0.15
αποτύπωνε,1,0.15
τίτλων)·,1,0.15
5].άρθρο,1,0.15
αλληλεπιδράσει,1,0.15
αποθετήριων,1,0.15
ανασταλεί·,1,0.15
υποκείμενης,1,0.15
μεγαλύτερους,1,0.15
μικροδομός,1,0.15
αποθετήριου,1,0.15
αντιμετωπίζοντάς,1,0.15
1095/20,1,0.15
716/20,1,0.15
επισημοποιημένη,1,0.15
παρακολουθώντας,1,0.15
εντατικότερα,1,0.15
βαθμονομημένα,1,0.15
αλγόριθμων·,1,0.15
διαμεσολαβούμενος,1,0.15
παρόχου·,1,0.15
συνέχειά,1,0.15
ζητήματο,1,0.15
μετασυναλλακτική,1,0.15
σαρώσεις,1,0.15
2014/65/,1,0.15
επανελέγχει,1,0.15
δικοί,1,0.15
φιλτραρίσματός,1,0.15
εκκαθαριστικα,1,0.15
συνδεσιμότητας·,1,0.15
εγκλήματα,1,0.15
καταρτισης,1,0.15
αυτοματισμός,1,0.15
κατευθυντικές,1,0.15
κατευθυντικές·,1,0.15
φανερή,1,0.15
παράλληλα·,1,0.15
διαπραγματευτών,1,0.15
front-office,1,0.15
middle-office,1,0.15
600/2014].,1,0.15
gtdt,1,0.15
ιθαγένειάς,1,0.15
ονοματεπώνυμός,1,0.15
δρομολογώνη,1,0.15
απαιτητούς,1,0.15
δημοσιευμένοι,1,0.15
άλφα-2,1,0.15
ονόματος·,1,0.15
επωνύμου,1,0.15
προθέματα,1,0.15
εξαιρούμαι,1,0.15
στίξη,1,0.15
αλγόριθμος·,1,0.15
μοναδικότητα·,1,0.15
συνέπεια·,1,0.15
αξιοπιστία·ς,1,0.15
ευελιξία·,1,0.15
κλιμακωσιμότητα·,1,0.15
εξουσιοδοτούσα,1,0.15
αναφερθεισών,1,0.15
απορριφθείσας,1,0.15
7-11,1,0.15
7-15,1,0.15
16-20,1,0.15
42-56,1,0.15
διπλότυπες,1,0.15
μεγάλου,1,0.15
εθνικοί,1,0.15
σατ,1,0.15
στενάς,1,0.15
στενότερα,1,0.15
μετρίαση,1,0.15
ώριμος,1,0.15
αλλοιωσιμότητα,1,0.15
2014/65/εe·,1,0.15
συνδυαστικά·,1,0.15
τρόφιμο,1,0.15
υπολογίζοντας,1,0.15
εμπορεύματός,1,0.15
τρόφιμος,1,0.15
νέες,1,0.15
παρτίδες·ς,1,0.15
αλλοιωσιμότητας,1,0.15
2017/592,1,0.15
αποστρεφόμενη,1,0.15
απόλυτου,1,0.15
μακροαντιστάθμιση,1,0.15
άνθρακα·,1,0.15
μειώνει·,1,0.15
2015].,1,0.15
2017/669,1,0.15
1258,1,0.15
4ξθ,1,0.15
2013/638/εε,1,0.15
2000/637/εκ,1,0.15
ραδιοτηλεφωνικός,1,0.15
2017/1361,1,0.15
2017/15,1,0.15
ευθυγραμμιζόμενα,1,0.15
2014/477/εε)»·,1,0.15
19.7.2014,1,0.15
22.8.2017,1,0.15
επιτροπής.3,1,0.15
2017/2098,1,0.15
2017/33,1,0.15
συμφωνούμενου,1,0.15
εξετάζεται(-ονται,1,0.15
δεκατεσσάρων,1,0.15
2017/2097,1,0.15
2017/35,1,0.15
2157/1999,1,0.15
εκδίδοντας,1,0.15
επιβαρυντικές,1,0.15
πρωτοκολλώ,1,0.15
mib(financial,1,0.15
χαραώνχ,1,0.15
2359,1,0.15
2017/1857,1,0.15
4s(i,1,0.15
επιβεβαίωσης·,1,0.15
αιτιολόγηση»·,1,0.15
ομοσπονδιακού,1,0.15
αποθεματικού,1,0.15
στέγασης,1,0.15
23.150,1,0.15
esma/2013/bs/1157,1,0.15
equivalence,1,0.15
78a,1,0.15
2017/2238,1,0.15
εφαρμογήςστην,1,0.15
7b-3,1,0.15
τηςcftc,1,0.15
υπεύθυνες/-οι,1,0.15
8(a)(1,1,0.15
6(b,1,0.15
ενδεικτικώς,1,0.15
παύσεω,1,0.15
ορκοδοσίας,1,0.15
κλητεύει,1,0.15
αμερικανικής,1,0.15
επιβολής—,1,0.15
6(c,1,0.15
1)-(2,1,0.15
4c(a)(5,1,0.15
τεχνασμάτο,1,0.15
6(c)(1,1,0.15
επιτροπής].,1,0.15
καιαποτελεσματικός,1,0.15
dw,1,0.15
gtx,1,0.15
tw,1,0.15
2017/2318,1,0.15
795β,1,0.15
792α,1,0.15
αδειοδοτήμενος,1,0.15
1041f,1,0.15
ανέντιμος,1,0.15
1041,1,0.15
1041η,1,0.15
to,1,0.15
2017/2319,1,0.15
19(1)(a,1,0.15
διοικητικής,1,0.15
περιοχής,1,0.15
κώδικεςς,1,0.15
τιςλειτουργία,1,0.15
παραβάτης,1,0.15
επεκτείνονται,1,0.15
καταχρηστική,1,0.15
συμπεριφοράς,1,0.15
μοu,1,0.15
προδιαγεγραμμένων,1,0.15
εντολός,1,0.15
ενημερόμενως,1,0.15
ψευδούς,1,0.15
πλημμελειοδικείων,1,0.15
υποκινώ,1,0.15
αξίεςμέσω,1,0.15
υποκινήζω,1,0.15
συνέπραξε,1,0.15
αδικήματος,1,0.15
διαφυλάττω,1,0.15
αναγνωρισμένες,1,0.15
116(1,1,0.15
διατάγμας,1,0.15
ισοδύναμοςς,1,0.15
τελούνυπός,1,0.15
3(a)(1,1,0.15
242.301(b)(5)(ii,1,0.15
19(a)(1,1,0.15
καιδραστηριότητας,1,0.15
χρηματιστηριακό,1,0.15
υπόβαθρό,1,0.15
διαμεσολαβητές-διαπραγματευτός,1,0.15
19(h,1,0.15
κλητεύσεις,1,0.15
δικαστής,1,0.15
υπαλληλικός,1,0.15
εναγόμενος,1,0.15
απαιτούμενων,1,0.15
12(a,1,0.15
εισηγμένοι,1,0.15
10a(m,1,0.15
12(k)(1)(a,1,0.15
11a(a)(1)(c,1,0.15
601(a,1,0.15
15(d,1,0.15
14(e,1,0.15
10(b,1,0.15
y-exchange,1,0.15
bx,1,0.15
ise,1,0.15
mkt,1,0.15
καταχωρισμένα,1,0.15
cbx,1,0.15
blx,1,0.15
jpb-x,1,0.15
jpm-x,1,0.15
x2,1,0.15
ustocktrade,1,0.15
xe,1,0.15
2017/2437,1,0.15
τριετήςς,1,0.15
2014/943/ee,1,0.15
23.12.2014,1,0.15
7].(3,1,0.15
tlac,1,0.15
εκδίδοντα,1,0.15
εκδίδων,1,0.15
31.5.2017,1,0.15
συνολικής,1,0.15
2017/9,1,0.15
ευχερειων,1,0.15
εξαφανιζόμενο,1,0.15
2017/1362,1,0.15
2017/12,1,0.15
2017/1404,1,0.15
2017/19,1,0.15
εφεξής“mipc,1,0.15
συγκρούσεις·,1,0.15
mipc)·,1,0.15
επιτρέποντάς,1,0.15
imdrf,1,0.15
ρυθμίζονταν,1,0.15
2011/696/eε,1,0.15
νανοσωματίδιο,1,0.15
ινστιτούτα,1,0.15
γυμναστήρι,1,0.15
λουτρά,1,0.15
ευεξία,1,0.15
αρμόδιό,1,0.15
επανεπεξεργαστή,1,0.15
απαραιτήτων,1,0.15
σαρωτής,1,0.15
αναβαθμίνω,1,0.15
παρουσιασμένος,1,0.15
συνειδητοποιημένος,1,0.15
2010/227/eε,1,0.15
ανακοινώσιμα,1,0.15
αντιπαραβάλλονται,1,0.15
απροειδοποίητος,1,0.15
επεμβατικότητα,1,0.15
εξορθολογιστούν,1,0.15
ιατρικής,1,0.15
αιτιώδη,1,0.15
αποκομισθεί,1,0.15
έγκυος,1,0.15
πειραμάτων,1,0.15
2010/63/εε,1,0.15
επαγγελματιών,1,0.15
διορισμένα,1,0.15
θεσπίζο,1,0.15
παλαιό,1,0.15
32].(99,1,0.15
έγκυρου,1,0.15
αιμοκύτταρα,1,0.15
μικροοργανισμή,1,0.15
μυκήτος,1,0.15
χρησιμοποιούταν,1,0.15
εμφύτευμα,1,0.15
τραύματο,1,0.15
αιμοδοσία,1,0.15
φαρμακολογικά,1,0.15
υποβοηθείται,1,0.15
απορροφούνται,1,0.15
επιθηλιακός,1,0.15
διασυνδεθούν,1,0.15
παρεμπίπτον,1,0.15
φουλλερένια,1,0.15
νανοσωλήνας,1,0.15
σύμπηγμα,1,0.15
συντετηγμένα,1,0.15
ανταλλαγείσες,1,0.15
ως«χρήστης,1,0.15
μεταχειρισμένου,1,0.15
κλινικώς,1,0.15
νόσημα,1,0.15
σύμπτωμα,1,0.15
διαμαρτία,1,0.15
νοσηρότητα,1,0.15
εοχπ,1,0.15
εαατ,1,0.15
επανεπεξεργασια,1,0.15
ελευθερη,1,0.15
τεχνολογικό,1,0.15
φάκελό,1,0.15
ισχυρισμοί,1,0.15
εικόνας,1,0.15
προτείνοντας,1,0.15
φαρμακοποιίος,1,0.15
φαρμακοποιίας,1,0.15
διέπει,1,0.15
ονοματεπώνυμό,1,0.15
κρύβω,1,0.15
ερευνήζω,1,0.15
απονέμεται,1,0.15
ισότιμου,1,0.15
μηχανολογία,1,0.15
τετραετή,1,0.15
συναρμολογούν,1,0.15
επανασυσκευασία,1,0.15
επανασυσκευασμένου,1,0.15
πρόχειρος,1,0.15
μακέτα,1,0.15
επανεπεξεργάζεται,1,0.15
επανεπεξεργασμένος,1,0.15
επανεπεξεργασμένα,1,0.15
χiiι,1,0.15
συμβατότητά,1,0.15
συσκευάνω,1,0.15
συνδυαστεί,1,0.15
φθαρεί,1,0.15
κλινικων,1,0.15
κόστους-αποτελεσματικότητα,1,0.15
αλληλοεπικαλύψεις,1,0.15
σχεδιάζεται,1,0.15
καταφόρτωσης,1,0.15
αντίταξη,1,0.15
αποτελούμενη,1,0.15
εξηγήνω,1,0.15
αιφνιδιαστικά,1,0.15
αναφορτώνεται,1,0.15
θεραπεύζω,1,0.15
επανεκδοθώ,1,0.15
στηρίγω,1,0.15
vιii,1,0.15
συμπληρώσεών,1,0.15
απερχόμενου,1,0.15
χv,1,0.15
καταδειχθούν,1,0.15
συσκευάζεται,1,0.15
ψυχικός,1,0.15
ιατρός,1,0.15
οδοντιάτρου,1,0.15
χρονολογημένος,1,0.15
γράψει,1,0.15
προηγηθείσα,1,0.15
ανίκανου,1,0.15
ωριμότητά,1,0.15
ανηλίκου,1,0.15
έγκυο,1,0.15
θηλάζουσα,1,0.15
κύημα,1,0.15
τοκετός,1,0.15
στερούμαι,1,0.15
ανακουφίζω,1,0.15
αναζητείται,1,0.15
αιτηθεισών,1,0.15
εναπομείναντες,1,0.15
κατάδειξη,1,0.15
επαλήθευσή,1,0.15
περίληψής,1,0.15
υπερισχύον,1,0.15
τερματίσθηκε,1,0.15
συντρέχουσα,1,0.15
επαγρυπνηση,1,0.15
εκπονηθέν,1,0.15
υποπτευθεί,1,0.15
αναφερθένς,1,0.15
υποτιμά,1,0.15
αχρήστευση,1,0.15
άλλους,1,0.15
κάλεσαν,1,0.15
καταδεικνύεται,1,0.15
συντονιστικο,1,0.15
οργανο,1,0.15
εργαστηρια,1,0.15
εκπροσωπούν,1,0.15
διιστάμενος,1,0.15
συνυποβάλλω,1,0.15
επακολούθηση,1,0.15
ανακαλυφτεί,1,0.15
δεσμεύονται,1,0.15
απόρρητα,1,0.15
2010/227/εε,1,0.15
iccbba,1,0.15
ορισθέντες,1,0.15
δίνεται,1,0.15
722/2012,1,0.15
2004/23/ek,1,0.15
7.4.2004,1,0.15
8.2.2003,1,0.15
89/618/ευρατόμ,1,0.15
90/641/ευρατόμ,1,0.15
96/29/ευρατόμ,1,0.15
97/43/ευρατόμ,1,0.15
paranova,1,0.15
207/10,1,0.15
23.4.2010,1,0.15
4.2.2003,1,0.15
2005/50/εκ,1,0.15
γονάτο,1,0.15
ώμου,1,0.15
12.8.2005,1,0.15
25.9.2013,1,0.15
7.12.2013,1,0.15
2001/20/εκ,1,0.15
εκτιμημένα,1,0.15
ευφλεκτότητα,1,0.15
βιοφυσικός,1,0.15
ολκιμότητα,1,0.15
υπολειμμάτος,1,0.15
καταλοίπων,1,0.15
επανα)χορηγούν,1,0.15
επανα)χορηγηθούν,1,0.15
ελευθερώνομαι,1,0.15
λοιμώξεις,1,0.15
μολύνσεις,1,0.15
επαναποστείρωσή,1,0.15
άθικτος,1,0.15
ζώου,1,0.15
ζώων,1,0.15
ραδιοσημάτων,1,0.15
αλληλοεπιδρά,1,0.15
αδυναμίας,1,0.15
διευκρινίζονται,1,0.15
υπερέχω,1,0.15
προσβλώνη,1,0.15
συνακόλουθοι,1,0.15
εγγενός,1,0.15
απινιδωτών,1,0.15
επανατοποθέτηση,1,0.15
καλύμματά,1,0.15
κάλυμμά,1,0.15
ρύθμισή,1,0.15
ραδιοσυχνικός,1,0.15
παρτιδας,1,0.15
καταστράφηκε,1,0.15
επαναποστείρωσης,1,0.15
επαναρρυθμίζω,1,0.15
εκφυτεύματα,1,0.15
μολύνθηκαν,1,0.15
67/548/eοκ,1,0.15
τόμος,1,0.15
συμπεριλαμβανομενων,1,0.15
αδιαμφισβήτητου,1,0.15
διαγνωστούν,1,0.15
νεωτεριστικός,1,0.15
γενία,1,0.15
κατασκευαστη,1,0.15
φάκελου,1,0.15
επικυρωση,1,0.15
προκλινικά,1,0.15
1].εάν,1,0.15
χρησιμότητάς,1,0.15
πληθυσμού-στόχου,1,0.15
βιοεπιβάρυνση,1,0.15
πυρετογόνων,1,0.15
αποστειρωτικός,1,0.15
20.2.2004,1,0.15
πεαα,1,0.15
προδραστική,1,0.15
κατώτατες,1,0.15
αποστειρωμένου,1,0.15
ευφυής,1,0.15
ακτινολογικός,1,0.15
radiology,1,0.15
ris,1,0.15
συναρμοστούν,1,0.15
εξαερωτής,1,0.15
ευανάγνωστη,1,0.15
αριθμητικόςς,1,0.15
ραδιοσυχνική,1,0.15
εμπορευματοκιβώτια,1,0.15
κιβώτια,1,0.15
σειριοποίηση,1,0.15
μονοδιάστατος,1,0.15
δισδιάστατοι,1,0.15
μήτρας,1,0.15
επικόλληση,1,0.15
παραγγέλλω,1,0.15
επανασυσκευάζω,1,0.15
εμπορευματοκιβώτιος,1,0.15
ραβδωτού,1,0.15
ραβδωτός,1,0.15
επαναχρησιμοποιούμενο,1,0.15
επαναχρησιμοποιούμενα,1,0.15
συναρμοζόμενος,1,0.15
dvd,1,0.15
συμπεριλαμβανόμενο,1,0.15
χρησιμοποίησαν,1,0.15
οργανωτικες,1,0.15
εκτιμημένος,1,0.15
ασκούντης,1,0.15
απασχολούνταν,1,0.15
τεκμηριώνει,1,0.15
ανασκοπήσεων,1,0.15
υπεργολαβικό,1,0.15
αιτήσεων,1,0.15
υπογεγραμμένης,1,0.15
ταξινομήσεών,1,0.15
καταρτισθέντος,1,0.15
ειδικευμένου,1,0.15
συνήχθησαν,1,0.15
συμπερασματικός,1,0.15
ιστοί,1,0.15
σπογγοειδή,1,0.15
υπογράφος,1,0.15
ισχυρισμών,1,0.15
εφαρμοσμένων,1,0.15
βραχυχρόνιο,1,0.15
επεμβατικα,1,0.15
βολβούς,1,0.15
στομία,1,0.15
βλεννογόνων,1,0.15
κοιλοτήτων,1,0.15
τρυπανισμό,1,0.15
πριονισμό,1,0.15
σκαριφισμό,1,0.15
έλξη-βράχυνση,1,0.15
συρραφή,1,0.15
διαμαρτίας,1,0.15
διαπλάσεως,1,0.15
αγγείο,1,0.15
ανιούσα,1,0.15
αορτικός,1,0.15
διχασμός,1,0.15
στεφανιαία,1,0.15
βραχιονοκεφαλικός,1,0.15
κοίλη,1,0.15
κοίλης,1,0.15
μήνιγγες,1,0.15
προσβεβλημένο,1,0.15
υποκανόνες,1,0.15
υποκανόνας,1,0.15
προσωρινής,1,0.15
επεμβατικhς,1,0.15
έκχυση,1,0.15
αίματος·,1,0.15
φυγοκέντριση,1,0.15
εξιδρωμάτων,1,0.15
διαρρήσσω,1,0.15
χόριον,1,0.15
επουλωθούν,1,0.15
μικροπεριβάλλον,1,0.15
προσβεβλημένη,1,0.15
επεμβατικης,1,0.15
μαστού,1,0.15
μεσοσπονδύλιων,1,0.15
ραδιοφαρμάκων,1,0.15
καρδιακής,1,0.15
μεταδιδόμενων,1,0.15
ενυδάτωση,1,0.15
απολυμαντικός,1,0.15
εικόνος,1,0.15
επιδερμίδα,1,0.15
γαστρεντερικός,1,0.15
διεξαχθείσα,1,0.15
ύστερη,1,0.15
διατυπώνει,1,0.15
συμπληρώματάς,1,0.15
σχετικέ,1,0.15
κοινοποιημενο,1,0.15
οργανισμο,1,0.15
καταχωρισθέντα,1,0.15
επανεκδίδεται,1,0.15
πιστοποιητικων,1,0.15
αρμόζει·,1,0.15
εκχυλίσιμων,1,0.15
φυσιολογίας·,1,0.15
προδραστικά,1,0.15
ανιχνεύσει,1,0.15
προσδόκιμους,1,0.15
τυχαιοποιημένος,1,0.15
προκλινική,1,0.15
υφιστάμενα,1,0.15
στοχευόμενου,1,0.15
εγκυρότητάς,1,0.15
ανοσοκατεσταλμένος,1,0.15
τυχαιοποίηση,1,0.15
απέσυραν,1,0.15
χορηγου,1,0.15
φακοί,1,0.15
πίρσινγκ,1,0.15
υποδόριο,1,0.15
υποβλεννογόνια,1,0.15
ένεση,1,0.15
λιπώδος,1,0.15
λιποαναρρόφηση,1,0.15
λιπόλυση,1,0.15
λιποπλαστικός,1,0.15
υπεριώδη,1,0.15
ασύμφωνας,1,0.15
μονοχρωματικών,1,0.15
παλμικός,1,0.15
αποτρίχωση,1,0.15
περιποίηση,1,0.15
νευρωνικός,1,0.15
αποστειρώνω,1,0.15
στειρότητα,1,0.15
ιχ.,1,0.15
2017/747,1,0.15
εισφορες,1,0.15
κύκλου·,1,0.15
2017/953,1,0.15
καναδάς·,1,0.15
μεξικό·,1,0.15
σιγκαπούρη·,1,0.15
2017/980,1,0.15
επισυνάψει,1,0.15
διάκριση·,1,0.15
συνεργασία·,1,0.15
idem·,1,0.15
αυτόκλητες,1,0.15
θέμα/-τα,1,0.15
βεβαιώνουμε,1,0.15
επιβεβαιώνουμε,1,0.15
ii].,1,0.15
επεξηγήστε,1,0.15
επιθυμούσατε,1,0.15
προσέγγισα,1,0.15
απευθυνόμαστε,1,0.15
2017/981,1,0.15
διαθέσιμες/-α,1,0.15
απρόσκοπτη,1,0.15
https://www.esma.europa.eu/databases-library/esma-library,1,0.15
αρχές].,1,0.15
συμμαχία,1,0.15
απομακρύνσεις,1,0.15
απάντησης·,1,0.15
ύποπτος·,1,0.15
γνωστό·ς,1,0.15
ενδεικνυόταν,1,0.15
ερευνητών·,1,0.15
ολοκλήρωσή,1,0.15
αυτόκλητα,1,0.15
λύεται,1,0.15
αποχωρών,1,0.15
δημοσιεύονται,1,0.15
υπογραφές,1,0.15
13.6.2017,1,0.15
τύχω,1,0.15
αντίστοιχο/-α,1,0.15
συμπληρωθεί/-ώ,1,0.15
διεκπεραιώσαμες,1,0.15
αιτήματος].,1,0.15
2017/992,1,0.15
παρωχημένοι,1,0.15
8.12.2016,1,0.15
2017/1005,1,0.15
διαβατηρίων,1,0.15
μήτρας·,1,0.15
καταγγελιών·,1,0.15
τερματισμό·,1,0.15
2017/1093,1,0.15
υποβάλλοντα,1,0.15
παραλαμβάνουσα,1,0.15
αναλυγσάνω,1,0.15
μέσων·επισυνάπτεται,1,0.15
ανάλογο/-α,1,0.15
τετραγωνίδιο/-ια,1,0.15
παραπέμψετε,1,0.15
23.6.2017,1,0.15
απερχόμενο/-ο,1,0.15
νέο/-α,1,0.15
2017/1111,1,0.15
αποδοτικότητά,1,0.15
καταθετήρια,1,0.15
προσδοκώνται,1,0.15
8000000,1,0.15
απευθυνόταν,1,0.15
αφοσίωση,1,0.15
αίσθηση,1,0.15
νεοεισαχθείσες,1,0.15
—με,1,0.15
επισκιάσουν,1,0.15
έλεγχός,1,0.15
γνωστοποιήσεών,1,0.15
επισπευτεί,1,0.15
συντάγω,1,0.15
βραχύτερους,1,0.15
νιώθω,1,0.15
επισκιάζονταν,1,0.15
–υπό,1,0.15
ηλεκτρονικά–,1,0.15
σημειώματός,1,0.15
παραλειφθούν,1,0.15
αφομοιώζω,1,0.15
προγραμματίσουν,1,0.15
σκοπών·,1,0.15
διαμεσολαβητών·,1,0.15
περίπου·,1,0.15
κατανοητές·,1,0.15
σαββάτων,1,0.15
κυριακός,1,0.15
μεταπωλούνται,1,0.15
lei·,1,0.15
σελιδοποίηση,1,0.15
πρόσφορά,1,0.15
εκδιδόμενη,1,0.15
κατάρτιζαν,1,0.15
συντομότερο·,1,0.15
συχνού,1,0.15
απλοποιημένο,1,0.15
προηγουμένως·,1,0.15
ουσιωδέστεροι,1,0.15
επικουρήζω,1,0.15
χρησιμοποιήθηκαν·,1,0.15
συμπεριλαμβάνο,1,0.15
εγκρίση,1,0.15
διαβιβάσθηκε,1,0.15
έντυπου,1,0.15
εισαγωγες,1,0.15
μεταφρασθεί,1,0.15
εγκαταστημενους,1,0.15
ανταγωνισμός·,1,0.15
περιορισμός·,1,0.15
αναστέλλουν,1,0.15
τιδήποτε,1,0.15
42·,1,0.15
εμπλεκομένων·,1,0.15
2.6.2016,1,0.15
18.5.2016,1,0.15
2017(δεν,1,0.15
καταρτίσεως,1,0.15
17.4.1980,1,0.15
η.,1,0.15
φάνηκαν,1,0.15
παρακμάζουσα,1,0.15
τροφοδοτώντας,1,0.15
στερέψουν,1,0.15
χορηγή,1,0.15
εξαπλωθεί,1,0.15
ενισχύσουν,1,0.15
εξαγοραστής,1,0.15
συνέχιζαν,1,0.15
αποκλίνουσε,1,0.15
καταχωριόμενσς,1,0.15
υιοθετηθείσες,1,0.15
καταστρατηγηθούν,1,0.15
αυτοτελός,1,0.15
θιγόταν,1,0.15
ασύμφορος,1,0.15
πρόσωπα-συμμετέχοντος,1,0.15
διαχρονικώς,1,0.15
υπεραπόδοση,1,0.15
επιγενόμενος,1,0.15
αντιμέτωπο,1,0.15
εντολοδόχων,1,0.15
προσομοιώση,1,0.15
καταρτισθούν,1,0.15
αντιστάθμιζε,1,0.15
δυσφήμηση,1,0.15
εντονότερος,1,0.15
άστοχος,1,0.15
καθιερωθέντων,1,0.15
2007/16/εκ·,1,0.15
λέγω,1,0.15
συνυπολογίζο,1,0.15
καε·,1,0.15
απαριθμουμένος,1,0.15
συνεννοείται,1,0.15
ουσιαστικώς,1,0.15
ισχύοντες,1,0.15
εκθέσει,1,0.15
δεσμεύομαι,1,0.15
17].τα,1,0.15
ακχα-στόχου,1,0.15
επενδύει·ς,1,0.15
εφιστώντας,1,0.15
συστηματικώς,1,0.15
επικυρώνεται,1,0.15
υπερεξάρτησος,1,0.15
μακροοικονομικής,1,0.15
δομώνη,1,0.15
μεταβολών·,1,0.15
γνωρίστε,1,0.15
αποστροφή,1,0.15
ισοτιμιών·,1,0.15
μακρο-συστημικός,1,0.15
πουλήσει·,1,0.15
άδικα,1,0.15
ειδοποίηση·,1,0.15
βραχυπρόθεσμης,1,0.15
2017/1147,1,0.15
φάνηκε,1,0.15
συμπληρώνοντας,1,0.15
στη(ν)/στο,1,0.15
φυλάκιση,1,0.15
περατώ-θηκαν,1,0.15
συμπεριλαμβα-νομένων,1,0.15
συμπεριλαμβανοόμεν-ς,1,0.15
οδοεε,1,0.15
σημειακός,1,0.15
επανεκτιμούν,1,0.15
φαινομένο,1,0.15
ρευστότητας—,1,0.15
κίνδυνους,1,0.15
προορίζεται,1,0.15
υπαναχωρώ,1,0.15
μεταρρυθμισμένη,1,0.15
αντικατοπτρίζονταν,1,0.15
αξίας(βαθμίδα,1,0.15
/ονομαστικό,1,0.15
2.173(β,1,0.15
χρηματοοικονομικέςεγγυήσεις,1,0.15
9.b4.1.33,1,0.15
ενεργητικού,1,0.15
δεσμεεσεις,1,0.15
7.20.(γ,1,0.15
νομοτεχνικού,1,0.15
ορολογικού,1,0.15
ιδρύθηκαν,1,0.15
αποστολήςγιος,1,0.15
αναφορώναπό,1,0.15
αποστολήςόσον,1,0.15
αποστολήςγια,1,0.15
680/2014.»·,1,0.15
βάση»·,1,0.15
αριθμοσ,1,0.15
3:«3,1,0.15
680/2014»·,1,0.15
κωδικοσ,1,0.15
λογιστικων,1,0.15
πλαισιος,1,0.15
2017/1539,1,0.15
2017/26,1,0.15
κινητοποιηθούν,1,0.15
ασφαλέστερες,1,0.15
πληρώτης,1,0.15
εξαγοράστηκε,1,0.15
164β.»·,1,0.15
υποδομών·,1,0.15
υποδομών·»·,1,0.15
164β·,1,0.15
2017/1800,1,0.15
συγκέντρωσή,1,0.15
comma,1,0.15
separated,1,0.15
txt,1,0.15
αιτημάτο,1,0.15
συναλλασσομένος,1,0.15
εκπνοής·,1,0.15
νεοσυσταθείσες,1,0.15
πληρεξουσίων,1,0.15
αδειοδοτήσουν,1,0.15
χρησιμοποιήσει)·,1,0.15
αντληθέντα,1,0.15
κατόχου·,1,0.15
εταιρείες-μετόχους,1,0.15
αξιολόγησης)·,1,0.15
αιτούντα·,1,0.15
στοιχεία)·,1,0.15
ισολογισμούς·,1,0.15
διαφημίσεις·,1,0.15
συμβάσεις)·,1,0.15
βοήθειας)·,1,0.15
προσωπικό)·,1,0.15
καθήκοντα·,1,0.15
εκτελέσει·,1,0.15
μετόχο,1,0.15
συμμετοχές·,1,0.15
σ.31,1,0.15
648/20,1,0.15
αποκτώντα·,1,0.15
επενδύσεων·για,1,0.15
λάβουμε,1,0.15
διαθέτετε,1,0.15
θέλετε,1,0.15
αποστείλατε,1,0.15
εξηγείστε,1,0.15
καταπιστευματοδόχας,1,0.15
πιστωτικούιδρύματος,1,0.15
εξακριβωθούν,1,0.15
παρόντος·,1,0.15
καταπιστευματοδόχων,1,0.15
ενημερότητα,1,0.15
αλλοδαπής·,1,0.15
αφιερώσει,1,0.15
επιδιωώνχ,1,0.15
διευθύνουν,1,0.15
διαδραματίσουν,1,0.15
καταχωρισμένους,1,0.15
προσεχούς,1,0.15
πληθοχρηματοδότησης,1,0.15
μικροχρηματοδότηση,1,0.15
πληθοχρηματοδότηση,1,0.15
"περιπτώσεις,»·",1,0.15
"1,»·",1,0.15
προϋποθέσεις.»·,1,0.15
επιχειρηματικότητάς,1,0.15
26.10.2016,1,0.15
έχρηζαν,1,0.15
χαρακτηρισμού.»·,1,0.15
τέτοια.»·,1,0.15
ημέρας·»·,1,0.15
ασκούντες,1,0.15
πληροφόρησης·,1,0.15
κοινό.»·,1,0.15
ανεξάρτητου,1,0.15
τιςκρίσιμος,1,0.15
ρευστοί,1,0.15
ανθεκτικότητάς,1,0.15
ικανοποιήω,1,0.15
φερόμενης,1,0.15
κυρώσεων.16,1,0.15
2017/2114,1,0.15
εγκατεστημένο·,1,0.15
980)·,1,0.15
θυγατρικά,1,0.15
o-si,1,0.15
010-001,1,0.15
010-nnn,1,0.15
050-,1,0.15
συμπεριλήφθησαν,1,0.15
c08.01,1,0.15
c08.02,1,0.15
εμπιστευματικά,1,0.15
αποαναγνώριση,1,0.15
xvι·,1,0.15
xviι·,1,0.15
080)·,1,0.15
120)·,1,0.15
160)·,1,0.15
200)·,1,0.15
240)·,1,0.15
δηλώνεται,1,0.15
66.00,1,0.15
έως',1,0.15
εκταμιευτούν,1,0.15
2017/2154,1,0.15
πολυπλοκότερος,1,0.15
μηχανισμόμεταφορά,1,0.15
υπερβαίνειτο,1,0.15
τρόποισοδύναμο,1,0.15
αναμεμειγμένος,1,0.15
ζητούνταν,1,0.15
διαχωρισμένου,1,0.15
δέσμευση·,1,0.15
αδειοδοτημένα/-εςς,1,0.15
εθεωρούντο,1,0.15
2017/2185,1,0.15
πολυδιάστατος,1,0.15
εκφραζουν,1,0.15
mda,1,0.15
υπερθερμία,1,0.15
υποθερμία,1,0.15
λιθοτριψίο,1,0.15
αιμαφαίρεση,1,0.15
ωτορινολαρυγγολογικά,1,0.15
καρδιαγγειακός,1,0.15
αγγειακός,1,0.15
νευραγγειακά,1,0.15
οστικός,1,0.15
μαλακών,1,0.15
αιμοδιύλισης,1,0.15
εμφυτεύσιμοι,1,0.15
μπαλόνι,1,0.15
μεταδιδομένων,1,0.15
επαναχρησιμοποιήσιμα,1,0.15
βιολογικώς,1,0.15
επιχρίσμα,1,0.15
διασπείρω,1,0.15
mdt,1,0.15
ivr,1,0.15
abo,1,0.15
abo1,1,0.15
rh4,1,0.15
rh5,1,0.15
jkb,1,0.15
fy1,1,0.15
hla,1,0.15
προγεννητικός,1,0.15
λοιμωδών,1,0.15
λοιμώδεις,1,0.15
δυσανεξία,1,0.15
λοιμώδους,1,0.15
εγκυμοσύνη,1,0.15
ivs,1,0.15
αυτοεξέταση,1,0.15
εκχωρημένες,1,0.15
ivt,1,0.15
ivp,1,0.15
χρωμοσωμικός,1,0.15
πηκτικότητα,1,0.15
κυτταρομετρία,1,0.15
ανοσοπροσδιορισμός,1,0.15
κυτταρόλυση,1,0.15
ραδιενέργεια,1,0.15
μικροσκοπία,1,0.15
νουκλεϊκός,1,0.15
οξέων,1,0.15
αλληλούχηση,1,0.15
ngs,1,0.15
φυσικοχημεία,1,0.15
ηλεκτροχημείος,1,0.15
ειδικοτήτων,1,0.15
βακτηριολογίας,1,0.15
μικροοργανισμός,1,0.15
αιματολογία,1,0.15
αιμόσταση,1,0.15
πήξη,1,0.15
ιστοσυμβατότητα,1,0.15
ανοσογενετικής,1,0.15
ανοσοϊστοχημεία,1,0.15
ιστολογία,1,0.15
ανοσολογία,1,0.15
μυκητολογία,1,0.15
παρασιτολογίας,1,0.15
ιολογίας,1,0.15
2017/2194,1,0.15
συνδυασμών,1,0.15
usd·,1,0.15
διάρκεια·,1,0.15
ταπαράγωγα,1,0.15
τηναναγνώριση,1,0.15
2017/2294,1,0.15
2]].,1,0.15
ενεχυριαστώ,1,0.15
τωνκεντρικός,1,0.15
δυσανάλογους,1,0.15
c090,1,0.15
c050,1,0.15
c100,1,0.15
2014/03,1,0.15
βεβαρημένες(-οι,1,0.15
συνοδευτικές,1,0.15
τετραμηνιαία,1,0.15
τετραμήνο,1,0.15
προερχομένων,1,0.15
επαλήθευσε,1,0.15
υποπίπτει,1,0.15
λανθασμένα,1,0.15
ίδρυμα-αποδέκτης,1,0.15
σύστημ,1,0.15
εισφορές·,1,0.15
εγκαίρως·,1,0.15
ισοσκελισμένος,1,0.15
εισφορά·,1,0.15
επηρεαζόμενης,1,0.15
εξουσίες·,1,0.15
σημειώθηκαν,1,0.15
κατεπείγων,1,0.15
ιδιοχείρωςς,1,0.15
προσάπτω,1,0.15
ειδοποάιλω,1,0.15
1310/2014,1,0.15
11.12.2014,1,0.15
δημιουργήστε,1,0.15
δραστηριοτήτων·,1,0.15
κρίνετε,1,0.15
η[επωνυμία,1,0.15
σεπμδ,1,0.15
ρυθμίσειςστ,1,0.15
"ρυθμίσεις],στις",1,0.15
αντιπροσώπου(επισυνάψτε,1,0.15
τηνομοθεσία,1,0.15
3/άρθρο,1,0.15
τερματισμού].,1,0.15
υποκαταστήματος]/την,1,0.15
αντιστρέπω,1,0.15
απροσδόκητα,1,0.15
"a4,sa·",1,0.15
"a2,saς",1,0.15
"a2,irb",1,0.15
διαφάνηκε,1,0.15
καλοκαίρι,1,0.15
τιμολογήσεις,1,0.15
στιγματισμός,1,0.15
framework,1,0.15
εφεδρικά,1,0.15
ιδρυθείσα,1,0.15
αναδιαρθρώσει,1,0.15
χωρίσει,1,0.15
συμψηφιζόμενας,1,0.15
καθεαυτού,1,0.15
1/(p,1,0.15
1/(p·,1,0.15
άγνωπό,1,0.15
τεκμαιρόμενες,1,0.15
καμίος,1,0.15
προκύψει,1,0.15
αντεγγυητή,1,0.15
270γ,1,0.15
270δ,1,0.15
υποδειχθεί,1,0.15
αρχέςπου,1,0.15
519α,1,0.15
μετατρέποντάς,1,0.15
επανασυσκευάζει,1,0.15
δανειοδοτήση,1,0.15
άνισοι,1,0.15
αποσαφηνίσεων,1,0.15
κεκτημένου,1,0.15
εύκολης,1,0.15
εκταμιεύσεων,1,0.15
αγοράστριος,1,0.15
επιτήρησης,1,0.15
διευκολύνσεα,1,0.15
υποστηριζόμενων,1,0.15
διασφαλισμένοι,1,0.15
ορισθείσης,1,0.15
επαληθευτή,1,0.15
ανταλλαχθούν,1,0.15
"22],εξεδωσαν",1,0.15
τιτλοποιεί·,1,0.15
κατάταξη·,1,0.15
fatf·,1,0.15
αξιόχρεου,1,0.15
χορηγούν,1,0.15
payment-related,1,0.15
όργανό,1,0.15
—μετρούμενος,1,0.15
ετών—,1,0.15
διατήρησης·,1,0.15
διατηρημένου,1,0.15
ζητώνη,1,0.15
εύρυθμα·,1,0.15
βραχυπρόθεσμους,1,0.15
λειτουργούσαςς,1,0.15
2014/17/εε·,1,0.15
διαφανης,1,0.15
εύνοια,1,0.15
αποκατασταθείσες,1,0.15
οες·,1,0.15
εξόφλησης)·,1,0.15
εξολοκλήρος,1,0.15
συμβάντα·,1,0.15
κοινοποιήσεως,1,0.15
ακεραιότητα·,1,0.15
προϊσταμένος,1,0.15
επικαιροποιηθούν·,1,0.15
αποκομίσθηκε,1,0.15
τελέσθηκε,1,0.15
απέφυγε,1,0.15
διωκτικός,1,0.15
διαπιστωμένης,1,0.15
αποκατάσταση·,1,0.15
οεσκ,1,0.15
2017/2417,1,0.15
30/360,1,0.15
πραγματικές/365f,1,0.15
2017/2446,1,0.15
εντόπισε,1,0.15
"156,8",1,0.15
2018/63,1,0.15
etn)·,1,0.15
2018/64,1,0.15
αγοράω,1,0.15
2018/66,1,0.15
πολλαπλασιασμένης,1,0.15
διαιρούμενου(-ης,1,0.15
2018/67,1,0.15
απογοήτευση,1,0.15
προέλθουν,1,0.15
2.1.1.7,1,0.15
διαρθρωσεις,1,0.15
υπολογισμο,1,0.15
κεντρικων,1,0.15
κυβερνησεων,1,0.15
χρηματοπιστωτικα,1,0.15
διαχρονικη,1,0.15
συνιστώσες·,1,0.15
καθυστερημένο,1,0.15
αιτούμενης,1,0.15
συμμετοχή)·,1,0.15
κατάθεση·,1,0.15
συναντηθούν,1,0.15
υπόθεση·,1,0.15
επιφορτιστούν,1,0.15
αναλαμβάνονται·,1,0.15
οροσήμων,1,0.15
-τα,1,0.15
συμπληρώσετε,1,0.15
-α,1,0.15
περαιτέρωδημοσιοποίηση,1,0.15
ζητείτε,1,0.15
δώσετε,1,0.15
ταχυδρομείου].,1,0.15
συλλέξαμε,1,0.15
δώστε,1,0.15
αίτηση].,1,0.15
πληροφορίες].,1,0.15
8/2004,1,0.15
0486,1,0.15
0862,1,0.15
2015/1437,1,0.15
0032,1,0.15
2015/1467,1,0.15
1174,1,0.15
2018/373,1,0.15
1612,1,0.15
2018/374,1,0.15
1605,1,0.15
2018/445,1,0.15
2018/1743,1,0.15
1825,1,0.15
1789,1,0.15
δισφαινόλη,1,0.15
2019/341,1,0.15
600/2014”·,1,0.15
2018/546,1,0.15
2018/10,1,0.15
ενημερώσεών,1,0.15
τηρητέα,1,0.15
επαναδιατυπώνουν,1,0.15
ευωπαϊκός,1,0.15
προϊστάμενους,1,0.15
περιέλευση,1,0.15
αντικαθιστάμενου,1,0.15
1.6.2017,1,0.15
tralli,1,0.15
c:2005:306,1,0.15
14.6.2014,1,0.15
2018/463,1,0.15
2018/494,1,0.15
2001/65/εκ,1,0.15
27.10.2001,1,0.15
89/117/εοκ,1,0.15
16.2.1989,1,0.15
2009/44/εκ,1,0.15
11.12.2015,1,0.15
1-7,1,0.15
13-21,1,0.15
2018/751,1,0.15
σημειωθείσα,1,0.15
αποφασισμένος,1,0.15
σύνδεσης,1,0.15
επισυνάπεται,1,0.15
20.3.2004,1,0.15
2018/817,1,0.15
1002,1,0.15
παραγώγων.»·,1,0.15
1248,1,0.15
1249,1,0.15
31βγε,1,0.15
31βγστ,1,0.15
0149,1,0.15
31βγζ,1,0.15
31βγη,1,0.15
1515,1,0.15
32013r0148.a09].,1,0.15
31βγιε,1,0.15
2205,1,0.15
2015/1515,1,0.15
1003,1,0.15
1178,1,0.15
31βγια,1,0.15
31βγιβ,1,0.15
31βγιγ,1,0.15
31βγιδ,1,0.15
31βγιζ,1,0.15
αδειοδοτημένων,1,0.15
ηβ·,1,0.15
2018/2047,1,0.15
2017/2441,1,0.15
2018/2059,1,0.15
0847,1,0.15
32015l0849,1,0.15
αχρεώστητος,1,0.15
αποσιώπηση,1,0.15
ευεργετήματος,1,0.15
καθοριστέο,1,0.15
1675,1,0.15
απόφασης].,1,0.15
2018/5,1,0.15
2018/8,1,0.15
εκείνες.»·,1,0.15
ομίλου]·,1,0.15
διαθέσιμα]·ς,1,0.15
επικράτειας·,1,0.15
ρόλο·,1,0.15
παρούσας].,1,0.15
2018/308,1,0.15
απλουστευμένες,1,0.15
πληροίται,1,0.15
σκοπούμενη,1,0.15
εισήχθηκε,1,0.15
εκτ).»·,1,0.15
σηματοδοτήσεις,1,0.15
εξαγάγω,1,0.15
τεσσαρακοστή,1,0.15
τόκους.»·,1,0.15
δυνατού.»·,1,0.15
δυσχερείς,1,0.15
οποία/-ες,1,0.15
προεξοφλημένα,1,0.15
στάδια,1,0.15
εφαρμοστέας,1,0.15
επιλογές·,1,0.15
δικαιόχρησης·,1,0.15
συνδυασμένων,1,0.15
2018/344,1,0.15
2014/59/εε·,1,0.15
αντοχής·,1,0.15
ανεπίσημος,1,0.15
εγκληματικότητα,1,0.15
μοτίβα,1,0.15
κατάσχεση·,1,0.15
εδαφιο,1,0.15
μετατραπέντων,1,0.15
παρεκτείνονται,1,0.15
2018/405,1,0.15
προεξοφλούμενων,1,0.15
b4.1.11ς,1,0.15
a2ς,1,0.15
γλυκιδυλεστέρας,1,0.15
καδμίου·,1,0.15
διυδροξείδιο,1,0.15
κάδμιο·,1,0.15
δινιτρικό,1,0.15
ανθρακινόνη,1,0.15
n′-μεθυλενοδιμορφολίνη]·,1,0.15
"3,3′-μεθυλενοδις[5-μεθυλοξαζολιδίνη]·",1,0.15
οξαζολιδίνη]·,1,0.15
1:1)·,1,0.15
"τριμεθυλο-1,3,5-τριαζινο-1,3,5(2h,4h,6h)-τριαιθανόλη]·",1,0.15
μεθυλυδραζίνη,1,0.15
10325-94-7,1,0.15
2-μεθυλο-1-(4-μεθυλοθειοφαινυλο)-2-μορφολινοπροπαν-1-όνη,1,0.15
"2rs,3rs·2rs,3sr)-2-(4-χλωροφαινυλο)-3-κυκλοπροπυλο-1-(1h-1,2,4-τριαζολ-1-υλο)-βουταν-2-όλη",1,0.15
διλαουρικός,1,0.15
διβουτυλοκασσίτερος·,1,0.15
διβουτυλο[δις(δωδεκανοϋλοξυ)]κασσιτεράνιο,1,0.15
δεκαεννεαφθοροδεκανοϊκό,1,0.15
νάτριο,1,0.15
triadimenol,1,0.15
"1rs,2rs·1rs,2sr)-1-(4-χλωροφαινοξυ)-3,3-διμεθυλο-1-(1h-1,2,4-τριαζολ-1-υλο)-βουταν-2-όλη·",1,0.15
"β-(4-χλωροφαινοξυ)-1h-1,2,4-τριαζολο-1-αιθανόλη",1,0.15
κινολιν-8-όλη·,1,0.15
8-υδροξυκινολίνη,1,0.15
thiacloprid,1,0.15
θειακλοπρίδη,1,0.15
"z)-3-(6-χλωρο-3-πυριδυλομεθυλο)-1,3-θειαζολιδιν-2-υλιδενοκυαναμίδιο·",1,0.15
"2z)-3-[(6-χλωροπυριδιν-3-υλο)μεθυλο]-1,3-θειαζολιδιν-2-υλιδενοκυαναμίδιο",1,0.15
καρβεταμίδιο,1,0.15
καρβανιλικό,1,0.15
φαινυλοκαρβαμιδικός,1,0.15
2r)-1-(αιθυλαμινο)-1-οξοπροπαν-2-υλεστέρας,1,0.15
16118-49-3,1,0.15
2018/708,1,0.15
εεsma,1,0.15
–βλέπε,1,0.15
n-3,1,0.15
πολυμεταβλητός,1,0.15
a.6.20,1,0.15
a.6.14ς,1,0.15
δυσμενές,1,0.15
a.6.37,1,0.15
δευτερεύοντα,1,0.15
a.6.71,1,0.15
a.6.72,1,0.15
a.6.82,1,0.15
τοιαύτος,1,0.15
αποτιμήθηκε,1,0.15
υπολογισθείσα,1,0.15
δεκεμβρίουίου,1,0.15
7.12.2017,1,0.15
σύγχρονη,1,0.15
χιii,1,0.15
2.2.1.23,1,0.15
2.2.1.21.1,1,0.15
2.2.2.15.1.1.2,1,0.15
1.3.2.1.1,1,0.15
2.1.5.1.1,1,0.15
1.1.3.»·,1,0.15
υπερσύγχρονος,1,0.15
συντακτικός,1,0.15
φαρδύτερων,1,0.15
θανατηφόρων,1,0.15
ευδιακριτότητα,1,0.15
40a,1,0.15
6.6.2018,1,0.15
ερχομένου,1,0.15
6.15.1,1,0.15
πλάγια,1,0.15
οχήματος.»·,1,0.15
αντανακλαστήρα.»·,1,0.15
κλειστώ,1,0.15
βρίσκονται:»·ς,1,0.15
περίοδοι·,1,0.15
20-2000,1,0.15
7.4.2,1,0.15
khz,1,0.15
20-1000,1,0.15
παλμών,1,0.15
4600,1,0.15
m»·,1,0.15
ακρότατα,1,0.15
οπίσθιοι,1,0.15
εξοπλισμένου,1,0.15
6.15.5,1,0.15
ελασμάτων,1,0.15
2018/830,1,0.15
τ3,1,0.15
τ4.3,1,0.15
t4.3/c4.3»·,1,0.15
35α,1,0.15
2018.»·,1,0.15
πίνακα.»·,1,0.15
3.8.2,1,0.15
3.8.2.7,1,0.15
3.8.3.»·,1,0.15
ψύχονται,1,0.15
3.11.2.7»·,1,0.15
2017.»·,1,0.15
δοκιμής.»·,1,0.15
στροφαλοφόροι,1,0.15
προτύπου.»·,1,0.15
τοίχων,1,0.15
-φεβρουάριος,1,0.15
t1/c1,1,0.15
t4.2/c4.2,1,0.15
t4.3/c4.3,1,0.15
c4.2,1,0.15
άκρα.»·,1,0.15
διάμεσα,1,0.15
τροχών.»·,1,0.15
σώτρας,1,0.15
"1,75·»·",1,0.15
αριστερά.»·,1,0.15
b0,1,0.15
τροχών·»·ς,1,0.15
d2,1,0.15
άξονα·»·,1,0.15
3.1.4.3.2.2,1,0.15
οπισθίων,1,0.15
κατωφέρεια·»·,1,0.15
ερπυστριών.»·,1,0.15
εμπρόσθιων,1,0.15
6.7).»·,1,0.15
3.1.5.6,1,0.15
καλύμματος,1,0.15
3.1.5.9,1,0.15
6.9,1,0.15
ερπύστριες.»·,1,0.15
3.2.5.4,1,0.15
άκαμπτης,1,0.15
διαδοκίδας,1,0.15
σταυρωτός,1,0.15
χουκ,1,0.15
σύνθλιψης.»·,1,0.15
3.3.2.2,1,0.15
τρισδιάστατας,1,0.15
άξονα.»·,1,0.15
tab(40,1,0.15
1160,1,0.15
b0=,1,0.15
περίπτωση»·,1,0.15
πτυσσόμενων,1,0.15
β3.»·,1,0.15
φορτίσεων,1,0.15
διαμήκος,1,0.15
διάμεσου,1,0.15
φόρτιση.»·,1,0.15
β3ς,1,0.15
ανέβει,1,0.15
κατέβει,1,0.15
κατεβάνω,1,0.15
προξενήσω,1,0.15
προσπελάσιμες,1,0.15
εξώτερα,1,0.15
ευθείων,1,0.15
στεφάνης,1,0.15
φουσκώνονται,1,0.15
μετατροχίου·,1,0.15
7.14,1,0.15
γροθιά,1,0.15
13854:1996,1,0.15
ζώνες·,1,0.15
συγκράτησης)·,1,0.15
επισκευάζω,1,0.15
επισκευάστηκε,1,0.15
επαναφέροντάς,1,0.15
καλοκαιρία,1,0.15
πτώσης.»·,1,0.15
στερεωμένη,1,0.15
δοκιμών»·,1,0.15
215»·,1,0.15
10–,1,0.15
089»·,1,0.15
062,1,0.15
οριοθετηθούν,1,0.15
αποκάλυψαν,1,0.15
κατέδειξαν,1,0.15
περιβαντολλογικός,1,0.15
εργοστάσια,1,0.15
αυτοκινητοβιομηχανίας,1,0.15
αλλήλους,1,0.15
αναζητούνται,1,0.15
συντονίζουσα,1,0.15
σπάνιων,1,0.15
ωφελούταν,1,0.15
συμβολών,1,0.15
συναρμοδιότητα,1,0.15
οχήματός,1,0.15
προσαρτήθηκαν,1,0.15
εναρμόνισή,1,0.15
ορίζομαι,1,0.15
εξεταστούν,1,0.15
εμπειρικά,1,0.15
παραποιώ,1,0.15
ορθολογικότητας,1,0.15
λιμένων,1,0.15
αερολιμένων·,1,0.15
αυτοπροωθούμενο,1,0.15
δρόμου·,1,0.15
αυτοπροωθούμενος,1,0.15
ορυκτά,1,0.15
έλαια·,1,0.15
ελκόμενο,1,0.15
ο(οι,1,0.15
ευρίσκεται/-ονται,1,0.15
τοποθετημένος/-οι,1,0.15
όπισθενς,1,0.15
γνωστού,1,0.15
ορισμού·,1,0.15
περατώθηκε,1,0.15
επιβάτες·,1,0.15
διοικούμαι,1,0.15
μη-συμμόρφωσος,1,0.15
δαπάναις,1,0.15
επισκοπήσεων,1,0.15
δρομολογηθείσες,1,0.15
προσιτοί,1,0.15
κατασκευάσει,1,0.15
προσθένω,1,0.15
κατασκευαστή·ς,1,0.15
παρό,1,0.15
επαληθεύτηκε,1,0.15
σημασμένα,1,0.15
εγκρισεις,1,0.15
ταξινομήνω,1,0.15
επισκευά,1,0.15
εξοπλισμός·,1,0.15
τηλεφορτώσεων,1,0.15
τηλεδιάγνωση,1,0.15
τηλεπρόσβαση,1,0.15
obd,1,0.15
ασύρματα,1,0.15
αποδεικνύει,1,0.15
check-list,1,0.15
δοκιμός,1,0.15
αιτιολογημένοι,1,0.15
παραποιηθεί,1,0.15
αποκρυφτεί,1,0.15
επέβαλαν,1,0.15
αποτρεπτικότητας,1,0.15
19.8.2016,1,0.15
τροχόσπιτα,1,0.15
νεκροφόρος,1,0.15
θωρακισμένα,1,0.15
κινητοί,1,0.15
γερανοί,1,0.15
αμαξωματος,1,0.15
εισαγωγικο,1,0.15
χωρέζω,1,0.15
καθιστός,1,0.15
άνδρα,1,0.15
ενήλικης,1,0.15
αδιαίρετος,1,0.15
εικονογράμματος,1,0.15
καθήμενου·,1,0.15
μαξιλαριού,1,0.15
καθίσματος·,1,0.15
κατειλημμένη,1,0.15
έλξει,1,0.15
μηχανοκίνητου,1,0.15
τροχοφορείος,1,0.15
ημιρυμουλκουμένο,1,0.15
orv,1,0.15
-διατάξεις,1,0.15
27956,1,0.15
n1·,1,0.15
κατειλημμένος,1,0.15
διακινήζω,1,0.15
βίντσι,1,0.15
σειρά(-ές,1,0.15
επίπεδη·,1,0.15
όρθια,1,0.15
επιβαίνοντες,1,0.15
ορθογωνικός,1,0.15
οπίσθια(-ες,1,0.15
ανοικτή(-ές)·,1,0.15
3.8.2.2,1,0.15
3.8.2.3.2,1,0.15
3.8.2.3.1,1,0.15
άξονής,1,0.15
απεμπλακούν·,1,0.15
4.3(β,1,0.15
4.5(β,1,0.15
τραπέζι·,1,0.15
ύπνος,1,0.15
μαγειρείου·,1,0.15
θωρακισμένο,1,0.15
αλεξίσφαιρη,1,0.15
μεταφερομένων,1,0.15
ασθενοφόρο,1,0.15
τραυματιών,1,0.15
νεκροφόρα,1,0.15
3.2.1.3,1,0.15
αδιαίρετων,1,0.15
άξονέςς,1,0.15
ο4,1,0.15
5.4·,1,0.15
οδικώς,1,0.15
βιδώνω,1,0.15
συγκολλάται,1,0.15
μπερλίνα,1,0.15
παράπλευρων,1,0.15
1.1.2·,1,0.15
άλλος)·,1,0.15
v6ς,1,0.15
καύσης·,1,0.15
κύκλο)·,1,0.15
ορόφων,1,0.15
δύο)·,1,0.15
αρθρωτά)·,1,0.15
οχημάτων)·,1,0.15
ολοκληρωμένο)·,1,0.15
v8ς,1,0.15
ημιφορτηγός,1,0.15
πλαισίου-θαλάμου,1,0.15
μεταξόνια,1,0.15
ύψη,1,0.15
3.1.2·,1,0.15
ηλεκτρικό)·,1,0.15
στρέψη,1,0.15
παραλλαγές,1,0.15
ανάρτηση)·,1,0.15
ημιχαμηλού,1,0.15
ανυψούμενοι,1,0.15
φορτιζόμενοι,1,0.15
αντίστροφα)·,1,0.15
ρωμαϊκά,1,0.15
159af[,1,0.15
κενό]0054[,1,0.15
ψηφίος,1,0.15
καπό,1,0.15
τριών,1,0.15
3.1.1.6,1,0.15
περιπτωσιακά,1,0.15
διατεταγμένοι,1,0.15
επάλληλος,1,0.15
ράγα,1,0.15
πλαίσιο-κάλυμμα,1,0.15
ράγες,1,0.15
ζεύγεται,1,0.15
άφορτος,1,0.15
λιπαντικά,1,0.15
6.11,1,0.15
ολόσωμο,1,0.15
εξέχω,1,0.15
διδύμων,1,0.15
ανέρχεμαι,1,0.15
αναρριχητικότητας,1,0.15
πρανές,1,0.15
κλίνη·,1,0.15
κλειστό,1,0.15
εμπορευματοκιβωτίων·,1,0.15
ανυψωτήρας,1,0.15
αγκίστρου·,1,0.15
ανατρεπόμενο·,1,0.15
δεξαμενή·,1,0.15
ζώων·,1,0.15
μπετονιέρα·,1,0.15
απορριμματοφόρο,1,0.15
οχήματα-σκούπες,1,0.15
δρόμας,1,0.15
πλύσεω,1,0.15
αποχέτευσης·,1,0.15
αεροσυμπιεστής·,1,0.15
σκαφών·,1,0.15
ανεμοπλάνων·,1,0.15
επίδειξης·,1,0.15
περισυλλογής·,1,0.15
κλίμακα·,1,0.15
εναέριας,1,0.15
δράπανου,1,0.15
ιτμ,1,0.15
οπίσθιες,1,0.15
κρούσης,1,0.15
σφραγισμένης,1,0.15
αλογόνων,1,0.15
σδα,1,0.15
προσκέφαλα,1,0.15
ccd)·,1,0.15
ccd,1,0.15
σσο,1,0.15
5a,1,0.15
6a,1,0.15
9a,1,0.15
13a,1,0.15
13b,1,0.15
15b,1,0.15
18a,1,0.15
20a,1,0.15
21a,1,0.15
22b,1,0.15
22c,1,0.15
24a,1,0.15
25b,1,0.15
25c,1,0.15
25d,1,0.15
25e,1,0.15
25f,1,0.15
26a,1,0.15
28a,1,0.15
29a,1,0.15
32a,1,0.15
35a,1,0.15
37a,1,0.15
43a,1,0.15
44a,1,0.15
46a,1,0.15
46d,1,0.15
46e,1,0.15
48a,1,0.15
52b,1,0.15
71.ς,1,0.15
δυναμομετρικός,1,0.15
bas,1,0.15
5.2.3.1,1,0.15
8.3.1.1.1,1,0.15
8.3.1.1.2,1,0.15
65/2012,1,0.15
β»)·,1,0.15
πλαστογραφημένα,1,0.15
wp.29,1,0.15
ντεσιμπέλ,1,0.15
πετρελαιοκίνητα,1,0.15
σερβομηχανισμό,1,0.15
6.2.7,1,0.15
6.1.2.2.4,1,0.15
εκπεμπόμενες,1,0.15
1113-41,1,0.15
αντικλεπτικά,1,0.15
3779:1983,1,0.15
3780:1983,1,0.15
22-3,1,0.15
πεδήσεως,1,0.15
προβολής,1,0.15
εκσφενδονίσεις,1,0.15
ιλύος,1,0.15
πάγου,1,0.15
κινούμενους,1,0.15
μάζες,1,0.15
σκληρυμένος,1,0.15
κινηματικός,1,0.15
ομοσπονδιακά,1,0.15
αυτοκινήτων,1,0.15
society,1,0.15
"0,047",1,0.15
"0,561",1,0.15
"0,328",1,0.15
"9,481",1,0.15
βενζινοκινητήρα·,1,0.15
"26,49",1,0.15
ντιζελοκινητήρα,1,0.15
ανταλλακτικοί,1,0.15
+a2,1,0.15
5.4.2.2,1,0.15
αγκύρωση(-εις,1,0.15
8.2.2.4,1,0.15
8.3.4ς,1,0.15
άχρηστος,1,0.15
"24,5",1,0.15
άβαφος,1,0.15
z1,1,0.15
καρκινοβάτηση,1,0.15
92/22/εοκ,1,0.15
επάστεκη,1,0.15
εξαίρεση(-εις,1,0.15
αδρανοποιώ,1,0.15
ασταθές,1,0.15
ελεγχόμενες,1,0.15
ύαλος,1,0.15
επιτρέπονται,1,0.15
isofix,1,0.15
νεκροφόρες,1,0.15
ορατής,1,0.15
kw·,1,0.15
2db(a,1,0.15
αναθυμιάση,1,0.15
ανταπεξέλθει,1,0.15
7176-19:2008,1,0.15
πράξη(-εις,1,0.15
ανάπαυση,1,0.15
μετατοπισθούν,1,0.15
16.2.2012,1,0.15
αποθόλωση,1,0.15
28.7.2010,1,0.15
13.5.2011,1,0.15
21.4.2012,1,0.15
24.4.2012,1,0.15
wp.,1,0.15
29/34,1,0.15
διακριτικότητα,1,0.15
δεξιότητες·,1,0.15
ορισμό·,1,0.15
έκθεσης(-ων,1,0.15
επαναξιολογήσεις,1,0.15
βελτιωτικός,1,0.15
αλληλογραφία·,1,0.15
19011:2011,1,0.15
ts16949:2009·,1,0.15
λάβει(-ουν,1,0.15
χψω,1,0.15
δοκιμίο,1,0.15
ποσοτικα,1,0.15
σειρων,1,0.15
ενδεχεται,1,0.15
ενδεδειγμενες,1,0.15
δυνατο,1,0.15
δοκιμης,1,0.15
σκοπός·,1,0.15
όροι·,1,0.15
υπολογισμοί·,1,0.15
βατήρων,1,0.15
κλείθρων,1,0.15
επιταχύνσεις,1,0.15
6.22.9.2.2,1,0.15
ανυψούμενος,1,0.15
φορτιζόμενος,1,0.15
κύρτωση,1,0.15
3.6.3,1,0.15
7.4.5,1,0.15
επωνυμια,1,0.15
βιβλιάριο,1,0.15
διαγράμματα·,1,0.15
αέριο·ς,1,0.15
αεριοκίνητων,1,0.15
επουσιωδών,1,0.15
22900,1,0.15
υπεύθυνος(-οι,1,0.15
σταδίου(-ων)·,1,0.15
εμπλέκεται(-ονται,1,0.15
κατασκευαστών·,1,0.15
rp1210β,1,0.15
rp1210b,1,0.15
αποκρίνομαι,1,0.15
διαμαρτυρία,1,0.15
πιστοποιεί,1,0.15
τουπαραρτήματος,1,0.15
—.,1,0.15
διευθυνσεις,1,0.15
δικτυακωνς,1,0.15
εκπροσωπου,1,0.15
κατασκευαστή,1,0.15
κύκλα,1,0.15
προρρύθμισης,1,0.15
παράμετροι·,1,0.15
προρρύθμιση,1,0.15
συνδέσμους,1,0.15
σφάλματος·,1,0.15
83·,1,0.15
χρονοσήμαντρα,1,0.15
πλαίσια·,1,0.15
παραλλαγών·,1,0.15
ενδεχόμενα·,1,0.15
δενδροειδής,1,0.15
καθοδηγούμενης,1,0.15
διαγνωστική,1,0.15
ανταλλακτικών)·,1,0.15
επανα-)προγραμματισμός,1,0.15
παράγραφοι8,1,0.15
αντλιοφόρο,1,0.15
σκυροδέματος·,1,0.15
cfc,1,0.15
2018/959,1,0.15
αλληλένδετων,1,0.15
διενεργούμενης,1,0.15
υποβαλλόμενης,1,0.15
πολύπλευρος,1,0.15
αντιπαραβάλω,1,0.15
εξελιγμένο,1,0.15
γνωστά,1,0.15
ανακτώμενας,1,0.15
διατυπωμένοι,1,0.15
συντηρητικότερων,1,0.15
συλλεχθέντος,1,0.15
προσήκουσαςς,1,0.15
αποτυπωμένη,1,0.15
υστέρηση)·,1,0.15
ηθικοί,1,0.15
κατανεμηθέντων,1,0.15
συντάκτη,1,0.15
αναθεωρητή,1,0.15
καλύπτο,1,0.15
χειρωνακτικός,1,0.15
συναπτά,1,0.15
αναπαριστώ,1,0.15
εποπτική,1,0.15
στιβαρότητα,1,0.15
τρόπας,1,0.15
ολίγον,1,0.15
διαφυγόντα,1,0.15
υπερωριακός,1,0.15
εξώθηση,1,0.15
παραποιημένη,1,0.15
αγνοία,1,0.15
ταυτοτήτων,1,0.15
διαπίστωσή,1,0.15
κλιμακοθέτηση,1,0.15
επαναλήψιμος,1,0.15
αποκρίσεις,1,0.15
πραγματωθεί,1,0.15
προορατικοί,1,0.15
αποπληθωρισμός,1,0.15
ποικίλα,1,0.15
καταλογισθέντα,1,0.15
διαπιστωθέντων,1,0.15
καταλογισθέντων,1,0.15
ιδιοσυγκρασία,1,0.15
λοξότητας,1,0.15
λοξότητα,1,0.15
υπο-εκθετικός,1,0.15
φθίνω,1,0.15
εκθετικός,1,0.15
συναρτήση,1,0.15
εκτιμήτρια,1,0.15
γενικεύσεων,1,0.15
κλασικός,1,0.15
εκτιμητρία,1,0.15
άγνωστης,1,0.15
κατανομής,1,0.15
μονοτονία,1,0.15
διαμέσος,1,0.15
ξακρισμένος,1,0.15
έκτακτας,1,0.15
ασφαλιση,1,0.15
αντασφαλίζουν,1,0.15
κύριου,1,0.15
προαναφερόμενης,1,0.15
πιθανοφανεία,1,0.15
επαναφορών,1,0.15
αναπροσαρμοστούν,1,0.15
ήσσονας,1,0.15
8.22.4.2·,1,0.15
2.1.1·,1,0.15
ισχύος»·,1,0.15
κινητήρας»·,1,0.15
8.22.4.2,1,0.15
πληρούμενος,1,0.15
43.2,1,0.15
43.5.3,1,0.15
όχημα)»·,1,0.15
τύμπανο,1,0.15
χτμ»·,1,0.15
2016/1628»·,1,0.15
e85,1,0.15
3b»·,1,0.15
αντιτιθέμενου,1,0.15
ακτινικοί,1,0.15
προσδιοριστεί)»·,1,0.15
6.1.7,1,0.15
43.5.1,1,0.15
28)»·,1,0.15
εξουσιοδότηση)(1,1,0.15
παρατηρήσεις:»·ς,1,0.15
43.4.6,1,0.15
33p,1,0.15
προδιαγραφές)»·,1,0.15
καθοριστεί)»·,1,0.15
τροποποίηση.»·,1,0.15
9.3.3.»·,1,0.15
κενό.»·,1,0.15
2016/1628,1,0.15
ft,1,0.15
2018/985”.»·,1,0.15
3)»·,1,0.15
2017/656.»·,1,0.15
8-1,1,0.15
04,1,0.15
2018/990,1,0.15
μακροοικονομικοί,1,0.15
μικροοικονομικοί,1,0.15
απλης,1,0.15
διαφανους,1,0.15
λαμβανονται,1,0.15
επαναπωλησης,1,0.15
αναθεωρούν,1,0.15
αμφισβήτηση·,1,0.15
σχεδιάνω,1,0.15
κατάλληλο(-οι,1,0.15
krone,1,0.15
2018/1221,1,0.15
αναθεωρημένες,1,0.15
2009/138/εε,1,0.15
2017/2401,1,0.15
2017/2402·»·,1,0.15
"79,0",1,0.15
"100,0",1,0.15
178α,1,0.15
178a,1,0.15
λύσεα,1,0.15
μεσάζοντης,1,0.15
αλυσιδωτός,1,0.15
σύναψαν,1,0.15
μέλος-αποδέκτη,1,0.15
ανάγκαζε,1,0.15
συμμετέχων—,1,0.15
αποτύχω,1,0.15
ενεργοποίησε,1,0.15
μερών-αποδεκτής,1,0.15
επιμηκύνω,1,0.15
iso·,1,0.15
παραληφθεί·,1,0.15
ώρας·,1,0.15
ωρών·,1,0.15
ανεπιτυχός,1,0.15
ανεπιτυχής,1,0.15
διακανονισθέν,1,0.15
διακανονισθέντος,1,0.15
αντιστοιχιστεί·,1,0.15
δακ)·,1,0.15
cpfod)·,1,0.15
διανεμηθείσες,1,0.15
αναποτελεσματική,1,0.15
συναλλαγή»)·ς,1,0.15
παραδοθέντα,1,0.15
καταβληθείσος,1,0.15
εκκαθαριστικά-μέλη,1,0.15
buy-in»·,1,0.15
γνωστοποιηθείσες,1,0.15
μέλη-αποδέκτες,1,0.15
εεεε-μμ-ηη-εεεε-μμ-ηη,1,0.15
διασυστημικά,1,0.15
προσδώζω,1,0.15
βιβλιοθήκα,1,0.15
τσάντα,1,0.15
πάνη,1,0.15
επιβραδυντός,1,0.15
υποδήμα,1,0.15
δορά,1,0.15
χαλιά,1,0.15
κλήθηκε,1,0.15
δορά·,1,0.15
κοινοβούλιου,1,0.15
ομογενούς,1,0.15
βενζο[a]ανθρακένιο,1,0.15
βενζο[e]ακεφαινανθρυλένιο,1,0.15
βενζο[a]πυρένιο·,1,0.15
βενζο[def]χρυσένιο,1,0.15
βενζο[j]φλουορανθένιο,1,0.15
βενζο[k]φλουορανθένιο,1,0.15
διβενζο[a,1,0.15
χλωροβενζοτριχλωρίδιο,1,0.15
βενζοτριχλωρίδιο,1,0.15
χλωροτολουόλιο·,1,0.15
βενζυλοχλωρίδιο,1,0.15
"1,2-βενζολοδικαρβοξυλικό",1,0.15
δι-(c,1,0.15
διακλαδισμένος,1,0.15
αλυσίδας)-αλκυλεστέρες,1,0.15
πλούσιος,1,0.15
c7,1,0.15
δις(2-μεθοξυαιθύλιο,1,0.15
διισοπεντυλεστέρας,1,0.15
πεντυλεστέρας,1,0.15
εξυλεστέρας,1,0.15
1-μεθυλο-2-πυρρολιδόνη,1,0.15
nmp,1,0.15
διμεθυλοφορμαμίδιο·,1,0.15
διμεθυλοφορμαμίδιο,1,0.15
βενζολαμίνη,1,0.15
"4,4′-(4-ιμινοκυκλοεξα-2,5-διενυλιδενομεθυλενο)διανιλίνη·",1,0.15
"4-[4,4′-δις(διμεθυλαμινο)βενζυδρυλιδενο]κυκλοεξα-2,5-διεν-1-υλιδενο]διμεθυλαμμώνιο·",1,0.15
κετόνη,1,0.15
202-027-5,1,0.15
τολουιδίνιο,1,0.15
θειική,1,0.15
"2,4-διαμινοανισόλη",1,0.15
υδροχλωρική,1,0.15
κινολίνη,1,0.15
2018/1557,1,0.15
finansinspektionen,1,0.15
κορώνα,1,0.15
οκταπλάσια,1,0.15
2018/1580,1,0.15
πγδ,1,0.15
ταϊλάνδης,1,0.15
ουόν,1,0.15
231/2013,1,0.15
2011/61/εε·»·,1,0.15
99.»·,1,0.15
εφαρμογή.»·,1,0.15
2011/61/εε.»·,1,0.15
1·»·,1,0.15
2009/65/εκ.»·,1,0.15
ημέρες·»·,1,0.15
διαθέσει.»·,1,0.15
ε)·»·,1,0.15
στοιχείο.»·,1,0.15
ιδρύματος·»·,1,0.15
περίπτωση·»·,1,0.15
ρευστότητας·»·,1,0.15
ii):»·,1,0.15
ληφθούν.»·,1,0.15
26.»·,1,0.15
διαδικτύου·»·,1,0.15
δικαιολογητικά.»·,1,0.15
αντισυμβαλλόμενος.»·,1,0.15
ισχύει.»·,1,0.15
τράπεζες.»·,1,0.15
περίοδος·,1,0.15
εισροής.»·,1,0.15
πράξης.»·,1,0.15
2018/1624,1,0.15
προτιμός,1,0.15
καταργηθεί,1,0.15
06.00,1,0.15
09.00,1,0.15
απεικονίσεις,1,0.15
υποβολή·,1,0.15
προσδιορίζουν,1,0.15
6.7.2016,1,0.15
υποδομες,1,0.15
αναγνωριζόμενες,1,0.15
πιστωτή,1,0.15
φυλάξεως,1,0.15
κεφαλαιαγορές,1,0.15
z-serv,1,0.15
1606/2002κανονισμός,1,0.15
παρεμβληθεί,1,0.15
επίσημο,1,0.15
περιμέτρου,1,0.15
"01.01;380,010",1,0.15
μετατρέφω,1,0.15
0365,1,0.15
01.02;020;010,1,0.15
01.02;150;010,1,0.15
0332,1,0.15
01.00;530;010,1,0.15
01.00;750;010,1,0.15
κελίς,1,0.15
04.00;770;010,1,0.15
04.00;780;010,1,0.15
ενδοομιλικέςς,1,0.15
απεριόριστες,1,0.15
l.4,1,0.15
l.14,1,0.15
g.4,1,0.15
05.02).τα,1,0.15
ψευδοκωδικοί,1,0.15
obs.1,1,0.15
obs.3,1,0.15
volksbank,1,0.15
m.b,1,0.15
voor,1,0.15
влоговете,1,0.15
в,1,0.15
банките,1,0.15
agencija,1,0.15
štednih,1,0.15
uloga,1,0.15
άλλων,1,0.15
finančního,1,0.15
bvr,1,0.15
γιβραλτάρ,1,0.15
innstæðueigenda,1,0.15
ιρλανδικό,1,0.15
investicijų,1,0.15
nederlandsche,1,0.15
ochrany,1,0.15
vkladov,1,0.15
συμπληρούμενα,1,0.15
χρεοπαγών,1,0.15
-2.8,1,0.15
4.7,1,0.15
04.04.01,1,0.15
2015/2366/εκ·,1,0.15
22.02,1,0.15
04.01,1,0.15
22.01,1,0.15
πραγματοποιηθείσων,1,0.15
2015/2366/εκ,1,0.15
σημαντικός·,1,0.15
περιορισμένος·,1,0.15
07.01;070,1,0.15
2.7.1.4,1,0.15
07.01,1,0.15
07.02;0060,1,0.15
07.01;0070,1,0.15
2.7.1.2,1,0.15
διψήφιο,1,0.15
μονοψήφιος,1,0.15
θεσμοθετημένη,1,0.15
0040-0050,1,0.15
0020.πρέπει,1,0.15
παρεμποδιζόταν,1,0.15
συντάκτης,1,0.15
παρέχουσες,1,0.15
επιτελούμενη,1,0.15
εμποδιζόταν,1,0.15
sss,1,0.15
κα-παράγωγα,1,0.15
α»)·,1,0.15
εμποθίσδιμαι,1,0.15
χρηματαποστολών,1,0.15
2018/1627,1,0.15
7»·,1,0.15
2&3,1,0.15
268,1,0.15
154ια,1,0.15
συνιστουν,1,0.15
και]50,1,0.15
—τιτλοποίηση,1,0.15
κινδύνους—,1,0.15
—συμπληρωματικός,1,0.15
εξόφλησης—,1,0.15
290-400,1,0.15
κκα—,1,0.15
1-υποθήκες,1,0.15
2-υποθήκες,1,0.15
3-απαιτήσεις,1,0.15
4-χρηματοδοτικός,1,0.15
5-δάνεια,1,0.15
6-καταναλωτικά,1,0.15
9-καλυμμένα,1,0.15
συσχετίσεων—,1,0.15
1.26,1,0.15
και.1.2.2,1,0.15
9.4.2.1(γ)(ii,1,0.15
πίστωση/,1,0.15
εξυπηρετούμενων·,1,0.15
τουκκα,1,0.15
c41.00,1,0.15
"250,030",1,0.15
3.8.4.1,1,0.15
1422·,1,0.15
2018/1637,1,0.15
επιφορτισμένο/-η,1,0.15
εναπόκεινται,1,0.15
συνεδρίασή,1,0.15
εκπροσωπούν·,1,0.15
διεξοδικότερο,1,0.15
ελαστικότερες,1,0.15
αξιόπιστη·,1,0.15
νόμο·,1,0.15
εμφανή·,1,0.15
ανακύψουν·,1,0.15
αυτοπροσώπως,1,0.15
ασκεί,1,0.15
βασιζόμενους,1,0.15
υποβάλλοντης,1,0.15
κρούσματος,1,0.15
εξαιρεθεί·,1,0.15
υποβαλλόντων·,1,0.15
2018/1640,1,0.15
βαίνουν,1,0.15
εποπτεύοντα,1,0.15
απρόοπτης,1,0.15
αναπληρωτών·,1,0.15
επαναξιολογούνται,1,0.15
εφημερίδας)·,1,0.15
2018/1641,1,0.15
θέματος,1,0.15
κατανοήνω,1,0.15
στάθμισή,1,0.15
αναξιόπιστες·,1,0.15
επαληθεύσιμη·,1,0.15
διαβουλεύσεις·,1,0.15
συντομότερου,1,0.15
διακυβευθεί,1,0.15
αντιπροσωπευτικός/-ή,1,0.15
2018/1642,1,0.15
αρτιότητάς,1,0.15
διατάρασσε,1,0.15
2018/1643,1,0.15
συνεισφέροντής,1,0.15
2018/1699,1,0.15
συγκρισιμότητητα,1,0.15
επιχείρησή,1,0.15
διαυγής,1,0.15
ιεράρχησης·,1,0.15
χαρακτηριστές,1,0.15
διαλυτότητα,1,0.15
διαβαθμιζόμενος,1,0.15
υποχρόνια,1,0.15
ιστοπαθολογικό,1,0.15
βρογχοκυψελιδικό,1,0.15
έκπλυμα,1,0.15
καταχωρίζοντες,1,0.15
καταχώρισης.»·,1,0.15
0.3,1,0.15
λειτουργίας.»·,1,0.15
0.5,1,0.15
εκπονούμενο,1,0.15
στ·,1,0.15
σεξουαλικός,1,0.15
3.10·,1,0.15
0.11,1,0.15
1.0.3,1,0.15
3.0.2,1,0.15
ασφαλείας.»·,1,0.15
5.0,1,0.15
ασφάλειας:»·ς,1,0.15
συσσωμάτωση,1,0.15
xi.1.5,1,0.15
παρασκευασμένης,1,0.15
φουλερενίων,1,0.15
νανοσωλήνος,1,0.15
άκρα·,1,0.15
συστατικών·,1,0.15
κοινοχρησια,1,0.15
ερευνώντας,1,0.15
εξετάζοντας,1,0.15
απαιτήσεις.»·,1,0.15
νεων,1,0.15
παραπροϊόντων,1,0.15
παρεμποδιστών,1,0.15
φασματικά,1,0.15
υπεριώδους,1,0.15
υπέρυθρου,1,0.15
λειτουργικοποίησης,1,0.15
χαρακτηρισμός·,1,0.15
κρυσταλλικότητα,1,0.15
κελυφοειδών,1,0.15
κοίλων,1,0.15
2.4.»·,1,0.15
ετησιως,1,0.15
εισαγωγεα,1,0.15
qsar,1,0.15
στοιχεία.»·,1,0.15
7.7,1,0.15
υδρολυτικώς,1,0.15
οξειδώσιμη,1,0.15
ανόργανη,1,0.15
επιφανειοδραστικότητα,1,0.15
βίαια,1,0.15
οκτανόλη,1,0.15
8.4.1,1,0.15
8.4.3,1,0.15
9.1.5,1,0.15
προτιμώνται,1,0.15
φύκος,1,0.15
μεμβρανών,1,0.15
7.14β,1,0.15
8.5,1,0.15
8.5.3,1,0.15
αποδομείται,1,0.15
αποκλειστεί,1,0.15
πνευμόνων,1,0.15
μεταβολιτών,1,0.15
ανιχνευόταν,1,0.15
τοξικολογικό,1,0.15
ανοσοτοξικότητας,1,0.15
νευροτοξικότητας,1,0.15
τοξικοκινητική,1,0.15
9.1.3,1,0.15
ιλύ,1,0.15
μικρόβια,1,0.15
εισρέοντα,1,0.15
λύμα,1,0.15
νιτροποίηση,1,0.15
νιτροποιητικών,1,0.15
δοκιμή/-ές,1,0.15
εξετάζει/-ω,1,0.15
αβιοτικός,1,0.15
φωτόλυση,1,0.15
δοκιμής/-ώνς,1,0.15
9.2.2ς,1,0.15
9.2.2,1,0.15
αβιοτική,1,0.15
9.3.1,1,0.15
τρωκτικός,1,0.15
r48,1,0.15
πρόσληψης)·,1,0.15
στοματική,1,0.15
τοξικότητας·,1,0.15
ματιών·,1,0.15
επιδράσεων·,1,0.15
ψάριος,1,0.15
απίθανης,1,0.15
χερσαίους,1,0.15
προσροφηθούν,1,0.15
8.6.3,1,0.15
λειτουργικοποίηση,1,0.15
εκτεθειμένων,1,0.15
εμπλεκομένους,1,0.15
ενέργειες:»·,1,0.15
38–40,1,0.15
κοκκιώδη,1,0.15
2018/1889,1,0.15
συνυπογράφω,1,0.15
αναμορφωθεί,1,0.15
29.7.2017,1,0.15
21.5.2011,1,0.15
υυε,1,0.15
χρηματοδότηση)·,1,0.15
αξιώσεις·,1,0.15
επισπεύδλω,1,0.15
συμφωνημένου,1,0.15
παραδοτέα·,1,0.15
ζήτημα·,1,0.15
κυρώνω,1,0.15
εθνκτ)·,1,0.15
όργανα·,1,0.15
προεδρεύοντης,1,0.15
σύσκεψη,1,0.15
εθνκτ»)·,1,0.15
ισοψηφία,1,0.15
συνεδριάσεις,1,0.15
τηλεδιάσκεψη,1,0.15
αυτοδίκαια,1,0.15
επικαλούμαι,1,0.15
επικαλεστώ,1,0.15
iac,1,0.15
ημερησία,1,0.15
κωδικας,1,0.15
συμβουλίο,1,0.15
διαφαινόμενος,1,0.15
ευρωσυστήματος·ς,1,0.15
στερούμενος,1,0.15
προέδρου·,1,0.15
καλεί,1,0.15
γεννώνται,1,0.15
δεοντολογικού,1,0.15
διατάσσει,1,0.15
λεπτομέρειες·,1,0.15
πρόεδρο·,1,0.15
εμπιστευτικότητάς,1,0.15
μεταχειρίζονται,1,0.15
εργοδότη,1,0.15
παλιάς,1,0.15
2002/6,1,0.15
2015/11,1,0.15
κωδικα,1,0.15
αποκτώ·,1,0.15
εκμεταλλευτώ,1,0.15
αληθείς,1,0.15
διορισμου,1,0.15
υποψηφίου,1,0.15
λειτουργός,1,0.15
χηρεία,1,0.15
αυτοεξαιρούνται,1,0.15
2019/134,1,0.15
εοχ»·,1,0.15
περί»·,1,0.15
600/2014»·,1,0.15
2019/228,1,0.15
αυστρααυστραλίαςαυστραλίας,1,0.15
2019/255,1,0.15
αποσαφηνίστηκαν,1,0.15
αποσαφηνισμένη,1,0.15
εξορθολογίζονται,1,0.15
29.7.2014,1,0.15
γ)»·,1,0.15
εγγυήσεις)»·,1,0.15
38.2α,1,0.15
2019/295,1,0.15
προκαταβολής»·,1,0.15
περίοδος»·,1,0.15
84.2019,1,0.15
1129,1,0.15
2017”αντικαθίστανται,1,0.15
188/2019,1,0.15
2019/1401,1,0.15
29βδ,1,0.15
29βδα,1,0.15
29βδβ,1,0.15
29ββ,1,0.15
190/2019,1,0.15
2019/1402,1,0.15
31ια,1,0.15
2019/1655,1,0.15
2067,1,0.15
2020/80,1,0.15
2016/1212,1,0.15
2020/81,1,0.15
1βγαθ,1,0.15
2019/1006,1,0.15
2019/15,1,0.15
2019/1349,1,0.15
2019/25,1,0.15
εφοδιάζοντάς,1,0.15
εκπονούμενης,1,0.15
ελεγκτική·,1,0.15
ευπαθεία,1,0.15
γνωστών,1,0.15
αιτιολογία·,1,0.15
σσσπ)·,1,0.15
λεπτομέρειάς,1,0.15
πανεπιστημίου,1,0.15
συμφυές,1,0.15
αρκεστεί,1,0.15
απροειδοποίητες,1,0.15
απειλητικά,1,0.15
επιθεωρούμενης,1,0.15
2019/389,1,0.15
μέτρα”·,1,0.15
1033,1,0.15
μέτρων”·,1,0.15
εατ”·,1,0.15
2016/1033,1,0.15
εδώδιμων,1,0.15
2010/15/εε,1,0.15
παραληπτες,1,0.15
αναπόφευκτο,1,0.15
πυρκαγιές,1,0.15
κινητοποιήσεων,1,0.15
αποδοτικά·,1,0.15
δράπανο,1,0.15
πριονοκορδέλα,1,0.15
χλοοκοπτικός,1,0.15
νοικιάζομαι,1,0.15
εμφυτεύομαι,1,0.15
έντασή,1,0.15
κρεβάτι,1,0.15
μαυρίσματος,1,0.15
γυμναστική,1,0.15
σαμπουάν,1,0.15
λούζω,1,0.15
κομμωτής,1,0.15
2001/83/ek,1,0.15
2001/82/ek,1,0.15
επισκευαστούν,1,0.15
ανασκευαστούν,1,0.15
ογαπ]·,1,0.15
ογαπ)·,1,0.15
διένειμε,1,0.15
αποσυρθέντος,1,0.15
ανακληθέν,1,0.15
περιγραφόμενης-ων,1,0.15
κατηγορίας/-ών,1,0.15
3.4.6.1,1,0.15
συμβουλευτείτε,1,0.15
παρακολούθησε,1,0.15
τοπικό,1,0.15
νεοεμφανιζόμενων,1,0.15
γραμμές)·,1,0.15
πλατφόρμας·,1,0.15
5.1)·,1,0.15
μέτρα»)·,1,0.15
η)].,1,0.15
μέτρo,1,0.15
ανεπαρκείς,1,0.15
πληροοφρία,1,0.15
ενθαρύννεται,1,0.15
σταλούν,1,0.15
συνοδευόμενα,1,0.15
εντοπίω,1,0.15
εξαγωγέων,1,0.15
κοινοποιηθέντων,1,0.15
rapex)·,1,0.15
3.4.3.3,1,0.15
απαγορευμένη,1,0.15
κορδονία,1,0.15
ρούχα,1,0.15
διερευνηθείσα/-ες,1,0.15
υπάρχουν)·,1,0.15
αλλαγμένη,1,0.15
διευκρίνιση·,1,0.15
ογαπ·,1,0.15
προαιρετικά·,1,0.15
παραμείνει/-ουν,1,0.15
εμπιστευτικό/-ά,1,0.15
ολόκληρες,1,0.15
έντυπων,1,0.15
διαδικτυακοί,1,0.15
rapexς,1,0.15
συστήματος)·,1,0.15
δραστηρίοτητης,1,0.15
παρακολούθησής,1,0.15
διασαφήση,1,0.15
αποκρώνι,1,0.15
αμφισβητηθούν,1,0.15
αποσυρθούν·,1,0.15
3.4.7.1.3,1,0.15
ποιο/-α,1,0.15
τηρηθεί/-ούν,1,0.15
απόρρητο/-α,1,0.15
τηλεφώνος,1,0.15
συνόρων·,1,0.15
εγκαθιδρυθεί,1,0.15
τεχνογνωσίας,1,0.15
just-rapex@ec.europa.eu,1,0.15
αδιάκοπα,1,0.15
σκιασμένος,1,0.15
κοινοποίησης*,1,0.15
αρχής*,1,0.15
επαγγελματικό,1,0.15
φωτογραφίες,1,0.15
εισαγωγέα/-ων,1,0.15
κοινοποιημένο/-α,1,0.15
μέτρο/-,1,0.15
αντιδρώσα,1,0.15
κοινοποιημένη,1,0.15
προϊόντος*,1,0.15
kαθoρίοτηκε,1,0.15
επίπεδo,1,0.15
θεσπίοτηκε,1,0.15
κοινοποίησης,1,0.15
σταλείσας,1,0.15
επικινδυνοτητας,1,0.15
καταναλωτικων,1,0.15
σιδερώματος,1,0.15
καθαριστικό,1,0.15
νομογραφήματος,1,0.15
ανεκτίμητος,1,0.15
διαμορφώνο,1,0.15
χρήση/-εις,1,0.15
χρονοβόρος,1,0.15
αναρρίχηση,1,0.15
αναρριχώνται,1,0.15
πέσουν,1,0.15
αναρριχάται,1,0.15
προσεκτικό,1,0.15
φραγμένος,1,0.15
γαντιών,1,0.15
ολίγοις,1,0.15
αναστρέψιμοι,1,0.15
14121,1,0.15
εξειδικευμένα,1,0.15
συγκεντρωθείσες,1,0.15
δώνω,1,0.15
ρεαλιστικότερες,1,0.15
έμπειρων,1,0.15
μικρο-)βιολόγος,1,0.15
στατιστικολόγος,1,0.15
κατόρθωσαν,1,0.15
συνομιλώ,1,0.15
παραγωγικότερος,1,0.15
σενάριο/-α,1,0.15
κομμάτι,1,0.15
τυφλώνω,1,0.15
υπερθερμανθεί,1,0.15
σθεναρός,1,0.15
συγκεκριμένη/-ες,1,0.15
τιμή/-ες,1,0.15
οριακής/-ών,1,0.15
τιμής/-ών,1,0.15
απαίτησης/-ων,1,0.15
ξεπεραστεί,1,0.15
παιχνιδιού,1,0.15
επικίνδυνα·,1,0.15
κουκκίδα,1,0.15
συγκεκριμένες,1,0.15
2.2·,1,0.15
rcr,1,0.15
μεταλλαξιογένεση,1,0.15
ενδεχόμενη/-ες,1,0.15
προσδιορίζει/-ζω,1,0.15
υπερθερμανθούν,1,0.15
συναρμολογούμενος,1,0.15
θερμοφόρες,1,0.15
κάψουν,1,0.15
κόψουν,1,0.15
παγιδέψει,1,0.15
δάχτυλά,1,0.15
αποσπώνται,1,0.15
παιχνίδι,1,0.15
καταπιώ,1,0.15
πνιγμονή·,1,0.15
κορδόνι,1,0.15
κουκούλα,1,0.15
αδιάβροχου,1,0.15
στραγγαλισμό·,1,0.15
γυμνά,1,0.15
αερόθερμος,1,0.15
υπερθερμαίνεται,1,0.15
δηλητηριάσει,1,0.15
βακτηριολογικός,1,0.15
μόλυνση·,1,0.15
τηλέφωνα-παιχνίδια,1,0.15
ηχώ,1,0.15
παιδιών·,1,0.15
υπερηχητικός,1,0.15
δυσλειτουργούντα,1,0.15
φρένα,1,0.15
πρότυπο/-α].,1,0.15
φωσφορίζοντα,1,0.15
φορώ,1,0.15
επισύρουν,1,0.15
αντηλιακός,1,0.15
χτυπήζω,1,0.15
αλυσοπρίονων,1,0.15
παρισταμένος,1,0.15
συμπεριλαμβανομένου/-ων,1,0.15
κινδύνου/-ων,1,0.15
ευάλωτων,1,0.15
καεί,1,0.15
αντιληφθούν,1,0.15
μπουσουλάνε,1,0.15
θελκτικός,1,0.15
3.5,1,0.15
χαραχτεί,1,0.15
μακρότερος,1,0.15
εξοικειώνω,1,0.15
απρόσεκτος,1,0.15
μαστορέματα,1,0.15
τροχοπέδιλα,1,0.15
κράνη,1,0.15
αγνοάνω,1,0.15
παρανοηθώ,1,0.15
τραυματισμό/-ούς,1,0.15
ατύχημα·,1,0.15
υπερβάλλω,1,0.15
περιλάβουν,1,0.15
εντονός,1,0.15
ζέστη,1,0.15
ευλογοφάνειας,1,0.15
απαρατήρητο,1,0.15
θεραπευθεί,1,0.15
δυνατό·,1,0.15
θερμαίνεται,1,0.15
αποσπάνω,1,0.15
αιχμηρού,1,0.15
επώδυνος,1,0.15
αισθήση,1,0.15
αναίσθητος,1,0.15
εισπνεύσει,1,0.15
διαβάνω,1,0.15
καταλάβει,1,0.15
αναστρεψιμότητα,1,0.15
καρφώζω,1,0.15
εκτιμηθεί·,1,0.15
πιθανοτήτω,1,0.15
επικριθεί,1,0.15
διαφανέσς,1,0.15
στηριχτούν,1,0.15
ταξινομήζω,1,0.15
1/1000000,1,0.15
σπασίματο,1,0.15
χτυπώ,1,0.15
εκτινασσόμενος,1,0.15
στεκόταν,1,0.15
1/3,1,0.15
1/6000,1,0.15
πεπειραμένος,1,0.15
ερωτηθεί,1,0.15
πιθανότητά,1,0.15
πιθανότητας/-ων,1,0.15
διαχειριστείτε,1,0.15
επεξηγήζω,1,0.15
επικινδυνοτήτων,1,0.15
κουτιού,1,0.15
αναψυκτικός,1,0.15
ξεσφιχτεί,1,0.15
καταπιείς,1,0.15
εθνική(-ές,1,0.15
καθορίσει(-ω,1,0.15
κίνδυνό,1,0.15
πρότυπο/-α,1,0.15
περιλάβετε,1,0.15
κίνδυνος/-οι,1,0.15
προκαλεί/-ούν,1,0.15
τραυματισμό/-ός,1,0.15
δυσμενή/-ής,1,0.15
επίπτωση/-εις,1,0.15
ταυτόχρονοι,1,0.15
περιλάβετέ,1,0.15
περιγράφετε,1,0.15
περισσότερους,1,0.15
εκτιμήσατε,1,0.15
ορίσατε,1,0.15
συνδυάστε,1,0.15
μετακινήστε,1,0.15
παράμετροί,1,0.15
θελήσω,1,0.15
κλίνετε,1,0.15
μπορούσατε,1,0.15
συζητήσω,1,0.15
πεπειραμένους,1,0.15
αναπτύξτε,1,0.15
προσδιορίσετε,1,0.15
νομίζετε,1,0.15
εντοπίσατε,1,0.15
αποτελεσματικότερων,1,0.15
τεκμηριώστε,1,0.15
διαβιβάστε,1,0.15
εκθέτετε,1,0.15
αντιμετωπίσατε,1,0.15
αναδιπλούμενο,1,0.15
παγιδευτούν,1,0.15
επικινδυνότητας/-ων,1,0.15
δαχτύλου,1,0.15
μετακινεί,1,0.15
πιάνει,1,0.15
διπλώνω,1,0.15
οριζόντιου,1,0.15
πιάνοντάς,1,0.15
αναδιπλούμενου,1,0.15
μακριού,1,0.15
θανατηφόρα,1,0.15
διέλθουν,1,0.15
σφηνώσουν,1,0.15
τραβήξει,1,0.15
τραβώ,1,0.15
πωμάτων,1,0.15
εκτιμώμενοι,1,0.15
κουρτίνα,1,0.15
δωμάτιο,1,0.15
κόκκος,1,0.15
κόκκων,1,0.15
00675,1,0.15
χειρότερος,1,0.15
αισθητήριος,1,0.15
σκοντάφτω,1,0.15
λάρυγγας,1,0.15
φράζω,1,0.15
αποκόπτω,1,0.15
κολλώνη,1,0.15
αντικείμενο·,1,0.15
τρύπημα·,1,0.15
οφθαλμό·,1,0.15
αιχμηρής,1,0.15
άκρη·,1,0.15
τέμνω,1,0.15
περπατά,1,0.15
επιφάνειας·,1,0.15
απότριψη,1,0.15
ενδύματά,1,0.15
ανατρέπεται·,1,0.15
κάταγμα·ς,1,0.15
πλήττεται·,1,0.15
κινούνται·,1,0.15
συνθλίβω,1,0.15
ψαλιδιού)·,1,0.15
μπλέκω,1,0.15
κεφαλιού)·,1,0.15
παρασύρω,1,0.15
επιταχυνόμενος,1,0.15
κραδασμοί,1,0.15
οστεο-αρθριτικός,1,0.15
τραύμα,1,0.15
αγγειακή,1,0.15
εμβοέςς,1,0.15
τήξεως,1,0.15
γυμνή,1,0.15
θερμές,1,0.15
χύνω,1,0.15
πνευμόνων·,1,0.15
αφυδάτωση,1,0.15
ψυχρές,1,0.15
κρυοπάγημα,1,0.15
ζεμάτισμα·,1,0.15
emf)·,1,0.15
μικροκύμα,1,0.15
νευρολογική,1,0.15
εύφλεκτες,1,0.15
ουσία·,1,0.15
μείγμα·,1,0.15
καιόμενος,1,0.15
μάτι·,1,0.15
πυρκαγιά·,1,0.15
δηλητηριάζω,1,0.15
αναρρόφηση)·,1,0.15
πνεύμονες·,1,0.15
ευαισθητοποίηση·,1,0.15
ανατομικός,1,0.15
δυσχερή,1,0.15
αγνόηση,1,0.15
απροσδόκητη,1,0.15
σπάει·,1,0.15
απούσα,1,0.15
ακούω,1,0.15
οξύς,1,0.15
θύματος,1,0.15
γιατρός,1,0.15
πόνο·,1,0.15
απογόνους·,1,0.15
άκρων,1,0.15
εξηγηθεί,1,0.15
βαθύς,1,0.15
τένοντας,1,0.15
λευκό,1,0.15
κερατοειδής,1,0.15
χιτώνας,1,0.15
νεύρο,1,0.15
νωτιαίου,1,0.15
μυελού,1,0.15
βλάβη/,1,0.15
μώλωπες,1,0.15
οίδημα,1,0.15
μείζων,1,0.15
κώμα,1,0.15
κατάγματος,1,0.15
αποκόλληση,1,0.15
τενόντων,1,0.15
αυχενικός,1,0.15
κάκωση,1,0.15
αγκώνας,1,0.15
δοντιού,1,0.15
αστράγαλος,1,0.15
ώμος,1,0.15
στέρνο,1,0.15
οστά,1,0.15
πέριξ,1,0.15
συνθλιπτικό,1,0.15
δάχτυλα,1,0.15
μέσος-κάτω,1,0.15
ποδιούς,1,0.15
πόδια,1,0.15
περιορισμένο,1,0.15
βαθύτερα,1,0.15
κοιλιακός,1,0.15
θωρακικό,1,0.15
βαθείς,1,0.15
έντερο,1,0.15
προσληφθέν,1,0.15
σφηνωμένος,1,0.15
ψηλά,1,0.15
ζεμάτισμα/(από,1,0.15
πρώτου,1,0.15
6-15,1,0.15
μούδιασμα,1,0.15
επιληπτικός,1,0.15
αυτιά,1,0.15
φλεγμονή,1,0.15
φλεγμονώδεις,1,0.15
αναφυλακτικός,1,0.15
ψυχοργανικός,1,0.15
σύνδρομο,1,0.15
ops·,1,0.15
ελαιοχρωματιστός,1,0.15
απογόνος,1,0.15
κνς,1,0.15
αντιβιοτικός,1,0.15
σ—ς,1,0.15
υ—,1,0.15
m—,1,0.15
δρώντης,1,0.15
https://ec.europa.eu/consumers/consumer-safety/rag/#/screen/home,1,0.15
4.4.5,1,0.15
rpa,1,0.15
2001/95/ec,1,0.15
between,1,0.15
https://ec.europa.eu/food/safety/chemical_safety/contaminants/catalogue_en,1,0.15
legislative,1,0.15
prescribed,1,0.15
http://ec.europa.eu/food/fs/scoop/9.1_sr_en.pdf,1,0.15
26.6.2009,1,0.15
71-1:2005,1,0.15
2013/674/εε,1,0.15
26.11.2013,1,0.15
sccs/,1,0.15
1564/15,1,0.15
όλων,1,0.15
τηλεφώνημα,1,0.15
unambiguously,1,0.15
http://guidance.echa.europa.eu/docs/guidance_document/information_requirements_en.htm,1,0.15
ογαπ/,1,0.15
απόβλητος,1,0.15
εύθραυστα,1,0.15
ήρεμα,1,0.15
κατάσβεση,1,0.15
πετάξει,1,0.15
συμπεριφερθούν,1,0.15
2019/421,1,0.15
2016/c,1,0.15
προπληρωμένος,1,0.15
προθεσμίακή,1,0.15
λουξεμβουργιανής,1,0.15
πωλούνταν,1,0.15
δανειολήπτρια,1,0.15
δανείστριας,1,0.15
1/[(,1,0.15
συσσωρέυομαι,1,0.15
κατέγραφε,1,0.15
650-850,1,0.15
αφορολόγητη,1,0.15
αποτυπώθηκε,1,0.15
περιέχεται,1,0.15
συνοδευόμενες,1,0.15
παραπέμπουμε,1,0.15
40000-50000,1,0.15
εθνικου,1,0.15
νομικου,1,0.15
–που,1,0.15
φορολογηση,1,0.15
νομοσχεδίου,1,0.15
φορολογησης,1,0.15
δέχθηκαν,1,0.15
χωριστεί,1,0.15
–ένας,1,0.15
ανάλυση–,1,0.15
επικαλέστηκαν,1,0.15
παρεξέκλινε,1,0.15
χρησιμοποιησε,1,0.15
εσφαλμενο,1,0.15
ιδιόμορφος,1,0.15
κεφαλαιοποιημένοι,1,0.15
κάλυψαν,1,0.15
συνάπτοντας,1,0.15
επικερδή,1,0.15
συλλογιστική,1,0.15
ενδοομολικός,1,0.15
συνενωθεί,1,0.15
engue,1,0.15
επιλεκτικοτητα,1,0.15
αμείφθηκαν,1,0.15
απάλλαξε,1,0.15
επιδιώχθηκε,1,0.15
φορολογηθούν,1,0.15
παρέκκλιναν,1,0.15
συντάγματος,1,0.15
φορολογήθηκε,1,0.15
αναδρομικότητα,1,0.15
εξηγήζω,1,0.15
αντιστοιχούσες,1,0.15
περιάγω,1,0.15
απαλλασσόταν,1,0.15
στέρησε,1,0.15
ενδοενωσιακός,1,0.15
απαλλάσσοντας,1,0.15
–με,1,0.15
γενεσιουργός,1,0.15
θωρακίζονταν,1,0.15
παγιωμένη,1,0.15
ερμηνεώνυ,1,0.15
απαιτούσες,1,0.15
συσταλτικά,1,0.15
μέλη–,1,0.15
εικαζόμενου,1,0.15
φορολογούμενους–ς,1,0.15
παραδέχεται,1,0.15
θεωρεί,1,0.15
αξιολογούνται,1,0.15
παρεκκλίνοντα,1,0.15
θεωρείτο,1,0.15
εκπέω,1,0.15
όμοιας,1,0.15
ενσωματώνομαι,1,0.15
εκπένω,1,0.15
ίπτουν,1,0.15
καταστάσεις–,1,0.15
διερεύνησε,1,0.15
προκύπτει,1,0.15
μεταχείριση–,1,0.15
φορολογήσεως,1,0.15
ημεδαπά,1,0.15
απουσια,1,0.15
αιτιολογιας,1,0.15
εξωγενής,1,0.15
φορολογούμενο,1,0.15
εγκύρως,1,0.15
υπογραμμίνω,1,0.15
συμπεράσμας,1,0.15
πρόδηλο,1,0.15
συμμετοχές»)·,1,0.15
διανέμουσα,1,0.15
εξαιρέζω,1,0.15
εγκατεστημενες,1,0.15
αλυσιτελή,1,0.15
μετατραπείσες,1,0.15
παρεκκλίσεως,1,0.15
καταχώρισαν,1,0.15
εκπτιπτόμενος,1,0.15
μετατρεπόταν,1,0.15
–κάτι,1,0.15
πράξει–,1,0.15
επιλεκτικο,1,0.15
πλεονεκτημα,1,0.15
κανονων,1,0.15
καταχρηση,1,0.15
επαλλήλως,1,0.15
παρέκκλινε,1,0.15
rechts,1,0.15
unangemessene,1,0.15
rechtliche,1,0.15
επιλεχθέντα,1,0.15
σχεδίασε,1,0.15
εντασσόμενος,1,0.15
επιβαρυνόταν,1,0.15
επίμαχα,1,0.15
εικαζομενες,1,0.15
κάπως,1,0.15
μεταφράστηκε,1,0.15
εξηγήθηκαν,1,0.15
–της,1,0.15
χρήση–,1,0.15
εκκρεμούσης,1,0.15
εμποδιζει,1,0.15
επιχειρήματα,1,0.15
αυστηρώς,1,0.15
επιδεικνύο,1,0.15
νομολογιακός,1,0.15
υποστηρίζει,1,0.15
εμποδίζομαι,1,0.15
δήθεν,1,0.15
εμπνέω,1,0.15
υπέπεσε,1,0.15
πρόδηλη,1,0.15
καταφανή,1,0.15
διοικήσεως,1,0.15
παρέλειψαν,1,0.15
σιγή,1,0.15
προκαταρκτικώς,1,0.15
δικαιολογούσαν,1,0.15
νομιμότητά,1,0.15
παραπλανήθηκαν,1,0.15
συνέτρεχαν,1,0.15
χρηστης,1,0.15
διοικησης,1,0.15
αφιέρωσε,1,0.15
επικαλώ,1,0.15
αλυσιτελές,1,0.15
απολάμβανε,1,0.15
supply·,1,0.15
διάδοχό,1,0.15
s.à.r.l,1,0.15
ακρωνυμίου,1,0.15
διευκρινίστηκε,1,0.15
2016/eo,1,0.15
http://www.engie.com/en/journalists/press-releases/gdf-suez-becomes-engie/,1,0.15
ωκεανία,1,0.15
https://www.engie.com/wp-content/uploads/2015/06/gsii-co.pdfς,1,0.15
ναύλωση,1,0.15
προέβλεπαν,1,0.15
υπεραξιών,1,0.15
34(2,1,0.15
οδότησης,1,0.15
εκπίπτουσα,1,0.15
αντικατοπτριστεί,1,0.15
"699,9",1,0.15
μετατράπηκαν,1,0.15
60(2,1,0.15
κυμανθεί,1,0.15
émettra,1,0.15
s'élève,1,0.15
contribuables,1,0.15
résidents,1,0.15
passiblesς,1,0.15
énumérés,1,0.15
calendrier,1,0.15
"6,75",1,0.15
αυξήθηκ,1,0.15
l'évaluation,1,0.15
l'actif,1,0.15
répondre,1,0.15
règles,1,0.15
alinéas,1,0.15
suivants,1,0.15
tenue,1,0.15
régulière,1,0.15
fiscal,1,0.15
évaluation,1,0.15
déterminé,1,0.15
retenir,1,0.15
celles,1,0.15
quelque,1,0.15
1965,1,0.15
bénéfices,1,0.15
sociaux,1,0.15
filiale,1,0.15
traversant,1,0.15
actionnaires,1,0.15
exposés,1,0.15
éviter,1,0.15
fiscale,1,0.15
lorsque,1,0.15
pertes,1,0.15
l'alinéa,1,0.15
lorsqu'à,1,0.15
imposable,1,0.15
ayants,1,0.15
faitesς,1,0.15
d'actions,1,0.15
compris,1,0.15
reçu,1,0.15
correspond,1,0.15
réalisationς,1,0.15
nicht,1,0.15
umgangen,1,0.15
werden,1,0.15
wirtschaftlichen,1,0.15
vorgängen,1,0.15
tatsachen,1,0.15
angemessenen,1,0.15
rechtlichen,1,0.15
151-155,1,0.15
1er,1,0.15
nets,1,0.15
l'établissement,1,0.15
disposé,1,0.15
justifie,1,0.15
égard,1,0.15
étrangères,1,0.15
70/16,1,0.15
1-40,1,0.15
399/08,1,0.15
126/01,1,0.15
730/79,1,0.15
t:2000:151,1,0.15
19.7.2016,1,0.15
66/02,1,0.15
78·,1,0.15
132·,1,0.15
fiscales,1,0.15
anticipatives,1,0.15
toute,1,0.15
assujettie,1,0.15
prise,1,0.15
σ]υγκεκριμένα,1,0.15
αντικειμενικώς,1,0.15
επιδιωκόμενου,1,0.15
koninklijke,1,0.15
frieslandcampina,1,0.15
125-126,1,0.15
κέντρας,1,0.15
προσβαλλομένης,1,0.15
εργατός,1,0.15
2.2.4.3,1,0.15
2.2.4.4,1,0.15
2.2.4.5,1,0.15
sous-jacente,1,0.15
impôts,1,0.15
distribuésς,1,0.15
définit,1,0.15
entre,1,0.15
n'être,1,0.15
tout,1,0.15
pouvoir,1,0.15
κατέχουσας,1,0.15
formulaire,1,0.15
συγκάλεσε,1,0.15
26-31,1,0.15
2011/96/εε,1,0.15
28.1.2015,1,0.15
–βάνω,1,0.15
εταιρεία–,1,0.15
alain,1,0.15
83)·,1,0.15
δισεκατομμυριούχου,1,0.15
21.12.2006,1,0.15
48/07,1,0.15
2014/86/εε,1,0.15
εκπέσουν,1,0.15
novembre,1,0.15
filiales,1,0.15
organisme,1,0.15
2011/96/ue,1,0.15
lorsqu'ils,1,0.15
cadre,1,0.15
obtenir,1,0.15
objectifs,1,0.15
principaux,1,0.15
allant,1,0.15
faits,1,0.15
comprendre,1,0.15
étapes,1,0.15
série,1,0.15
commerciaux,1,0.15
valables,1,0.15
t:2016:59,1,0.15
διανεμόμενων,1,0.15
170/83,1,0.15
c:1984:271,1,0.15
137/02,1,0.15
t:2004:304,1,0.15
480/09ς,1,0.15
55·,1,0.15
υπέρτατος,1,0.15
υπεγράφησαν,1,0.15
annuels,1,0.15
entreprises,1,0.15
1.δ,1,0.15
2.2.4.6.1,1,0.15
2.2.3.7.2,1,0.15
inhérente,1,0.15
transférée,1,0.15
acquis,1,0.15
ultérieure,1,0.15
consiste,1,0.15
vise,1,0.15
exempter,1,0.15
imposables,1,0.15
chef,1,0.15
renseignements,1,0.15
fournis,1,0.15
limites,1,0.15
échapper,1,0.15
éléments,1,0.15
constitutifs,1,0.15
39009c,1,0.15
objectif,1,0.15
telle,1,0.15
voulu,1,0.15
accorder,1,0.15
ceux-ci,1,0.15
nécessairement,1,0.15
réels,1,0.15
eux-mêmes,1,0.15
avantage,1,0.15
seul,1,0.15
obtenu,1,0.15
34(1,1,0.15
62(1,1,0.15
323/82,1,0.15
intermills,1,0.15
69·,1,0.15
237/06,1,0.15
nos,1,0.15
t:2015:1003,1,0.15
16.4.2014,1,0.15
102-113,1,0.15
2003/755/εκ,1,0.15
30.10.2003,1,0.15
117-120,1,0.15
336-339,1,0.15
2007/256/εκ,1,0.15
46/2004,1,0.15
30.4.2007,1,0.15
323-333,1,0.15
74/00,1,0.15
408/04,1,0.15
100-107,1,0.15
417/10,1,0.15
safilo,1,0.15
265/85,1,0.15
jurgens,1,0.15
t:2012:497,1,0.15
octroyé,1,0.15
saurait,1,0.15
invoquer,1,0.15
soustraire,1,0.15
nécessaires,1,0.15
récupérer,1,0.15
admettre,1,0.15
reviendrait,1,0.15
nationales,1,0.15
prises,1,0.15
c:2011:372,1,0.15
c:1986:3,1,0.15
168-170,1,0.15
προδικαστικών,1,0.15
367/93,1,0.15
377/93,1,0.15
358-367,1,0.15
c:2011:497,1,0.15
368-372,1,0.15
441/06,1,0.15
ζοrα,1,0.15
χρηματοδότησαν,1,0.15
διατηρήθηκε,1,0.15
υπαινιγμός,1,0.15
ακρόασή,1,0.15
reçus,1,0.15
groepsrentebox,1,0.15
4/07,1,0.15
465/06,1,0.15
2016/2326,1,0.15
2014/c,1,0.15
2014/nn,1,0.15
ρώτησε,1,0.15
demesa,1,0.15
επίδικης,1,0.15
ευνοούνται,1,0.15
237/16,1,0.15
επιλεχθέν,1,0.15
documente,1,0.15
δανείστρια,1,0.15
–όμιλοι,1,0.15
29/94,1,0.15
bundespost,1,0.15
c:2017:449,1,0.15
33.ακόμη,1,0.15
χορηγούνταν,1,0.15
2019/483,1,0.15
/2019,1,0.15
εζεζ,1,0.15
ισοδύναμες/-α,1,0.15
οριστικοί,1,0.15
ουδέτερους,1,0.15
15(1)(e,1,0.15
33(1)(e,1,0.15
πολυσυμμετοχικός,1,0.15
15(1)(a,1,0.15
ποινικής,1,0.15
43(1,1,0.15
16(1)(f,1,0.15
46aa,1,0.15
υποκείμενό,1,0.15
φυσικά·,1,0.15
197,1,0.15
201α,1,0.15
201β,1,0.15
δόλιου,1,0.15
219(2,1,0.15
129j(1,1,0.15
129n,1,0.15
7(6,1,0.15
2018/2030,1,0.15
2019/939,1,0.15
συντονιστικού,1,0.15
ifa,1,0.15
l_2019150el.01025301.rtf,1,0.15
στάθηκαν,1,0.15
δανείου-αξίας,1,0.15
εργαλειοθήκη,1,0.15
σχεδιαζόμενων,1,0.15
ασυνεπός,1,0.15
rentenbank,1,0.15
nbank,1,0.15
lfa,1,0.15
παρακαταθηκών,1,0.15
kreditne,1,0.15
banka,1,0.15
obnovu,1,0.15
razvitak,1,0.15
centrinėsς,1,0.15
1093/2010,1,0.15
χρονικώς,1,0.15
υποενοποιημένος,1,0.15
πολυεπίπεδο,1,0.15
μεικτών,1,0.15
ανωνυμοποιημένος,1,0.15
ουδέτερων,1,0.15
εδικαιούντο,1,0.15
επαρκούσαν,1,0.15
104γ,1,0.15
εδάφι,1,0.15
45δ,1,0.15
ανακαθορίσεις,1,0.15
διανέμονταν,1,0.15
141α,1,0.15
143,1,0.15
159α,1,0.15
παραλήπτες,1,0.15
tajani,1,0.15
190).·,1,0.15
μετάβασης·,1,0.15
μακροπρόθεσμα·,1,0.15
επιτευχθεί,1,0.15
εκσυγχρονίζουν,1,0.15
δοκιμάσει,1,0.15
αντιγράφων·,1,0.15
πάσος,1,0.15
12.7.2019,1,0.15
2019/2177,1,0.15
πλατφορμών,1,0.15
"της,»·ς",1,0.15
xxα,1,0.15
27στ,1,0.15
διορθωμένου,1,0.15
διορθωμένης,1,0.15
152β,1,0.15
2015/849,1,0.15
νομοθετών,1,0.15
σκοπό.»·,1,0.15
2016.»·,1,0.15
έκβασή,1,0.15
2019/1034,1,0.15
2019/13,1,0.15
εξδωσε,1,0.15
2018/1148,1,0.15
2016/1041,1,0.15
2018/21,1,0.15
2016/457,1,0.15
2016/5,1,0.15
2019/16,1,0.15
εννόμων,1,0.15
2004/2,1,0.15
ομοιοτήτων,1,0.15
κτηματομεσιτικός,1,0.15
διευθετήθηκε,1,0.15
sl,1,0.15
κουρέματος,1,0.15
ασφαλειών»·,1,0.15
περιθωρίου»·,1,0.15
επαναχρησιμοποιούμενης,1,0.15
market-based,1,0.15
επαναχρησιμοποίησης»·,1,0.15
κοινοποιητέο,1,0.15
συνάφνω,1,0.15
αναζητήσεων,1,0.15
έντυπο·,1,0.15
ssh·,1,0.15
οποιονδήποτες,1,0.15
δικαιούχος·,1,0.15
ακυρωθείσα·,1,0.15
προγενέστερα·,1,0.15
απαραδέκτου,1,0.15
γνωστοποίησης·,1,0.15
20022·,1,0.15
θέσεων»)·,1,0.15
εκκαθαριστεί·,1,0.15
αναρτημένα,1,0.15
αμφίπλευρη,1,0.15
xml,1,0.15
κατ»)·,1,0.15
αγοράς-επαναπώλησηςς,1,0.15
update,1,0.15
αντασφαλιστική,1,0.15
take,1,0.15
κεφαλαίοι,1,0.15
0–9,1,0.15
τμηματικοί,1,0.15
wertpapierpensionsgeschäfte,1,0.15
compraventa,1,0.15
wertpapierdarlehen,1,0.15
επεκτάσιμα,1,0.15
ic30e360oreurobondbasismodel1,1,0.15
a008,1,0.15
actualactualisda,1,0.15
actualactualafb,1,0.15
ic30360icmaor30360basicrule,1,0.15
ic30e3360oreurobondbasismodel3,1,0.15
a014,1,0.15
invg,1,0.15
υπερεθνικοί,1,0.15
corr,1,0.15
σύμμεικτος,1,0.15
bsb,1,0.15
σιτηρών,1,0.15
naph,1,0.15
διαμμώνιο,1,0.15
2014/909,1,0.15
2019/439,1,0.15
μετρίου-χαμηλού,1,0.15
εξασφαλισμένο·,1,0.15
c180,1,0.15
2016_2782,1,0.15
08.01,1,0.15
rwa--,1,0.15
rwa--ς,1,0.15
pd--,1,0.15
p++,1,0.15
ομαδοποιημένα,1,0.15
4.30,1,0.15
ουδέτερα,1,0.15
psa,1,0.15
alv,1,0.15
barclays,1,0.15
aca,1,0.15
nky,1,0.15
εξαγοράσιμο,1,0.15
19.9.2019,1,0.15
18.9.2020,1,0.15
19.9.2022,1,0.15
sx5e,1,0.15
αναλογία·ς,1,0.15
διετήςς,1,0.15
επιτοκίου»)·,1,0.15
λονδίνου,1,0.15
λονδίνος,1,0.15
it0005246134ς,1,0.15
it0005172322,1,0.15
fr0011317783,1,0.15
κυβ.,1,0.15
βραζίλίας,1,0.15
πενταετούς,1,0.15
προσαρμοζόμενο,1,0.15
vodafone,1,0.15
vod,1,0.15
vow,1,0.15
us900123cf53,1,0.15
xs1586555861,1,0.15
xs1586555606,1,0.15
xs0830194501,1,0.15
var.,1,0.15
χρησιμοποιήσω,1,0.15
συμβουλευθείτε,1,0.15
110.02,1,0.15
1/2/2019,1,0.15
επιπροσθετου,1,0.15
109.02,1,0.15
109.03,1,0.15
109.01,1,0.15
χρησιμοποιήζω,1,0.15
2019/442,1,0.15
οριακά,1,0.15
βημάτων,1,0.15
μετοχές.»·,1,0.15
2015/14,1,0.15
2019/443,1,0.15
διαφυλαχθούν,1,0.15
προσάρμοσε,1,0.15
2019/462,1,0.15
αγγλίας·,1,0.15
2019/463,1,0.15
2019/482,1,0.15
2019/519,1,0.15
κωδικοποίησε,1,0.15
29.1.2008,1,0.15
13.3.2019,1,0.15
2019/621,1,0.15
—κατηγορία,1,0.15
cm3—,1,0.15
χρησιμοποιήσιμος,1,0.15
συμπληρώσεων,1,0.15
χρησιμοποιήσιμων,1,0.15
βαρέων-επαγγελματικός,1,0.15
1.6.1999,1,0.15
ποδος,1,0.15
ποδο,1,0.15
5.1.4.5.2,1,0.15
πλήκτρο,1,0.15
επίσχεστρο,1,0.15
καστάνια,1,0.15
ποδοβαλβίδα,1,0.15
αποσυμπίεση,1,0.15
σερβομηχανισμοί,1,0.15
άκαμπτοι,1,0.15
εύκαμπτοις,1,0.15
παρεμβύσματα,1,0.15
φρένων,1,0.15
καλώδια,1,0.15
κύλινδροι,1,0.15
μοχλούς,1,0.15
αυτόματοι-έκκεντροι,1,0.15
ολόκληρο,1,0.15
5.1.4.2,1,0.15
επιτρεπομένων,1,0.15
παλινδρομούσες,1,0.15
ράβδα,1,0.15
ρωγμό,1,0.15
ράβδων,1,0.15
πιρούνι,1,0.15
καρδανικός,1,0.15
διευθυντηρίων,1,0.15
διευθυνόμενος,1,0.15
τζογόμετρος,1,0.15
οπισθοσκοπικός,1,0.15
ηλεκτρολογικος,1,0.15
φανών,1,0.15
αναλαμπή,1,0.15
ευδιακριτότητας,1,0.15
ηλεκτρολογική,1,0.15
οπισθανακλαστήρες,1,0.15
συσσωρευτής/-ές,1,0.15
αναρτηση,1,0.15
ακραξόνια,1,0.15
δοκού,1,0.15
ακραξονίου,1,0.15
ένσφαιροι,1,0.15
τριβής,1,0.15
ακραξόνιο,1,0.15
όλου,1,0.15
ελατήρια,1,0.15
στρεπτικές,1,0.15
wishbone,1,0.15
αερανάρτηση,1,0.15
cng)/υγροποιημένου,1,0.15
εδράσεις,1,0.15
χερούλι,1,0.15
υποπόδιος,1,0.15
πόρπες,1,0.15
περιοριστής,1,0.15
προεντατήρες,1,0.15
πυροσβεστήρες,1,0.15
σφήνες,1,0.15
ταχογράφος,1,0.15
1/min].,1,0.15
cς,1,0.15
βραδυπορία,1,0.15
vin)/,1,0.15
υπέρυθρης,1,0.15
καθαρισθεί,1,0.15
υπερτροφοδότης,1,0.15
πετρελαιοκίνητος,1,0.15
απενεργοποίησής,1,0.15
απορριφθούν,1,0.15
μετρηθείσα,1,0.15
επιτρεπόμενοι,1,0.15
ραδιοπαρασίτων,1,0.15
διαρροές,1,0.15
έξοδοι,1,0.15
οδεύσεων,1,0.15
σκάλες,1,0.15
πινακίδες,1,0.15
φαγητού,1,0.15
συσσώρευσής,1,0.15
οφειλών·,1,0.15
ανοίγματα.»·,1,0.15
ακέραιο·,1,0.15
οφειλής·,1,0.15
ταξινομείτο,1,0.15
105·,1,0.15
ποσού·ς,1,0.15
"0,55",1,0.15
ογδόου,1,0.15
εξυπηρετούμενου.»·,1,0.15
ιγ):»·,1,0.15
αφαιρέσεις.»·,1,0.15
4.3.2019,1,0.15
2019/699,1,0.15
2019/819,1,0.15
ταμείο·,1,0.15
στοχευόμενας,1,0.15
μεθοδολογιών·,1,0.15
αντικτύπου·,1,0.15
2019/820,1,0.15
2019/885,1,0.15
sts»)·,1,0.15
αριθμό/-ούς,1,0.15
παρατυπίες·,1,0.15
ενυπόγραφη,1,0.15
προσεχή,1,0.15
επιστρεπτέα·,1,0.15
εμπειρογνωμόνων·,1,0.15
sts·,1,0.15
υπόνοιες,1,0.15
εναλλακτικές,1,0.15
διαφορές·,1,0.15
υποβληθούν·,1,0.15
συνολικοί,1,0.15
συγκεντρώνονται,1,0.15
76)·,1,0.15
asa·,1,0.15
τdfa,1,0.15
ψεκασμού,1,0.15
αερολυμάτος,1,0.15
τρι-(αλκυλο,1,0.15
μειγμάτο,1,0.15
ghs06,1,0.15
επαναδιατυπωθώ,1,0.15
αυξημένες,1,0.15
ενημερωτικων,1,0.15
δελτιων,1,0.15
ηλεκτρονικών·,1,0.15
μηνύματος·,1,0.15
και·ς,1,0.15
διαδοθείσα,1,0.15
διαφήμισης·,1,0.15
διαδιδόμενας,1,0.15
πυλης,1,0.15
12-23,1,0.15
αξίας)/δάνεια,1,0.15
σκοπου,1,0.15
εκδιδουν,1,0.15
~καε,1,0.15
κέρδος/(ζημία,1,0.15
μεταφορτωμένος,1,0.15
κράτος(-η,1,0.15
κράτους(-ών,1,0.15
μεταφορτωμένου(-ων,1,0.15
coap,1,0.15
έγγραφου,1,0.15
alphanum-50ς,1,0.15
9999-12-31,1,0.15
προσφερόμενοςς,1,0.15
μετατρέψιμη,1,0.15
integer-2ς,1,0.15
i15c,1,0.15
ευανάγνωστου,1,0.15
3.3(δ,1,0.15
επαναλήψεις·ς,1,0.15
ομαδοποιημένες·,1,0.15
γραμματοσειράς·,1,0.15
περιεχόμενά,1,0.15
γραώνμ,1,0.15
συνεκτικότητα·,1,0.15
πρωτοβουλία·ς,1,0.15
τροποποιείμαι,1,0.15
5.7.3,1,0.15
5.7.4,1,0.15
στηρίχτηκε,1,0.15
ιδρυτών,1,0.15
ιδιότητες·,1,0.15
ισχύει/-ω,1,0.15
18.1.1,1,0.15
18.1.2,1,0.15
18.1.3,1,0.15
18.1.4,1,0.15
18.1.5,1,0.15
18.1.6,1,0.15
18.1.7,1,0.15
18.2.1,1,0.15
18.3.2,1,0.15
18.3.3,1,0.15
18.4.1,1,0.15
18.5.1,1,0.15
18.5.2,1,0.15
18.6.1,1,0.15
19.1.2,1,0.15
19.1.3,1,0.15
19.1.4,1,0.15
19.1.5,1,0.15
19.1.6,1,0.15
19.2,1,0.15
19.2.1,1,0.15
19.2.2,1,0.15
προτιμήσεων,1,0.15
19.2.3,1,0.15
δευτερογενεις,1,0.15
δήλωσης·,1,0.15
πρότυπα·,1,0.15
11.2.2,1,0.15
11.6,1,0.15
11.6.1,1,0.15
επενδυτικος,1,0.15
υποκείμενου/-ων,1,0.15
οργανισμού/-ών,1,0.15
μόχλευση·,1,0.15
γ))·,1,0.15
αιτουντος,1,0.15
δευτερογε-νείς,1,0.15
11.1.1,1,0.15
11.1.2,1,0.15
11.1.3,1,0.15
11.1.4,1,0.15
11.1.5,1,0.15
11.1.6,1,0.15
11.1.7,1,0.15
11.3.2,1,0.15
11.3.3,1,0.15
11.4.1,1,0.15
11.5.1,1,0.15
10.2.2,1,0.15
10.2.3,1,0.15
ελεγμένα,1,0.15
8.2.3,1,0.15
8.2.4,1,0.15
αρνήσεις,1,0.15
εκδιδομενες,1,0.15
εκδιδομενα,1,0.15
5.1.5,1,0.15
τμήματα·,1,0.15
υφίσταται·,1,0.15
5.4.4,1,0.15
6.6,1,0.15
6.5.3,1,0.15
6.5.5,1,0.15
1.18.1,1,0.15
1.19.2,1,0.15
1.20.1,1,0.15
1.20.2,1,0.15
1.20.3,1,0.15
αποθετηρια,1,0.15
3.1.6,1,0.15
3.1.8,1,0.15
3.1.9,1,0.15
εξής·,1,0.15
διενεργώνη,1,0.15
4.15,1,0.15
παραγοντες,1,0.15
εκδοτης,1,0.15
οντοτητα,1,0.15
προθεσμία/-ες,1,0.15
2.2.9,1,0.15
2.2.11,1,0.15
3.4.5,1,0.15
3.4.8,1,0.15
ατυπες,1,0.15
απαιτείται·,1,0.15
τριτεγγύηση,1,0.15
2a.1,1,0.15
2b.1,1,0.15
ελέγχοντης,1,0.15
πραγματοποιηθεί·,1,0.15
2.7.2,1,0.15
εταιρικη,1,0.15
κατοχους,1,0.15
4.1.10,1,0.15
4.1.11,1,0.15
5.6.5,1,0.15
5.6.5.2,1,0.15
5.6.5.6,1,0.15
3.1.13,1,0.15
3.1.15,1,0.15
3.1.16,1,0.15
4.5.4,1,0.15
4.6.1,1,0.15
τελικους,1,0.15
εκδοτων,1,0.15
εξορυκτικές,1,0.15
νεοφυείς,1,0.15
isin»)·,1,0.15
2.3·,1,0.15
επωνυμίες,1,0.15
αποκόμισαν,1,0.15
συμβουλευτικού,1,0.15
κόμβου,1,0.15
ώριμων,1,0.15
αναγνωρισμένους,1,0.15
διευκολυώνν,1,0.15
αποδυναμώσουν,1,0.15
ανθρωπογενός,1,0.15
δεξαμενόπλοιο,1,0.15
διευκολύνομαι,1,0.15
συνεπένδυση,1,0.15
πλήττονται,1,0.15
αναταράξεις,1,0.15
ασφαλιζόμενο·,1,0.15
σύμβαση.»·,1,0.15
χρόνου.»·,1,0.15
5α.»·,1,0.15
προηγώνη,1,0.15
ασφαλιζόμενοι.»·,1,0.15
2009/138/εκ.»·,1,0.15
στοιχεία:»·,1,0.15
90α,1,0.15
siav,1,0.15
κατοικίας.»·,1,0.15
cark,1,0.15
96α,1,0.15
γ).»·,1,0.15
180α,1,0.15
199.»·,1,0.15
παράγωγο·»·,1,0.15
111α,1,0.15
σs,1,0.15
οφειλέτες.»·,1,0.15
recoverables,1,0.15
οφειλέτες·,1,0.15
w(windstorm,1,0.15
v.»·ς,1,0.15
wsi(earthquake,1,0.15
w(earthquake,1,0.15
si(earthquake,1,0.15
wsi(flood,1,0.15
w(flood,1,0.15
w(hail,1,0.15
wsi(subsidence,1,0.15
"0,0005",1,0.15
w(subsidence,1,0.15
σκάφους·,1,0.15
scrplatform,1,0.15
λιμναίος,1,0.15
ποτάμιο,1,0.15
ασφαλισμένη,1,0.15
αντασφαλιστικές,1,0.15
υπεράκτιος,1,0.15
συντριμμιών·,1,0.15
στεγανοποίηση,1,0.15
φρεατίου,1,0.15
γεώτρηση,1,0.15
φρεατίου·,1,0.15
p.ς,1,0.15
sia,1,0.15
168α.»·,1,0.15
cfo,1,0.15
10ετία·,1,0.15
176β·,1,0.15
εκδίδουσος,1,0.15
0)·,1,0.15
πολλαπλασιαζόμενων,1,0.15
176βς,1,0.15
τεκμηριωμένες·,1,0.15
εοπα·,1,0.15
διαδικαστικά,1,0.15
αναδοχής·,1,0.15
συνεπενδυτής·,1,0.15
συνεπενδυτή,1,0.15
μεθοδολογίας·,1,0.15
ενδεδειγμένο·,1,0.15
186,1,0.15
κυβέρνησης.»·,1,0.15
τιτλοποιήσεις·»·ς,1,0.15
περιθωρίων.»·,1,0.15
πτώχευσης.»·,1,0.15
αντισυμβαλλόμενο.»·,1,0.15
συμψηφισμού.»·,1,0.15
υποχρεούνταν,1,0.15
υποθηκευμένου,1,0.15
ε).»·,1,0.15
μέλους.»·,1,0.15
αντιστοίχως.»·,1,0.15
αντικαταστάσεις,1,0.15
αντισυμβαλλόμενα,1,0.15
αναβαλλόμενοι,1,0.15
κινδύνων.»·,1,0.15
82·,1,0.15
iii).»·ς,1,0.15
παροχών·»·,1,0.15
347/1,1,0.15
2.12.2015,1,0.15
1214).»·,1,0.15
12.11.2015,1,0.15
πυρ,1,0.15
αμερικής)·,1,0.15
συνομοσπονδία·,1,0.15
μονακό·,1,0.15
ανδόρα,1,0.15
μαρτίνος,1,0.15
μαρίνο·,1,0.15
βατικανού,1,0.15
περιοχων,1,0.15
παραρτηματa,1,0.15
κινδυνου»·,1,0.15
v-viii,1,0.15
x-xiii,1,0.15
πίνακες.»·,1,0.15
es,1,0.15
κώδικα·»·,1,0.15
κομητεία,1,0.15
αποθεματος,1,0.15
πληγώ,1,0.15
ιατρική,1,0.15
στ.,1,0.15
μεικτές·,1,0.15
yi,1,0.15
πιθανοτήτων·,1,0.15
ln,1,0.15
λογάριθμος·ς,1,0.15
εγκρίθηκαν.»·,1,0.15
εβδομαδιαίως,1,0.15
"0,796",1,0.15
ενεργητικού-παθητικού,1,0.15
σκοπού.»·,1,0.15
λογαριθμοκανονικός,1,0.15
14.3.2019].,1,0.15
συνακόλουθα,1,0.15
ανθώ,1,0.15
ανασφαλή,1,0.15
εκθέτουν,1,0.15
στενότερης,1,0.15
αποτελεσματικότερος,1,0.15
επιφορτισμένα,1,0.15
κατασκευαστού,1,0.15
καινοφανής,1,0.15
στοχευμένη,1,0.15
ιστότοπων,1,0.15
δραστήριος,1,0.15
δικαιός,1,0.15
συνομιλητής,1,0.15
επιτελώντας,1,0.15
χαμηλοί,1,0.15
απογραμμικό,1,0.15
διερευνηθούν,1,0.15
μεταφέρο,1,0.15
βελτιστοποιώνη,1,0.15
ελαφρύνω,1,0.15
στεγαζόμενο,1,0.15
ενθαρρύνονται,1,0.15
έρευνάς,1,0.15
κακώς,1,0.15
ανομοιόμορφης,1,0.15
πλουραλισμός,1,0.15
ειδικότερο,1,0.15
καλύπτει·,1,0.15
διευθυνσιοδότηση,1,0.15
δεμά,1,0.15
εκφάνσεις,1,0.15
καθηκοντα,1,0.15
διακριβώνω,1,0.15
ζητήσουν·,1,0.15
αυτους,1,0.15
1·αρχές·,1,0.15
συμμόρφωση·,1,0.15
συνεκτίμησε,1,0.15
οργανώνονται,1,0.15
φανούν,1,0.15
τεχνολογίες·,1,0.15
δικαιϊκός,1,0.15
πολυφωνία,1,0.15
ανεπιτυχούς,1,0.15
παύουν·,1,0.15
διορθώνο,1,0.15
αχρηστεύσει,1,0.15
επικολλήζω,1,0.15
αιτηθείσες,1,0.15
υποδεικνύομαι,1,0.15
συντονισμενη,1,0.15
επιβολη,1,0.15
διεθνης,1,0.15
εξορθολογήνω,1,0.15
συζητούμενου,1,0.15
ασχολώνη,1,0.15
2024·,1,0.15
υιοθέτηση·,1,0.15
υποστήριξη·,1,0.15
διαμοιρασμός,1,0.15
εισερχόμενα,1,0.15
ίδιες·,1,0.15
προκληθέντης,1,0.15
ασκηθείσα,1,0.15
συμμόρφωσης·»·,1,0.15
1999/45/eκς,1,0.15
17.7.2000,1,0.15
1383/2003,1,0.15
10.10.2013,1,0.15
21.1.1998,1,0.15
δεμάτο,1,0.15
2.5.2018,1,0.15
69/493/εοκ,1,0.15
16)·,1,0.15
22.6.1992,1,0.15
94/11/εκ,1,0.15
37)·,1,0.15
93/12/εοκ,1,0.15
28.12.1998,1,0.15
2003/2003,1,0.15
λιπάσμα,1,0.15
21.11.2003,1,0.15
91/157/εοκ,1,0.15
12)·,1,0.15
2009/34/εκ,1,0.15
28.4.2009,1,0.15
στιβάδα,1,0.15
όζον,1,0.15
προσυσκευασμένα,1,0.15
75/106/εοκ,1,0.15
80/232/εοκ,1,0.15
66/2010,1,0.15
88)·,1,0.15
24.7.2012,1,0.15
38)·,1,0.15
45)·,1,0.15
79)·,1,0.15
107)·,1,0.15
149)·,1,0.15
309)·,1,0.15
357)·,1,0.15
2001/37/εκ,1,0.15
62)·,1,0.15
164)·,1,0.15
842/2006,1,0.15
195)·,1,0.15
131)·,1,0.15
176)·,1,0.15
75/107/εοκ,1,0.15
μετροδοχεία,1,0.15
15.2.1975,1,0.15
14)·,1,0.15
146)·,1,0.15
κινδυνεύοντης,1,0.15
πτυχό,1,0.15
1102/2008,1,0.15
2018/1139,1,0.15
2111/2005,1,0.15
1008/2008,1,0.15
3922/91,1,0.15
22.8.2018,1,0.15
επανδρωμένος,1,0.15
έλικες,1,0.15
υποδείσσω,1,0.15
περιλήψεων,1,0.15
εβπε,1,0.15
εβπ,1,0.15
περιλήψεών,1,0.15
βελτίωσαν,1,0.15
oσeka,1,0.15
ανακοινώνεις,1,0.15
επικαιροποιημένοι,1,0.15
οργανισμοί·,1,0.15
·ή,1,0.15
συνταξιούχου,1,0.15
άνετη,1,0.15
διάγω,1,0.15
γηράσκουσα,1,0.15
ήπειρος,1,0.15
ριζικός,1,0.15
επανάσταση,1,0.15
ευεργετικός,1,0.15
διέμεναν,1,0.15
υπηκοότητάς,1,0.15
τιμολογημένο,1,0.15
συνταξιοδοτηθούν,1,0.15
κοινό-στόχος,1,0.15
cmu,1,0.15
επιτυχημένης,1,0.15
ν]ομοθετικός,1,0.15
αποταμιεύσεών,1,0.15
προτιμήθηκε,1,0.15
μετεγκατάστασή,1,0.15
γνωστικός,1,0.15
υποχρεώνοντάς,1,0.15
προσιτούς,1,0.15
βιώσιμης,1,0.15
μεταφέροντης,1,0.15
εξέχουσα,1,0.15
έγκεινται,1,0.15
ανοίσσω,1,0.15
αποποιείται,1,0.15
διανείμλω,1,0.15
βοήθειά,1,0.15
μεταφορασ,1,0.15
διανομη,1,0.15
pep,1,0.15
φωτοτύπησης,1,0.15
εκπονήθηκε,1,0.15
ζητούμενο,1,0.15
ημιαυτοματοποιημένου,1,0.15
σωρευμένου,1,0.15
ιδιόμορφη,1,0.15
επανεξετάσεών,1,0.15
καταγγελίες,1,0.15
αιτιάση,1,0.15
αλλαγη,1,0.15
φαση,1,0.15
αποσυσσωρευσης,1,0.15
στήριξαν,1,0.15
επανάληψις,1,0.15
επαναλήψεις,1,0.15
επιβλήνω,1,0.15
2002/58/εκ,1,0.15
12.1.2018,1,0.15
2019/1285,1,0.15
καταταχθούν,1,0.15
παραδοχώ,1,0.15
οντότητα/-εςς,1,0.15
ορθάς,1,0.15
κτήριο,1,0.15
νοσοκομεία·,1,0.15
2019/2175,1,0.15
καθοδηγούνται,1,0.15
μεταμορφώσουν,1,0.15
ενισχυμένου,1,0.15
διαβιβάζοντας,1,0.15
ασυνέπειες,1,0.15
παγίωση,1,0.15
συμβάλλει:»·,1,0.15
"καταναλωτών,»·",1,0.15
υπόψητη,1,0.15
αναμεταξύ,1,0.15
κεκλεισμένος,1,0.15
αντιπροέδρους,1,0.15
1095/2010·»·,1,0.15
γνωμοδοτήσεων·»·,1,0.15
δεδομένα·»·,1,0.15
τρομοκρατίας·»·,1,0.15
καινοτόμα,1,0.15
16β·,1,0.15
9γ·»·,1,0.15
2015/849·,1,0.15
μετοπρώτο,1,0.15
διεξάγο,1,0.15
διεξάγει,1,0.15
επιστολές,1,0.15
προθεσμία.»·,1,0.15
κατήρτισε,1,0.15
συμφεροντούχω,1,0.15
αλληλεπικάλυψη.»·,1,0.15
παραλήφθηκαν,1,0.15
καθυστέρηση.»·,1,0.15
καταγγέλλοντας,1,0.15
λήξει·,1,0.15
εκτιμήσεων·,1,0.15
29α·,1,0.15
πράξεις·»·,1,0.15
αλλαγή·»·,1,0.15
αναλύει,1,0.15
με:»·ς,1,0.15
αρχές·»·,1,0.15
καινοτομία·»·,1,0.15
καταστάσεων»·,1,0.15
αναπτύσσει:»·,1,0.15
ιδρυμάτων.»·,1,0.15
ισοδυναμίας·,1,0.15
αποταμίευσης·,1,0.15
259/68,1,0.15
πρόεδρο·»·,1,0.15
συναρμόδιος,1,0.15
καθοδηγεί,1,0.15
σχολιασμένος,1,0.15
ψηφισάντων,1,0.15
προεδρεύονται,1,0.15
επικουρούνται,1,0.15
καθηκόντωνπου,1,0.15
45β.»·ς,1,0.15
διοίκησης.»·,1,0.15
προέδρου,1,0.15
άπαξ.»·,1,0.15
προέδρου»·,1,0.15
49α,1,0.15
διεξάχνω,1,0.15
"εεα,»·",1,0.15
υποεπιτροπές,1,0.15
αρχών.»·,1,0.15
παρέαμβμνω,1,0.15
διαδίκος,1,0.15
συνέπραξαν,1,0.15
δημοσιονομικοί,1,0.15
αποφάσεων.»·ς,1,0.15
1049/2001,1,0.15
άλλων:»·ς,1,0.15
συνταξιοδότησης·,1,0.15
διαθέτει·,1,0.15
επενδυτές·»·ς,1,0.15
αλληλαντασφαλιστικός,1,0.15
ψήφου»·,1,0.15
"κυβερνοχώρο,»·",1,0.15
επιτροπής.»·,1,0.15
εξουσίες.»·,1,0.15
επενδυτών·»·,1,0.15
2014/65/εε.»·,1,0.15
εμηγνωσυς,1,0.15
ε.μη.δη.συ·,1,0.15
διατηρώνη,1,0.15
παραποιήσεις,1,0.15
27γ,1,0.15
27δ,1,0.15
αποσαφηνίζο,1,0.15
38ε,1,0.15
38θ·,1,0.15
ανάληψής,1,0.15
38θς,1,0.15
38β·,1,0.15
38ις,1,0.15
38ιγς,1,0.15
αόριστον,1,0.15
54β,1,0.15
από:»·,1,0.15
σημείου·,1,0.15
έρευνας:»·,1,0.15
48στ·,1,0.15
48ζς,1,0.15
48β·,1,0.15
διορθώσουν,1,0.15
48ι,1,0.15
αδικήματο,1,0.15
48ις,1,0.15
προσδιορίζοντας,1,0.15
48ιδ,1,0.15
2019.»·,1,0.15
προσυπογράψει,1,0.15
20.7.2018,1,0.15
30.1.2019,1,0.15
26.11.2019,1,0.15
17.3.2015,1,0.15
48ια,1,0.15
2019/2176,1,0.15
μεταβάλω,1,0.15
μείζονς,1,0.15
προήδρευσε,1,0.15
συζητώντας,1,0.15
ακροάσεις,1,0.15
κεκλεισμένων,1,0.15
τούδε,1,0.15
εκλέγονταν,1,0.15
απηχώντας,1,0.15
γραμματεία·,1,0.15
επανεκλεγεί,1,0.15
επιτροπής·»·,1,0.15
ψήφου·»·,1,0.15
φορέα.»·,1,0.15
πολιτικής.»·,1,0.15
πολιτική·»·ς,1,0.15
ετών·»·,1,0.15
διορισθέντες,1,0.15
συνδικάτα,1,0.15
προτάζω,1,0.15
πρόσωπα.»·,1,0.15
στβ,1,0.15
αναπέμπει,1,0.15
αγνοήθηκε,1,0.15
αιτιολόγησαν,1,0.15
1096/2010.»·,1,0.15
162).»·,1,0.15
63).»·,1,0.15
2020/188της,1,0.15
επίμονος,1,0.15
εξακολούθησε,1,0.15
μεσοπρόθεσμους,1,0.15
στήριζε,1,0.15
προσκομμά,1,0.15
εξοφληθέντος,1,0.15
ικανότητας•,1,0.15
20.11.2015,1,0.15
11.5.2016,1,0.15
παράμετρός,1,0.15
2020/216,1,0.15
προταθέντης,1,0.15
6.8.1–6.8.12,1,0.15
6.8.11ς,1,0.15
6.8.4–6.8.6,1,0.15
6.8.10,1,0.15
102ιδ,1,0.15
102δ–102ζ,1,0.15
44de–44df,1,0.15
εκτεθειμένες,1,0.15
44de,1,0.15
http://www.fsb.org/wp-content/uploads/r_140722.pdf,1,0.15
2020/125,1,0.15
χώραζώνη,1,0.15
saopauloς,1,0.15
ανεπτυγμένες,1,0.15
2020/193,1,0.15
2020/239,1,0.15
2020.»·,1,0.15
31.1.2019,1,0.15
1.1.2021,1,0.15
περιβαλ,1,0.15
1.1.2025,1,0.15
e-u,1,0.15
καιτrial,1,0.15
7.6.3.4,1,0.15
γκαζιού,1,0.15
2.2.1.1.2,1,0.15
5-11,1,0.15
x(v,1,0.15
αρμόδιο(-α,1,0.15
πολυπλοκοτήτων,1,0.15
επικοινωνούνται,1,0.15
επεκτασιμότητα,1,0.15
αυτόματος(-η,1,0.15
επεκτάσιμοι,1,0.15
στελέχος,1,0.15
συγκατάθεσή,1,0.15
καθεμίας,1,0.15
κλιμάκωσής,1,0.15
ανακατεύθυνση,1,0.15
καταοδεικνύεται,1,0.15
είδεις,1,0.15
προσπελάστηκαν,1,0.15
αδιάλειπτα,1,0.15
2021/272,1,0.15
κρούσμα,1,0.15
μαρτίου-απριλίου,1,0.15
εμβολίων,1,0.15
(-8,1,0.15
"+14,1ς",1,0.15
"3,41",1,0.15
"42,62",1,0.15
πραγματωθούν,1,0.15
+8,1,0.15
εύθραυστες,1,0.15
οξύτερος,1,0.15
αντιμετωπιζει,1,0.15
αποτελεσματικα,1,0.15
βελτιωνει,1,0.15
παρακολουθουν,1,0.15
ευρύτατα,1,0.15
διασπαρμένη,1,0.15
"παρίσι,16",1,0.15
13.11.2020,1,0.15
https://ec.europa.,1,0.15
info/files/autumn,1,0.15
σύνδεσμοhttps://www.esma.europa.eu/sites/default/files/library/esma50-165-1371_risk_dashboard_no_2_2020.pdf,1,0.15
δεκαετή,1,0.15
ενθαρρυντικά,1,0.15
csi,1,0.15
2021/437,1,0.15
πράσινης,1,0.15
28.12.2020,1,0.15
7/στήλη,1,0.15
10/στήλη,1,0.15
5x100,1,0.15
νόμισμαεισαγωγή,1,0.15
οικείο,1,0.15
cci,1,0.15
επικυρώνοντας,1,0.15
iban,1,0.15
κωδικοποιείται,1,0.15
ετθα,1,0.15
καταχωρουνται,1,0.15
αντίστοιχες,1,0.15
ανακτήσιμες,1,0.15
76.ς,1,0.15
καταβαλλονται,1,0.15
καταβληθηκαν,1,0.15
πληρωμήςπου,1,0.15
α-γ,1,0.15
α)του,1,0.15
2020/1732,1,0.15
επιβαρυώνν,1,0.15
επιπόλαιος,1,0.15
32500,1,0.15
80/2019,1,0.15
pgr,1,0.15
1926’·,1,0.15
kredittforetak,1,0.15
organisert,1,0.15
samvirkeforetak,1,0.15
sparebank,1,0.15
um,1,0.15
nrς,1,0.15
161/2002,1,0.15
0079,1,0.15
1278,1,0.15
0926,1,0.15
1151,1,0.15
0098,1,0.15
2015/79,1,0.15
2015/227,1,0.15
εξελισσόμενης,1,0.15
ακραία,1,0.15
κατεπείγουσας,1,0.15
αναπόφευκτα,1,0.15
επιβίωση,1,0.15
μεταφραστούν,1,0.15
αυτοεπιβληθέντα,1,0.15
αγορές•,1,0.15
ένωσης•,1,0.15
δεσμεύσεων•,1,0.15
εποπτείας•,1,0.15
σοβούσα,1,0.15
2020/2145,1,0.15
876/2013,1,0.15
βασίζονται,1,0.15
a.s,1,0.15
sas,1,0.15
2020/1105,1,0.15
φοροφυγάδες,1,0.15
διαπράττοντες,1,0.15
αδύνατη,1,0.15
αποτεέι,1,0.15
σκόπευε,1,0.15
δυσχερός,1,0.15
6.5.2017,1,0.15
19.4.2018,1,0.15
2007/38,1,0.15
αποτίμη-σης,1,0.15
νομοθε-σίας,1,0.15
η-μερομηνία,1,0.15
επιχειρηματικούκινδύνου,1,0.15
xii-376,1,0.15
τροποποιή-θηκε,1,0.15
xii-1467,1,0.15
πορτογα-λία,1,0.15
κατευθυντήρα,1,0.15
3/2015,1,0.15
επιχειρηματικό-τητας,1,0.15
εξειδικευμένοι,1,0.15
80/2003,1,0.15
31ι,1,0.15
ισχύουν»·,1,0.15
"περίπτωση,»·",1,0.15
12ας,1,0.15
2021/70,1,0.15
κυβερνοανθεκτικότητας,1,0.15
επεκτεινόμενος,1,0.15
κτηνιατρικά,1,0.15
2020/306,1,0.15
54πα,1,0.15
15ιζ,1,0.15
2020/540,1,0.15
6.19.7.1,1,0.15
2021/205,1,0.15
2021/557,1,0.15
2017/24,1,0.15
επιζήμιων,1,0.15
αντλεί,1,0.15
μεταβιβαζoυσών,1,0.15
ακολουθούσαν,1,0.15
επιλέγονταν,1,0.15
αντιμέτωποι,1,0.15
αποσβεώνσ,1,0.15
προσαρμόζοντάς,1,0.15
λόγου·,1,0.15
γεγονότα·,1,0.15
υποσχεθεί,1,0.15
δικαιοδοσίας·»·,1,0.15
ανοιγμάτων.»·,1,0.15
μέρη.»·,1,0.15
τιτλοποίηση»·,1,0.15
αειφορίας.»·,1,0.15
τιτλοποιημένα·,1,0.15
ανοιγμάτωνα·,1,0.15
ενεργοποίησης·,1,0.15
εξασφαλίνω,1,0.15
επικαιροποιημένο,1,0.15
συμπεριλαμβανόταν,1,0.15
αναπλήρωσης·,1,0.15
εκείνο·,1,0.15
περιθώριο)·,1,0.15
εκτελεστό·,1,0.15
μέρος.»·,1,0.15
7·»·,1,0.15
εδάφιο·»·,1,0.15
26ε·,1,0.15
26ε·»·,1,0.15
οεστ.»·,1,0.15
26.2.2021,1,0.15
αξιώνκαι,1,0.15
αναληφθείσας,1,0.15
απορροφώσα,1,0.15
εντύπος,1,0.15
σύστασης·,1,0.15
έδρα)·,1,0.15
2.5.1.α,1,0.15
ανταλλακτική,1,0.15
απορροφώσας,1,0.15
3.5.4,1,0.15
ενωρίτερες,1,0.15
προθέσεή,1,0.15
2020/1304,1,0.15
αντίληψή,1,0.15
οργανωτικές,1,0.15
εκκαθαρισθεί,1,0.15
βάσιμη,1,0.15
προχρηματοδοτημένα,1,0.15
ελέγξω,1,0.15
κηρυχθούν,1,0.15
εκκινήσουν,1,0.15
απολογιστικοί,1,0.15
πραγματοποιήσιμο,1,0.15
παραλαβές,1,0.15
παρεμβλήνω,1,0.15
2021/25,1,0.15
2020/434,1,0.15
16.1.2020,1,0.15
5.4.5,1,0.15
6.9.7,1,0.15
6.8.2,1,0.15
προβλέφθηκε—,1,0.15
β5.4.6,1,0.15
6.8.7,1,0.15
6.8.9–6.8.13,1,0.15
5.4.6,1,0.15
αναγνωρίζεται·,1,0.15
6.9.7–6.9.12,1,0.15
6.9.7–6.9.13,1,0.15
6.9.10,1,0.15
7.2.43–7.2.46,1,0.15
6.9.13,1,0.15
7.2.44,1,0.15
108ια,1,0.15
108η–108ια,1,0.15
102ιε,1,0.15
102ι–102ιε,1,0.15
αντισταθμίζονται·,1,0.15
102ιζ,1,0.15
102ιη,1,0.15
102κβ–102κη,1,0.15
102ιθ,1,0.15
102κα,1,0.15
102κβ–102κθ,1,0.15
αναδρομική,1,0.15
102κδ,1,0.15
102κστ,1,0.15
108θ,1,0.15
44zz–44hh,1,0.15
πρόοδό,1,0.15
24ι,1,0.15
44ζζ,1,0.15
44hh,1,0.15
102β,1,0.15
20ιθ,1,0.15
προσωρινη,1,0.15
105–106,1,0.15
γ20δ,1,0.15
εξακολουθούσαν,1,0.15
[ς,1,0.15
τρισεκατομμύρια,1,0.15
-21,1,0.15
βελτιώθηκε,1,0.15
-9,1,0.15
-11,1,0.15
επιδεινούμενου,1,0.15
βαθιάς,1,0.15
συγχρονισμένος,1,0.15
φαινομενικός,1,0.15
διαδεδομένες,1,0.15
διεξήγε,1,0.15
κάποιες,1,0.15
2020-02-20,1,0.15
sesv11,1,0.15
nd4-εεεε,1,0.15
ivss4,1,0.15
17.00.00,1,0.15
12.00.00,1,0.15
γεωγραφία,1,0.15
2021/236,1,0.15
αναλογική,1,0.15
iosco,1,0.15
bcbs-iosco,1,0.15
συμβάσεών,1,0.15
προγενέστερη·,1,0.15
2022.»·,1,0.15
ευρώ.»·,1,0.15
2020/1226,1,0.15
ψευδέςς,1,0.15
2020/1766,1,0.15
άσκοπης,1,0.15
ιρλανδικοί,1,0.15
2020/448,1,0.15
18.6.2019,1,0.15
2021/526,1,0.15
206/2018,1,0.15
0498,1,0.15
εοχ*,1,0.15
οικιστική,1,0.15
ευχερέστερη,1,0.15
ιδιοκατοίκηση,1,0.15
ival5,1,0.15
δυνάμες,1,0.15
μοναδικοί,1,0.15
νομισματικοί,1,0.15
γνωστοποιηθείσαςς,1,0.15
απολύτως,1,0.15
ολοκληρώνονται,1,0.15
cva)/εθελοντική,1,0.15
iva,1,0.15
nri,1,0.15
κορυφαιων,1,0.15
μισθωτων,1,0.15
οικιστικα,1,0.15
rrel4,1,0.15
άνεργος,1,0.15
φοιτητής,1,0.15
currencycode_3,1,0.15
rrel16,1,0.15
δευτεροφειλέτης,1,0.15
επαναδιαπραγματευθεί,1,0.15
rrel20,1,0.15
towk,1,0.15
+100,1,0.15
κεφαλαιοποιήω,1,0.15
τιτλοποιήθηκε,1,0.15
ταξινομούμενο,1,0.15
διαγραμμένο,1,0.15
rrel1,1,0.15
rrel3,1,0.15
rrec2,1,0.15
σιδηροδρομικό,1,0.15
αεροπλάνο,1,0.15
εργαλειομηχανή,1,0.15
κατοικούμενο,1,0.15
παραθεριστική,1,0.15
πανταχόθεν,1,0.15
μεσοτοιχία,1,0.15
μεζονέτα,1,0.15
ιατρείο,1,0.15
ιατρού,1,0.15
εμπορικής,1,0.15
αυτοψία,1,0.15
κατασχεθείσας,1,0.15
ασφαλιστικό,1,0.15
crel2,1,0.15
crel20,1,0.15
πολλαπλοί,1,0.15
mltc,1,0.15
βαβρ,1,0.15
fnlp,1,0.15
στερημένοςς,1,0.15
χρεολύσιο,1,0.15
crel52,1,0.15
εξομαλυώνν,1,0.15
wcas,1,0.15
διαρκές,1,0.15
ιδιόκτητη,1,0.15
rlsd,1,0.15
tmrr,1,0.15
προκαταβληθέντων,1,0.15
crel150,1,0.15
rtdw,1,0.15
crel5,1,0.15
υγειονομική,1,0.15
αναψυχής,1,0.15
crec15,1,0.15
διακατοχή,1,0.15
εληφθεί,1,0.15
κενοί,1,0.15
cret4,1,0.15
crpl2,1,0.15
nace,1,0.15
πιστωτική,1,0.15
crpl3,1,0.15
crpc3,1,0.15
autl63,1,0.15
επικαιροποιημένης,1,0.15
cmrl15,1,0.15
quinto,1,0.15
τηλεπώληση,1,0.15
περίπτερο,1,0.15
δίδακτρα,1,0.15
σπιτιού,1,0.15
ταξίδι,1,0.15
καρτες,1,0.15
ccdl2,1,0.15
ccdl4,1,0.15
lesl2,1,0.15
lesl4ς,1,0.15
αποβιώζω,1,0.15
εγχείρημα,1,0.15
εισηγμένο,1,0.15
συμβιβαστική,1,0.15
υπήχθη,1,0.15
εκδικάζω,1,0.15
nmrp,1,0.15
εξέρχομαι,1,0.15
mp29,1,0.15
αυτοαποκατάσταση,1,0.15
npel1,1,0.15
crpc4,1,0.15
estc4,1,0.15
διαφημίζομαι,1,0.15
npeh3,1,0.15
npeh39,1,0.15
npeh75,1,0.15
npeh110,1,0.15
χρεογραφα,1,0.15
ival43,1,0.15
ival44,1,0.15
τηλεφωνικός/-οί,1,0.15
vslc,1,0.15
είσπραξης)/(το,1,0.15
cpr)^αριθμός,1,0.15
περιόδου)/(το,1,0.15
περιόδου)].,1,0.15
ivsr2,1,0.15
ποσοστιαίων,1,0.15
"99,50",1,0.15
"99,50ς",1,0.15
μεσοδιαστήμα,1,0.15
ivas1,1,0.15
ivan2,1,0.15
επιλέξτος,1,0.15
καπιταλιστικός,1,0.15
nhld,1,0.15
asap,1,0.15
tfiv,1,0.15
wiss,1,0.15
whid,1,0.15
sesa2,1,0.15
τοκοφόρου,1,0.15
υποφορέας,1,0.15
επένδυσης·(gicp,1,0.15
ipcp,1,0.15
εγγραφόμενος,1,0.15
irsp,1,0.15
εταιρεία-όχημα,1,0.15
μετεπανεπένδυση,1,0.15
αναχρηματοδοτηθούν,1,0.15
επανατιμολόγησης,1,0.15
ταξινομούμενος,1,0.15
αφαιρουμένης,1,0.15
εκτιμήω,1,0.15
ανακληθείσα,1,0.15
αποστασιοποιώ,1,0.15
υποχρεώσεις.της,1,0.15
sear7,1,0.15
trxn,1,0.15
nhgx,1,0.15
s.142,1,0.15
2020/605,1,0.15
2020/22,1,0.15
575/201,1,0.15
30.3.2020,1,0.15
τρέχου-σα,1,0.15
2020/2081,1,0.15
βελονών,1,0.15
διαβρεκτικός,1,0.15
μαλακτικός,1,0.15
πυκνωτικά,1,0.15
διαλυτός,1,0.15
θέσπισαν,1,0.15
εκτίμησης,1,0.15
ταξινομούνταν,1,0.15
μεταλλαξιγένεσης,1,0.15
επάγω,1,0.15
ευαισθητοποιημένος,1,0.15
rac,1,0.15
ro1ς,1,0.15
πρωτοταγής,1,0.15
293733-21-8,1,0.15
202-440-0,1,0.15
μαλλία,1,0.15
χρωστική,1,0.15
καρκίνου,1,0.15
καρκινογόνοι,1,0.15
επαρκέστερος,1,0.15
φαινόταν,1,0.15
πιγμέντο,1,0.15
βρωμιωμένο,1,0.15
πιγμέντα,1,0.15
διαλυμένα,1,0.15
συνοψίζοντας,1,0.15
εμπέζω,1,0.15
ατυχή,1,0.15
διαμέσους,1,0.15
ενδοδερμικά,1,0.15
εμπέδωση,1,0.15
ph.,1,0.15
πιγμέντας,1,0.15
ασφαλέστερων,1,0.15
jrc,1,0.15
https://ec.europa.eu/jrc/en/publication/eur-scientific-and-technical-research-reports/safety-tattoos-and-permanent-make-final-report,1,0.15
844η,1,0.15
http://www.ctl-tattoo.net/documents/pdf/eu,1,0.15
_,1,0.15
resap_2003_2.pdf,1,0.15
1018η,1,0.15
echa,1,0.15
εκπονηθείσα,1,0.15
echaς,1,0.15
ξεπλένω,1,0.15
βλεννογόνους,1,0.15
μικροχρώση,1,0.15
σημαδιού,1,0.15
147-14-8,1,0.15
1328-53-6,1,0.15
ονομασιών,1,0.15
200-001-8,1,0.15
75-,1,0.15
οργανομεταλλική,1,0.15
αντιμόνιο,1,0.15
αρσενικό,1,0.15
βάριος,1,0.15
χρώμιο‡,1,0.15
κοβάλτιο,1,0.15
σελήνιος,1,0.15
βενζο[a]πυρένιο,1,0.15
πολυκυκλικοί,1,0.15
μεταλλαξιγόνα,1,0.15
"3,3′-διχλωροβενζιδίνη",1,0.15
4-μεθυλο,1,0.15
4-χλωροανιλίνη,1,0.15
"3,3′-διμεθοξυβενζιδίνη",1,0.15
"4,4′-δι",1,0.15
"4,4′-θειοδιανιλίνη",1,0.15
χλωρο-ο-τολουιδίνη,1,0.15
2-ναφθυλαμίνος,1,0.15
ανιλίνη,1,0.15
2-μεθυλο,1,0.15
4-o,1,0.15
τολυλαζω,1,0.15
"4,4′-μεθυλενοδιανιλίνη",1,0.15
"4,4′-μεθυλενο",1,0.15
δις[2-χλωροανιλίνη,1,0.15
"4,4′-οξυδιανιλίνη",1,0.15
σουλφανιλικό,1,0.15
4-αμινο-3-φθοροφαινόλη,1,0.15
"2,6-ξυλιδίνος",1,0.15
6-αμινο-2-αιθοξυναφθαλίνιο,1,0.15
διαλυτό,1,0.15
‡χρώμιο(vi,1,0.15
καταδεικνυόταν,1,0.15
ερεθιστικότητα,1,0.15
διαβρωτικότητα,1,0.15
2020/1273,1,0.15
ελαφρύτερους,1,0.15
χονδρικής.»·,1,0.15
ενημερωτικά,1,0.15
11.12.2019,1,0.15
πρότυπα.»·,1,0.15
πρότυπο.»·ς,1,0.15
διαπραγμάτευση.»·,1,0.15
έκτασή,1,0.15
ποσών.»·,1,0.15
μετοχη,1,0.15
προσκλήνω,1,0.15
τρέχοντης,1,0.15
κανονισμό-πλαίσιο,1,0.15
τιμολογούμενος,1,0.15
καταγραφής,1,0.15
αέριου,1,0.15
1348/2014·,1,0.15
πολλαπλασιαστεί,1,0.15
υποσημεία,1,0.15
καταγραφές,1,0.15
10001,1,0.15
100001,1,0.15
νωρίτερο·,1,0.15
8/2019,1,0.15
2020/1303,1,0.15
εκκαθαριζόμενοι,1,0.15
κυβερνοχώρο,1,0.15
διακοπώ,1,0.15
κατανεμημένου,1,0.15
μετατρεπόμενα,1,0.15
2021/249,1,0.15
φράγκου,1,0.15
κούνας,1,0.15
φιορινιού,1,0.15
2020/1406,1,0.15
πρόσφατοςς,1,0.15
ζητεί·,1,0.15
εκκρεμουσών,1,0.15
2020/634,1,0.15
2020/29,1,0.15
αποκρινόμενο,1,0.15
2016/60,1,0.15
"6,4%",1,0.15
"9,6%",1,0.15
2392,1,0.15
0347,1,0.15
0959,1,0.15
1055,1,0.15
1158,1,0.15
2016/523,1,0.15
259/2019,1,0.15
176/2009/εκ,1,0.15
εντοπιστή,1,0.15
2021/432,1,0.15
2021/7,1,0.15
2020/447,1,0.15
2020/1668,1,0.15
25.6.2019,1,0.15
2020/2127,1,0.15
2.4.2019,1,0.15
cleartradeς,1,0.15
2020/1143,1,0.15
ευρωπαϊκησ,1,0.15
κεντρικησ,1,0.15
τραπεζασ,1,0.15
2020/36,1,0.15
συγκρατημένος,1,0.15
2020/988,1,0.15
2021/496,1,0.15
1κε,1,0.15
0730,1,0.15
1κγ,1,0.15
0633,1,0.15
62/2018,1,0.15
2020/327,1,0.15
1229,1,0.15
28.2.2019,1,0.15
11/2019,1,0.15
2020/930,1,0.15
1513,1,0.15
0128,1,0.15
65/2019,1,0.15
2020/818,1,0.15
1881,1,0.15
57/2019,1,0.15
2020/811,1,0.15
0986,1,0.15
3.9·,1,0.15
κεφαλαίων·»·,1,0.15
05.02,1,0.15
συνθετη,1,0.15
προσφατης,1,0.15
ακολουθες,1,0.15
86/635/εκ,1,0.15
1.1.2.1.2,1,0.15
880·,1,0.15
234,1,0.15
290-300,1,0.15
005-020ς,1,0.15
450-470,1,0.15
340-361,1,0.15
εε”)·,1,0.15
δπχα”)·,1,0.15
2016/1010,1,0.15
πραγματοποιηθεντων,1,0.15
bad+/,1,0.15
7.24c,1,0.15
16.38(α,1,0.15
εισροων,1,0.15
αναταξινομημένα,1,0.15
διακρατώνται,1,0.15
χρηματοοικομομικός,1,0.15
απομοίωση,1,0.15
ανοχή·,1,0.15
ξξανοχή,1,0.15
πιστωτικές,1,0.15
γ)σημεία,1,0.15
ii)του,1,0.15
δ)του,1,0.15
460-510,1,0.15
fγια,1,0.15
1/1/2011,1,0.15
1.5.5,1,0.15
r290·,1,0.15
/0.9,1,0.15
2021/338,1,0.15
γραφειοκρατία,1,0.15
αφώ,1,0.15
αμβλυνθεί,1,0.15
παρεμπόδισαν,1,0.15
κινήθηκε,1,0.15
ασταθείς,1,0.15
στηριώνχ,1,0.15
εισαχθείσες,1,0.15
λεπτομερή,1,0.15
επισκεπτής,1,0.15
εκκολαπτόμενος,1,0.15
ανθρακούχες,1,0.15
άρτια,1,0.15
δισεκατομμυρίο,1,0.15
ομολόγου·,1,0.15
"χαρτί,»·",1,0.15
συναλλαγής.»·,1,0.15
19.6.2018,1,0.15
ενίσχυσε,1,0.15
διασφάλισε,1,0.15
stsat10,1,0.15
γνωστοποιηθούν,1,0.15
26-176,1,0.15
6.11.2019ς,1,0.15
2017/2402σχετικά,1,0.15
προγράμματος/-ων,1,0.15
εγκεκριμένο,1,0.15
οριστικοποιημένου,1,0.15
πιχειρησιακός,1,0.15
regular-way,1,0.15
επαναπροσθέτουν,1,0.15
αλλαγέςθα,1,0.15
αμβλύνουν,1,0.15
ανακλήση,1,0.15
ιδρύματακατάς,1,0.15
ψηφιοποιημένος,1,0.15
αξιοποιήσουν,1,0.15
επιτυγχάνονται,1,0.15
παράγαφος,1,0.15
αντεγγυημένου,1,0.15
6:»·,1,0.15
τροποποιείαι,1,0.15
9»)·,1,0.15
παράγραφο:»·,1,0.15
"2,sa",1,0.15
"2,irb",1,0.15
"4,irb",1,0.15
μεταγενέστερη.»·ς,1,0.15
μηδέν.»·,1,0.15
2023·,1,0.15
επανυπολογίζουν,1,0.15
covid,1,0.15
"4,sa",1,0.15
2021/337,1,0.15
αποδεσμεύσουν,1,0.15
τρωτής,1,0.15
μεγαλοεπενδυτής,1,0.15
χρηματοδοτήζω,1,0.15
εύληπτα,1,0.15
λιγός,1,0.15
επαναπωλούνται,1,0.15
αναλύσιμος,1,0.15
αναγνώσιμους,1,0.15
υπαναχώρησης.»·,1,0.15
χρησιμοποιούν·ς,1,0.15
επαναφορή,1,0.15
αναδεχθούν,1,0.15
τοποθετήσουν,1,0.15
συνεκτικότητάς,1,0.15
2021/85,1,0.15
23(a,1,0.15
επίβλεψης,1,0.15
17ad-22(d,1,0.15
3a(23,1,0.15
17ad-22,1,0.15
ακάλυπτου,1,0.15
ραγδαία,1,0.15
17ad-22(e)(14,1,0.15
17a(b)(1,1,0.15
17a(k,1,0.15
υπηρεσιακή,1,0.15
https://www.sec.gov/files/regulation-clearing-agencies-100120.pdf,1,0.15
2020/1302,1,0.15
επιβαρύνεται,1,0.15
αποθαρρύνεται,1,0.15
αβάσιμων,1,0.15
τελη,1,0.15
καταβολης,1,0.15
82/2019,1,0.15
2020/832,1,0.15
0818,1,0.15
2358,1,0.15
1555,1,0.15
1556,1,0.15
2197,1,0.15
2344,1,0.15
14ακστβ,1,0.15
1646,1,0.15
14ακστγ,1,0.15
1799,1,0.15
14ακστδ,1,0.15
1801,1,0.15
14ακστε,1,0.15
0208,1,0.15
1222,1,0.15
2070,1,0.15
2015/1555,1,0.15
2021/237,1,0.15
διαβουλεύθηκε,1,0.15
29.4.2019,1,0.15
28.5.2019,1,0.15
2020/44,1,0.15
κορονοϊού,1,0.15
ευπαθός,1,0.15
χρηματοδότη,1,0.15
συνυπολογίζοντάς,1,0.15
2020/1272,1,0.15
δυσνόητος,1,0.15
2019/980·,1,0.15
περιληπτικά,1,0.15
2020/1647,1,0.15
2020/978,1,0.15
κεντρικήσ,1,0.15
τράπεζασ,1,0.15
2020/32,1,0.15
2021/174,1,0.15
2021/6,1,0.15
διαρκέστερη,1,0.15
προβολών,1,0.15
διατήρησε,1,0.15
σοβούσε,1,0.15
υπερκεράζουν,1,0.15
υπερκεράζει,1,0.15
1850,1,0.15
2021/529,1,0.15
συναλλαγές).»·,1,0.15
2020/2097,1,0.15
20ιε,1,0.15
35–36,1,0.15
17/2019,1,0.15
1κζ,1,0.15
2017/2015,1,0.15
2020/1212,1,0.15
ήλθαν,1,0.15
19/2019,1,0.15
2020/937,1,0.15
19βστ,1,0.15
1712,1,0.15
2016/1712,1,0.15
2020/56,1,0.15
έκτακτο,1,0.15
2020/1615ς,1,0.15
1κδ,1,0.15
2020/325ς,1,0.15
30ζ,1,0.15
1619,1,0.15
63/2018ς,1,0.15
2020/314,1,0.15
2020/326,1,0.15
2021/451,1,0.15
παρεμπόδιζε,1,0.15
34.05,1,0.15
32.2,1,0.15
0910)·,1,0.15
0920)·,1,0.15
0930)·ς,1,0.15
0940)·,1,0.15
0950)·,1,0.15
0970)·,1,0.15
0980)·,1,0.15
8.3,1,0.15
8.6,1,0.15
8.7,1,0.15
34.07ς,1,0.15
μηνιαίως·,1,0.15
πλήρω,1,0.15
κωδικου,1,0.15
εθνικος,1,0.15
εκκαθαριζονται,1,0.15
ciu,1,0.15
ασφαλιστηρια,1,0.15
συμβολαια,1,0.15
ζωης,1,0.15
επικαιροποιησεις,1,0.15
εξαγορες,1,0.15
διακυμανσεις,1,0.15
ιση,1,0.15
μικροτερη,1,0.15
οριζεται,1,0.15
δανειοδότησηβάζω,1,0.15
τελευταιας,1,0.15
θετικη,1,0.15
ενδεχομενο,1,0.15
αλφα,1,0.15
δυνητικη,1,0.15
σημαντικότερο,1,0.15
μετοχες,1,0.15
συνολα,1,0.15
κλαδος,1,0.15
τοπος,1,0.15
κατοικιας,1,0.15
διαχωρισμένες,1,0.15
εγχώριοι,1,0.15
ευλογες,1,0.15
ετησιες,1,0.15
προκαταβολες(στην,1,0.15
διαπραγματευσηκαι,1,0.15
μέσων[ts,1,0.15
τραπεζική[cb,1,0.15
υπηρεσίεςφύλαξης,1,0.15
υπερβάσεωνκατά,1,0.15
διαθεσιμη,1,0.15
μεατο,1,0.15
συντελεστές-στόχος,1,0.15
1.1.1.25a,1,0.15
1.1.1.25b,1,0.15
132γ,1,0.15
1.1.1.25γ(-,1,0.15
1.2.9a,1,0.15
0150·,1,0.15
0170·,1,0.15
0065,1,0.15
1.1.4.1,1,0.15
0630,1,0.15
0640,1,0.15
0690,1,0.15
0350,1,0.15
0400,1,0.15
καταταχθεί·,1,0.15
132β,1,0.15
αναφορών)·ς,1,0.15
εξωτερικης,1,0.15
a-irb)·,1,0.15
0200,1,0.15
0215,1,0.15
0216,1,0.15
0255,1,0.15
0257,1,0.15
pd/.,1,0.15
0050-0090,1,0.15
0010-0040,1,0.15
0070-0110,1,0.15
0431,1,0.15
0432,1,0.15
τους»·,1,0.15
0121,1,0.15
αθετηση,1,0.15
0171,1,0.15
0570,1,0.15
0050/0060,1,0.15
279β,1,0.15
oem,1,0.15
281,1,0.15
αποκλειστική,1,0.15
ακραιων,1,0.15
αναλυμένας,1,0.15
αμοιβαιοποιημένου,1,0.15
ιμμ,1,0.15
πολλαπλασιασμένες,1,0.15
0910-0980,1,0.15
0950,1,0.15
0325;0060,1,0.15
0330;0060,1,0.15
0251,1,0.15
0280-0300,1,0.15
0430,1,0.15
0021/0022,1,0.15
0030/0040,1,0.15
προσθετέου,1,0.15
εε»)·,1,0.15
δπχα»)·,1,0.15
0091,1,0.15
0096,1,0.15
3m].,1,0.15
10y,1,0.15
περισσότερο].,1,0.15
διαφοροποιούν,1,0.15
0030-0050,1,0.15
αντεγγυημένα,1,0.15
9.6.5.11(δ)(ii)(iii,1,0.15
9.5.5.1,1,0.15
7.35ιγ(β)(ii,1,0.15
7.35ιγ.(γ,1,0.15
2.67,1,0.15
"2.67,70(δ",1,0.15
αξίαπαράρτημα,1,0.15
2.156,1,0.15
2.114(β,1,0.15
2.215,1,0.15
237(ε,1,0.15
-σωρευτικός,1,0.15
"24.18(β),παράρτημα",1,0.15
296(ιθ,1,0.15
2.297(γ,1,0.15
2.297(δ,1,0.15
εμφάνιση(1,1,0.15
εμφάνιση(2,1,0.15
εμφάνιση(3,1,0.15
εμφάνιση(13)-(14,1,0.15
εμφάνιση(7,1,0.15
εμφάνιση(10,1,0.15
"1.34(γ),34(ες",1,0.15
442(θ,1,0.15
bad.ενεργητικό(7)-(8,1,0.15
παραπομπες,1,0.15
/χρέωση,1,0.15
χρηματοδοτικες,1,0.15
εγγυήσεων»·,1,0.15
χρηματοοικονοικός,1,0.15
όψεως)·,1,0.15
δραστηριότητες»·ς,1,0.15
πάντοτε·,1,0.15
επιμετρησης,1,0.15
παροχες,1,0.15
αγορή,1,0.15
προχρηματοδοτήσεων,1,0.15
48.00,1,0.15
48.01,1,0.15
τίτλων»·,1,0.15
"lrcalc,0061,0010+lrcalc,0065,0010",1,0.15
"lr1,0010,0010",1,0.15
"lr1,0050,0020",1,0.15
"lrcalc,0270,0010",1,0.15
"0040,0010",1,0.15
"0101,0010",1,0.15
"0103,0010",1,0.15
429δ,1,0.15
"0191,0010",1,0.15
"0193,0010",1,0.15
"0196,0010",1,0.15
"0193,0010ς",1,0.15
0262-0264,1,0.15
"0350,0010",1,0.15
0420,1,0.15
"0370,0010ς",1,0.15
"0380,0010",1,0.15
0430·,1,0.15
"0400,0010",1,0.15
"0020,010",1,0.15
"0050,0010",1,0.15
"0060,0010",1,0.15
"0020,0020",1,0.15
"0050,0020",1,0.15
"0060,0020",1,0.15
"0060,0070",1,0.15
"0030,0070",1,0.15
"και0040,0070",1,0.15
"0020,0075",1,0.15
"0050,0075",1,0.15
"0090,0010",1,0.15
"0267,0010",1,0.15
"lr4,0080,0010",1,0.15
"lr4,190,0010",1,0.15
"lr4,0210,0010ς",1,0.15
"lr4,0210,0020",1,0.15
"lr4,0230,0020",1,0.15
lre,1,0.15
"lrcalc,0180,0010",1,0.15
"lrcalc,0130,0010",1,0.15
"0100,0010",1,0.15
"0130,0020",1,0.15
"0100,0030",1,0.15
"0130,0030",1,0.15
"0130,0040",1,0.15
"0170,0020",1,0.15
"0170,0030",1,0.15
"0150,0040",1,0.15
"0170,0040",1,0.15
"0250,0010",1,0.15
"0240,0020",1,0.15
"0240,0030",1,0.15
"0270,0020",1,0.15
"0260,0030",1,0.15
"0270,0030",1,0.15
"0260,0040",1,0.15
συνεταιριστική·,1,0.15
τραπεζική)·,1,0.15
απλουστευμενος,1,0.15
84.00,1,0.15
428ιζ,1,0.15
80.00,1,0.15
0050-0080,1,0.15
428λα,1,0.15
428λβ,1,0.15
αλληλοεξαρτώμενα,1,0.15
428κα,1,0.15
428ιγ,1,0.15
2.5.3.3,1,0.15
2.9.4,1,0.15
0010-0020,1,0.15
0070-0900,1,0.15
428με,1,0.15
428μη,1,0.15
428ν,1,0.15
428να,1,0.15
428μδς,1,0.15
428δ·,1,0.15
428μζ,1,0.15
83.00,1,0.15
0050-0060,1,0.15
428λστ,1,0.15
428λστς,1,0.15
428λζ,1,0.15
428μ,1,0.15
καταθέσεων·,1,0.15
τουλάχιστον·,1,0.15
διακανονιστούν·,1,0.15
μειοψηφίας·,1,0.15
διαθέσιμης,1,0.15
2.5.3.1,1,0.15
060+,1,0.15
ομολογίες»)·ς,1,0.15
αξιογράφος,1,0.15
150150,1,0.15
6·,1,0.15
εχω,1,0.15
δανεισμένους,1,0.15
015,1,0.15
χρηματαγορά)·,1,0.15
πελάτες)·,1,0.15
2009/65/εκ)·,1,0.15
ενδοομιλικούς,1,0.15
αντισυμβαλλομένους)·,1,0.15
όψεως»·,1,0.15
ταμιευτηρίου»·,1,0.15
χονδρικής»·,1,0.15
λñηκτότητος,1,0.15
προτεραιότητα)·,1,0.15
εξασφάλισης)·,1,0.15
χρεόγραφο)·,1,0.15
ομόλογα)·,1,0.15
αξίες)·,1,0.15
απαίτηση)·,1,0.15
μετοχή)·,1,0.15
ίδρυμα)·,1,0.15
προ-τοποθετημένα,1,0.15
1010,1,0.15
1030,1,0.15
1090,1,0.15
λαμβανω,1,0.15
αυτη,1,0.15
τηρούναι,1,0.15
eur+10,1,0.15
0460-0510,1,0.15
0010-0430,1,0.15
0307,1,0.15
0339,1,0.15
1.2.7,1,0.15
ανταλλάττω,1,0.15
r0130·,1,0.15
r0290·,1,0.15
r0230·,1,0.15
"/0,9",1,0.15
ebu,1,0.15
αγοράστηκε,1,0.15
αναβλήθηκε,1,0.15
ληπτέο,1,0.15
0970,1,0.15
προστασίακατανομή,1,0.15
34.10,1,0.15
e(2003,1,0.15
αναταραχών,1,0.15
αποσταθεροποιώ,1,0.15
ενωσιακοί,1,0.15
εξυπηρετούντος,1,0.15
επικεντρωμένοι,1,0.15
βελτίωσε,1,0.15
έντονων,1,0.15
προσκήνιο,1,0.15
υποχρεώθηκαν,1,0.15
διασώσουν,1,0.15
προστατεύθηκαν,1,0.15
συναρτώμενους,1,0.15
πτώχευσαν,1,0.15
πτωχεύσουν,1,0.15
δυσπραγία,1,0.15
επιδιώκοντας,1,0.15
επαυξώ,1,0.15
πλήττονταν,1,0.15
κατάρρευσή,1,0.15
καλυπτόμενης,1,0.15
εξαντλημένος,1,0.15
επαναντιστοιχίζω,1,0.15
εξάλειφε,1,0.15
κωλυμάτο,1,0.15
μετρίαζε,1,0.15
ανασχέζω,1,0.15
χρηματοπιστωτική,1,0.15
αποκατέστησε,1,0.15
παντοειδής,1,0.15
αναδιαρθρωθούν,1,0.15
συντρέχων,1,0.15
θιγόμενοι,1,0.15
—οπότε,1,0.15
δεσμεύονταν,1,0.15
του—,1,0.15
αφερεγγυότητας(αρχή,1,0.15
μετακυλίζω,1,0.15
εναπομείνασες,1,0.15
καθυστερημένης,1,0.15
εξαντλημένοι,1,0.15
δικαιούνταν,1,0.15
έσχατο,1,0.15
έγγραφό,1,0.15
επιμερίσουν,1,0.15
επαναντιστοίχιση,1,0.15
εκπλειστηριασμός,1,0.15
καταγγελθείσες,1,0.15
επανεντάσσω,1,0.15
καταγγείλουν,1,0.15
ενδεικνυόμενης,1,0.15
πραγματολογικώς,1,0.15
ακυρούμενος,1,0.15
παρεκτός,1,0.15
επιβαρυντικά,1,0.15
ανάκαμψη·,1,0.15
αποτιμήσεις·,1,0.15
πιστωτών·,1,0.15
καταληφθούν,1,0.15
εξαπίνης,1,0.15
μεγίστης,1,0.15
αυξημένοι,1,0.15
χρηματοδοτικοί,1,0.15
κυβερνοεπιθέσεων·,1,0.15
διαλειτουργικότητας·,1,0.15
συνδίκου,1,0.15
2011/3,1,0.15
σωμα,1,0.15
16·και,1,0.15
ωριαίος,1,0.15
ατράκτων,1,0.15
κατεπείγον,1,0.15
σφετεριστούν,1,0.15
προετοιμασια,1,0.15
ελέγξιμος,1,0.15
αποζημιώζω,1,0.15
κυβερνοασφάλεια,1,0.15
περιστέλλουν,1,0.15
εντοπιώνσ,1,0.15
προταθείσος,1,0.15
αλληλεξαρτήσεων·,1,0.15
20222,1,0.15
ορισθείσος,1,0.15
απομονωθούν,1,0.15
ανακεφαλαιοποιούν,1,0.15
ανεφοδιάζω,1,0.15
αναδιαπραγμάτευση,1,0.15
"1,το",1,0.15
εγκαιρη,1,0.15
παρεμβαση,1,0.15
απόσχει,1,0.15
πλειστηριασμό·,1,0.15
ύλην,1,0.15
υπερβάλλουσος,1,0.15
διαταράσσονταν,1,0.15
ανάκαμψη·ς,1,0.15
σταθερότητας··και,1,0.15
προσωρινού,1,0.15
πρακτικές·,1,0.15
απορροφούνταν,1,0.15
αντισυμβαλλόμενο··ή,1,0.15
αντιλογιστούν,1,0.15
εναπομείνουσαςς,1,0.15
διαβουλευθείσες,1,0.15
διάδοχηςς,1,0.15
ανακεφαλαιοποιηθεί,1,0.15
αραιώνω,1,0.15
χρησιμοποιουμένος,1,0.15
πεισθούν,1,0.15
εκχωρηθέντα,1,0.15
παραγράφου··και,1,0.15
μεταβιβασθούν,1,0.15
προσκαλέσει,1,0.15
αντισυμβαλλομένου··και,1,0.15
575/2013για,1,0.15
αναστέλλο,1,0.15
μεταβιβασθείσα,1,0.15
εργασίας·,1,0.15
διορίζουσα,1,0.15
ενέγγυος,1,0.15
"παρ,1",1,0.15
αλληλοσυμψηφισμό,1,0.15
αντίκλητος,1,0.15
παραληφθείσα,1,0.15
μακροπροληπτική,1,0.15
eioρα·,1,0.15
esμα·,1,0.15
ια)πριν,1,0.15
ακυρωθείσα,1,0.15
προσφεύγων,1,0.15
εντελλόμενος,1,0.15
οντοτήτας,1,0.15
γνωστοποίηση·,1,0.15
διατηρηθεί,1,0.15
αναστολή·,1,0.15
αντισυμβαλλομένους.»·,1,0.15
160α,1,0.15
παράγραφος2,1,0.15
9(1,1,0.15
9(2,1,0.15
9(3,1,0.15
9(13,1,0.15
9(16,1,0.15
9(19,1,0.15
10(2,1,0.15
10(3,1,0.15
10(8,1,0.15
10(9,1,0.15
10(10,1,0.15
10(11,1,0.15
10(12,1,0.15
1.11.2017,1,0.15
18.12.2019,1,0.15
κωλυμάτων·,1,0.15
μετρήζω,1,0.15
επίπτωσής,1,0.15
εκκαθαρισθέντες,1,0.15
εγγυήσεις·ς,1,0.15
οικονομία·,1,0.15
2020/683,1,0.15
τυποποιηθούν,1,0.15
επεξηγηματικες,1,0.15
σημειωσεις,1,0.15
ερωτηματικός,1,0.15
10027-1,1,0.15
23.2.2018,1,0.15
2019/2144,1,0.15
631/2009,1,0.15
406/2010,1,0.15
2015/166,1,0.15
16.12.2019,1,0.15
31-79,1,0.15
κατώτερες,1,0.15
οπίσθιου/-ων,1,0.15
"3,1416",1,0.15
πακέτο/-α,1,0.15
3.2.12.2.7.0.4,1,0.15
3.2.12.2.7.0.5,1,0.15
2015/999,1,0.15
26.5.2012,1,0.15
26.7.2011,1,0.15
επεκτείνετε,1,0.15
13.2.2014,1,0.15
52.,1,0.15
28.11.2018,1,0.15
2016/18,1,0.15
8.1.2016,1,0.15
καθόμενης,1,0.15
εντοπιζόμενο,1,0.15
καθήμενων,1,0.15
i-size,1,0.15
2015/1406,1,0.15
επιβαίνοντης,1,0.15
2018/629,1,0.15
27.4.2018,1,0.15
16.1.2019,1,0.15
—ενιαίες,1,0.15
17.2.2017,1,0.15
αθόρυβων,1,0.15
ακουστότη,1,0.15
2017/71,1,0.15
13.1.2017,1,0.15
προηγμένης,1,0.15
ηλεκτροκινητήρης,1,0.15
κίτρινο,1,0.15
κόκκινο,1,0.15
βιολετί,1,0.15
1–643,1,0.15
21ής,1,0.15
22.3.2012,1,0.15
22.12.2015,1,0.15
8.8.2014,1,0.15
i.2.4,1,0.15
ng,1,0.15
293/2012,1,0.15
καινοτομίας/-ών,1,0.15
διακριβώσεων,1,0.15
2017-11,1,0.15
βουνοκορφών,1,0.15
επαναλάβατε,1,0.15
δηλώνονται,1,0.15
25.1.2005,1,0.15
πούλμαν,1,0.15
1-13,1,0.15
βεβαιωθείτε,1,0.15
επεξηγηματικές,1,0.15
εμπορική/-ε,1,0.15
ταξινόμηση/-σεις,1,0.15
επωνυμία/-ες,1,0.15
μηκίδα,1,0.15
7)/με,1,0.15
καλύπτρα,1,0.15
διαστασεις,1,0.15
μεταξόνιο/-α,1,0.15
μετατρόχιο/-α,1,0.15
εμπρόσθιο/-ος,1,0.15
οπίσθιο/-ους,1,0.15
προτεινόμενου/-ων,1,0.15
διευθυντήριο/-ους,1,0.15
kn.,1,0.15
εκφυγή,1,0.15
ημιρυμουλκούμενος,1,0.15
οκτανίων,1,0.15
αμόλυβδης,1,0.15
βενζίνηlpg,1,0.15
αιθανόλη(ed95)/αιθανόλη,1,0.15
βιοκαυσίμου,1,0.15
κύρια/-εςς,1,0.15
δεξαμενή/-ες,1,0.15
βοηθητική/-ές,1,0.15
εξαεριωτήρα/-ες,1,0.15
rail)/εγχυτήρος,1,0.15
προθάλαμος,1,0.15
στροβιλισμός,1,0.15
υπερτροφοδοσία,1,0.15
κατανεμητής,1,0.15
σημείων]/απευθείας,1,0.15
4)/άλλος,1,0.15
κοχλίας,1,0.15
εγχυτήρες,1,0.15
αρχή/-ές,1,0.15
γείωση,1,0.15
ανς,1,0.15
σπινθηριστές,1,0.15
διακένος,1,0.15
πολλαπλασιαστής/-ές,1,0.15
αντλία/-ες,1,0.15
αέρα/,1,0.15
αέρα-νερός,1,0.15
αναρροφώμενου,1,0.15
αεραγωγός,1,0.15
κλεισίμα,1,0.15
λαμβανόμενα,1,0.15
κατάλυση,1,0.15
μετατροπέα/-έων,1,0.15
μετατροπέα/-ων,1,0.15
υδρόψυκτο,1,0.15
ξηρά,1,0.15
ξηρού,1,0.15
στεγανοποιημένος,1,0.15
αναγεννήσεων,1,0.15
n1,1,0.15
διαλείψεων,1,0.15
$06,1,0.15
θερμαινόμενη,1,0.15
θερμαινόμενος,1,0.15
α6.app,1,0.15
υποπαραρτήματος,1,0.15
αντιδραστηρίων,1,0.15
εξατμιστήρας,1,0.15
συγχρονικός,1,0.15
ng-lt,1,0.15
ng-hlt,1,0.15
μεθάνιο,1,0.15
αιθάνιο,1,0.15
προπάνιο,1,0.15
c4h10ς,1,0.15
ενθαλπία,1,0.15
tsoak_atct,1,0.15
αμπέρ-ώρες,1,0.15
συνδυασμοί,1,0.15
αμιγής,1,0.15
μονοκινητήρας,1,0.15
πολυκινητήρες,1,0.15
συγχρονική,1,0.15
ασύγχρονη,1,0.15
co2/της,1,0.15
3.5.1.3,1,0.15
1-2-(,1,0.15
))*5,1,0.15
rl_l,1,0.15
βαρύ,1,0.15
δηλωμένες,1,0.15
σωλήνα/-ων,1,0.15
φλάντζα/-ες,1,0.15
κατασκευαστή/-ών,1,0.15
κωδικός/-οί,1,0.15
αντεπιστροφή,1,0.15
ονομαστική/-ές,1,0.15
πίεση-εις,1,0.15
εύκαμπτος/-οι,1,0.15
σωλήνας/-ες,1,0.15
εναλλάκτης/-εςς,1,0.15
φίλτρο/-α,1,0.15
χειροκίνητη/-ες,1,0.15
αισθητήρας/-ες,1,0.15
υπερχείλιση,1,0.15
φυσιολογική,1,0.15
nawp,1,0.15
συμπλέκτης/-εςς,1,0.15
συμπλεκτά,1,0.15
n_95_high,1,0.15
n_min_drive_up,1,0.15
απενεργοποιηθεί,1,0.15
συμπτυσσόμενου/-ων,1,0.15
δυνάμενου/-ων,1,0.15
φέρει/-ουν,1,0.15
άξονα-εςς,1,0.15
σώτρου,1,0.15
απόκλιση/-εις,1,0.15
συνιστώμενη/-ε,1,0.15
διευθυντήριου/-ων,1,0.15
σχηματικό/-ά,1,0.15
διάγραμμα/-τα,1,0.15
σιαγόνων,1,0.15
πλινθίων,1,0.15
σιαγόνας,1,0.15
λειτουργικό,1,0.15
δευτερεύον,1,0.15
αναγεννητικός,1,0.15
1/άξονα,1,0.15
2/άξονα,1,0.15
αμαξωμα,1,0.15
κλειδαρία,1,0.15
180o,1,0.15
πρόσω,1,0.15
αλεξήνεμο,1,0.15
αλεξήνεμος,1,0.15
υαλοκαθαριστήρας/-ες,1,0.15
όψεων,1,0.15
θέση/-εις,1,0.15
σχεδιασμένη/-ες,1,0.15
καθίσματος/-ων,1,0.15
συνάρμοσής,1,0.15
αφαιρέσιμο,1,0.15
τύπο/-ους,1,0.15
θερμάστρα,1,0.15
μετωπικής,1,0.15
συμπεριλαμβανομένης/-ων,1,0.15
φωτογραφίας/-ών,1,0.15
σχεδίου/-ων,1,0.15
προτάσσω,1,0.15
9.10.6.1,1,0.15
υδρογόνου,1,0.15
σύνθετο,1,0.15
στρωμάτων,1,0.15
ταπετσαρία,1,0.15
/.,1,0.15
τοιχίο,1,0.15
διαρρεόμενος,1,0.15
εμπροσθίου,1,0.15
οπισθίου,1,0.15
απώτατου,1,0.15
αντιστάσεων,1,0.15
σχετική/-ές,1,0.15
διάταξη/-εις,1,0.15
διάταξης/-εις,1,0.15
στερεώσεων,1,0.15
εμβλημάτων,1,0.15
κοιλωμάτων,1,0.15
διαστασιολογημένας,1,0.15
στρέψης,1,0.15
προφυλακτήρας,1,0.15
6.2.6.1,1,0.15
ημιρυμουλκουμενων,1,0.15
τοποθετημένης/-ων,1,0.15
βραχιόνων,1,0.15
ηχητικό/-ά,1,0.15
όργανο/-α,1,0.15
συσκευής/-ών,1,0.15
οποίο/-α,1,0.15
συστήματος/-άτος,1,0.15
πομπής,1,0.15
hz,1,0.15
σχηματικέ,1,0.15
αναπαραστάσεις,1,0.15
υποβάλλεται/-ονται,1,0.15
διάταξή,1,0.15
πουλμαν,1,0.15
s0,1,0.15
καταπακτές,1,0.15
κλιμακοστάσιο,1,0.15
ημικλιμακοστάσιο,1,0.15
διαμερισμάτος,1,0.15
επιγονάτιση,1,0.15
υπερκατασκευές,1,0.15
επιδειώνχ,1,0.15
ορθίος,1,0.15
αμαξιδίου,1,0.15
σχάρα,1,0.15
μπαγκαζιέρες,1,0.15
επικινδυνων,1,0.15
περιφράγμα,1,0.15
ταχογράφου,1,0.15
θερμαστρών,1,0.15
ανακτησιμοτητα,1,0.15
προεπεξεργασία,1,0.15
ανακυκλώσιμο,1,0.15
ανακυκλώσιμα,1,0.15
ανακυκλωσιμότητας,1,0.15
ακυκ,1,0.15
μακρύτερο,1,0.15
κατασκευαστής/-ές,1,0.15
ημιτελούς/-ώνς,1,0.15
κινησης,1,0.15
παράγραφο12,1,0.15
εμπίπτει/-ουν,1,0.15
pdf,1,0.15
πρωτότυπο/-α,1,0.15
ονοματεπώνυμο/-α,1,0.15
δείγμα/-τα,1,0.15
εξουσιοδοτημένο/-α,1,0.15
υπογράφει/-ουν,1,0.15
πλήρης/-εις,1,0.15
ολοκληρωμένη/-ες,1,0.15
2018/858].,1,0.15
πράξη(107,1,0.15
pixel,1,0.15
~7,1,0.15
εθνικης,1,0.15
εκδίδον,1,0.15
κύκλος4,1,0.15
χιλιομέτρηση,1,0.15
-hev,1,0.15
ανυψούμενου/-ων,1,0.15
κυκλοφορία4,1,0.15
o3/o4,1,0.15
λιθουανία·,1,0.15
ks,1,0.15
πενταψήφια,1,0.15
προβλεπόμενη/-ες,1,0.15
πινακίδα/-ες,1,0.15
2018/932,1,0.15
13-h,1,0.15
123ης,1,0.15
γράμματος,1,0.15
127)της,1,0.15
160000,1,0.15
τηc,1,0.15
ηρεμία,1,0.15
πετρελαιοκινητήρων,1,0.15
ελάχ./μέγ,1,0.15
low,1,0.15
κυψέλα,1,0.15
συσχετισμένος,1,0.15
1/i,1,0.15
17025:2017,1,0.15
χαρτιου,1,0.15
πλαστογραφησης,1,0.15
προβαλλόμενο,1,0.15
fdsc,1,0.15
2.2.διαδικασία,1,0.15
υγραερίων,1,0.15
2016/1829,1,0.15
20.10.2016,1,0.15
niv,1,0.15
2021/473,1,0.15
έντυπης,1,0.15
ακουστούν,1,0.15
καθαρά·,1,0.15
τίτλο«τι,1,0.15
επενδύθηκε,1,0.15
τίτλο«ποιοι,1,0.15
στοχαστικά,1,0.15
τέσσερις,1,0.15
πληθωρισμού·,1,0.15
τίτλο«ποιο,1,0.15
εύκολη·,1,0.15
αποταμιεύσει,1,0.15
καιροσκοπικός,1,0.15
κατανεμηθέντα,1,0.15
αποχωρούντας,1,0.15
αποχωρούντα,1,0.15
υποχαρτοφυλάκια,1,0.15
25.7.2019,1,0.15
12.4.2017,1,0.15
ευκρινώςς,1,0.15
ματιά,1,0.15
σενάριο·,1,0.15
λογότυπό,1,0.15
μετακομίσω,1,0.15
κινήτρων·,1,0.15
αναλύσουν,1,0.15
γραφήματο,1,0.15
μεθοδολογιες,1,0.15
απώλεια·,1,0.15
"16,55",1,0.15
"19,75ς",1,0.15
"43,25",1,0.15
"22,55",1,0.15
"31,55",1,0.15
"50,55ς",1,0.15
"19,4",1,0.15
"-20,25",1,0.15
"-16,5",1,0.15
"-11,25",1,0.15
"-23,5",1,0.15
"-20,3",1,0.15
"-23,55",1,0.15
"-16,6",1,0.15
"-11,3",1,0.15
"-14,55ς",1,0.15
"-23,6",1,0.15
"-14,6",1,0.15
"1,08",1,0.15
"1,45",1,0.15
"2,035",1,0.15
"1,455",1,0.15
"1,17",1,0.15
"0,99ς",1,0.15
"1,045",1,0.15
"1,615",1,0.15
"1,26",1,0.15
"1,05",1,0.15
συσσώρευσης·,1,0.15
σπονδυλωτής,1,0.15
τέλειας,1,0.15
y(t,1,0.15
θεώρημα,1,0.15
λi,1,0.15
r(t,1,0.15
cox-ingersoll-ross,1,0.15
πi,1,0.15
kθ,1,0.15
σ2,1,0.15
π(t,1,0.15
αναγάγουν,1,0.15
λeq,1,0.15
υπολογίζοντάς,1,0.15
10ετία,1,0.15
επιλύεται,1,0.15
ηλικιακός,1,0.15
a(max,1,0.15
ηλικία)2,1,0.15
"-0,15",1,0.15
"0,011·",1,0.15
συναθροισμένων,1,0.15
brigo,1,0.15
pi,1,0.15
φ(t,1,0.15
εφικτό–,1,0.15
μηχαναναγνώσιμος,1,0.15
δεκαδικών).http://ec.europa.,1,0.15
eu/competition/mergers,1,0.15
cases/index/nace,1,0.15
_all.html,1,0.15
καρτα,1,0.15
εξυπηρετουμενο,1,0.15
απώλεσε,1,0.15
επλήγη,1,0.15
vstoxx,1,0.15
δεσπόζοντος,1,0.15
διαδραμάτισαν,1,0.15
διαμορφούμενος,1,0.15
–ενδεχομένως,1,0.15
σημαντικών–ς,1,0.15
διαγιγνώσκω,1,0.15
πληττόμενου,1,0.15
τονίστηκε,1,0.15
προσέγγισε,1,0.15
cnmv,1,0.15
αναμίνομαε,1,0.15
ήρθη,1,0.15
financiers,1,0.15
αθηνών,1,0.15
χρηματιστηρίου,1,0.15
wbah,1,0.15
αποσκοπούσαν,1,0.15
ικανοποίησαν,1,0.15
μακρόπνοης,1,0.15
θεωρηθεούν,1,0.15
2021/558,1,0.15
αναδιανεμηθούν,1,0.15
απελευθερώζω,1,0.15
κεκτημένων,1,0.15
ανοίγματος.»·,1,0.15
δα,1,0.15
1του,1,0.15
υποκατάστασή,1,0.15
519ας,1,0.15
τελειοποιώ,1,0.15
επικράτησαν,1,0.15
σηματοδοτήνω,1,0.15
αμείωτος,1,0.15
blue-chip,1,0.15
14αβ,1,0.15
1443,1,0.15
1486,1,0.15
14ακθ,1,0.15
14αλβ,1,0.15
14αλγ,1,0.15
1317,1,0.15
14αλδ,1,0.15
2326,1,0.15
14αλστ,1,0.15
14αλζ,1,0.15
2227,1,0.15
14αλη,1,0.15
1230,1,0.15
14ιβ,1,0.15
1608,1,0.15
4ιζ,1,0.15
31βγαιδ,1,0.15
31βγαιε,1,0.15
0377,1,0.15
31βγαιστ,1,0.15
2269,1,0.15
2274,1,0.15
31βγαιη,1,0.15
2275,1,0.15
31βγαιθ,1,0.15
31βγακ,1,0.15
31βγακα,1,0.15
2278,1,0.15
31βγιθ,1,0.15
2251,1,0.15
μεταγενέστερη.”·,1,0.15
2017/323,1,0.15
2016/2274,1,0.15
25.2.2017,1,0.15
81/2019,1,0.15
14αστ,1,0.15
1423,1,0.15
0526,1,0.15
0861,1,0.15
0591,1,0.15
0625,1,0.15
1798,1,0.15
342/2014,1,0.15
εεl,1,0.15
συμπεριλήψεις,1,0.15
2019–ιουνίου,1,0.15
βγ,1,0.15
αναλόγως.»·,1,0.15
ληξιπρόθεσμο.»·,1,0.15
εκτελεστές.»·,1,0.15
19.12.2017,1,0.15
2019/37,1,0.15
17.12.2019,1,0.15
2021/178,1,0.15
2020/641,1,0.15
copvid-19,1,0.15
10θ,1,0.15
2014/56/εε,1,0.15
2021/527,1,0.15
απλούστερα,1,0.15
2020/1691,1,0.15
2020/47,1,0.15
διαγράφεται•,1,0.15
)»•ς,1,0.15
αποσταθεροποιήσω,1,0.15
φιλόδοξος,1,0.15
ορίσθηκε,1,0.15
εξυπακούω,1,0.15
απρόσφορη,1,0.15
ευρήμα,1,0.15
αποκαλώ,1,0.15
ενεχομένου,1,0.15
άρθρου1,1,0.15
ενεχόμενου,1,0.15
56ας,1,0.15
ανήκουσες,1,0.15
ευθυγραμμισθούν,1,0.15
διακανονιστικός,1,0.15
αυτής(6,1,0.15
ζωής)(8,1,0.15
ζωής)(9,1,0.15
αξιών(11,1,0.15
ομίλου(12,1,0.15
αυτής(17,1,0.15
δραστηριοτήτων(22,1,0.15
79/239/εοκ(23,1,0.15
συμβουλίου(25,1,0.15
93/22/εοκ(26,1,0.15
δραστηριοτήτων(28,1,0.15
δραστηριοτήτων(29,1,0.15
'συμμετοχή',1,0.15
διαρθρωμένοι,1,0.15
δραστηριοτήτων(30,1,0.15
22.10.2002,1,0.15
μειζόνων,1,0.15
οσεκα)(14,1,0.15
λογαριασμούς(15,1,0.15
2474/2000(2,1,0.15
οφείλετος,1,0.15
3420/83(3,1,0.15
1138/98(4,1,0.15
560/2002,1,0.15
επιτροπής(5,1,0.15
1287/2002(6,1,0.15
1998-2001,1,0.15
1917/2000,1,0.15
1172/95,1,0.15
εμπορίου(7,1,0.15
1669/2001(8,1,0.15
επιτροπής(9,1,0.15
αρχών-πλαισίο,1,0.15
περικοπεί,1,0.15
γκρίζων,1,0.15
walls,1,0.15
ευσυνείδητα,1,0.15
εύρωστα,1,0.15
αποκομισθέντα,1,0.15
οριζομένη,1,0.15
δημοσιοποιήσουν,1,0.15
αποτελεσματικώς,1,0.15
μεμονωμένως,1,0.15
ομόσπονδας,1,0.15
mε,1,0.15
συνεννοούνται,1,0.15
δημοσιεύονται(10ς,1,0.15
επιτροπής(8,1,0.15
εγκλημάτων,1,0.15
ισοζύγιση,1,0.15
προπάντων,1,0.15
αξιών(9,1,0.15
ελλιπός,1,0.15
πληροφοριών(6ς,1,0.15
συνθηκός,1,0.15
δημοσιοποιηθείσος,1,0.15
λειτουργήματος,1,0.15
καταπολεμώ,1,0.15
αυτοεπόπτευσης,1,0.15
προτεινομένος,1,0.15
25.9.2002,1,0.15
παπανδρέος,1,0.15
συνθήκης(3,1,0.15
γήρας,1,0.15
ισόβιας,1,0.15
προέχει,1,0.15
κεφαλαιώδος,1,0.15
80/987/εοκ,1,0.15
εξομοιούνται,1,0.15
ring-fenced,1,0.15
αντεπεξέλθουν,1,0.15
εξεδήλωσε,1,0.15
επιβλεπόντων,1,0.15
1408/71(5,1,0.15
73/239/εοκ(7,1,0.15
85/611/εοκ(8,1,0.15
2000/12/εκ(10,1,0.15
χρηματοδοτουσών,1,0.15
εφό,1,0.15
θεσπισμένοι,1,0.15
πληροφορημένα,1,0.15
σχέσεως,1,0.15
-ειδικότερα,1,0.15
απεικονίζουσα,1,0.15
τηρουμένης,1,0.15
προσιδιάζοντα,1,0.15
εαυτόν,1,0.15
κολασθώ,1,0.15
αναφύω,1,0.15
αναφυόμενος,1,0.15
χριστοδουλάκης,1,0.15
14.3.2002,1,0.15
μισθωτούς,1,0.15
10.7.2001,1,0.15
5.3.2002,1,0.15
2000/28/εκ,1,0.15
27.10.2000,1,0.15
καταθετήριο,1,0.15
απόκομμα,1,0.15
γνώσεών,1,0.15
oι,1,0.15
tο,1,0.15
θεσπισθεί(-ούν,1,0.15
διοικητική(-ές,1,0.15
επιδιωκομένων,1,0.15
δηλούται,1,0.15
διαπαραπομπός,1,0.15
ενσωματωθείσε,1,0.15
οποιοι,1,0.15
καταρτιζόμενος,1,0.15
καθορισθέντα,1,0.15
αρμόδια(-ες,1,0.15
ένδικα,1,0.15
καταργηθείσα,1,0.15
89/298/εοκ,1,0.15
2001/528/eκ,1,0.15
αξιών(10,1,0.15
καταθέσεων(12,1,0.15
ιδρυμάτων(14,1,0.15
προτύπων(15,1,0.15
αξίες(6,1,0.15
καθιέρωσαν,1,0.15
αποσπασματικός,1,0.15
80/390/eοκ,1,0.15
ενσωματώθηκε,1,0.15
πανηγυρικός,1,0.15
ταχέων,1,0.15
περιέχοντα,1,0.15
υποσκάψουν,1,0.15
επιτροπή(11,1,0.15
νομισματαγορά,1,0.15
περιέχον,1,0.15
εκατομμύια,1,0.15
27.2.2003,1,0.15
417,1,0.15
27.5.2003,1,0.15
απεφάσισε,1,0.15
πληροφορίεςπαραρτημα,1,0.15
κοινούπαραρτημα,1,0.15
αναγιγνωσκόμενο,1,0.15
ισόρροπου,1,0.15
-ανάλογος,1,0.15
θεσπισθομαί,1,0.15
πρακτορικός,1,0.15
συντμώ,1,0.15
επιτήδευμα,1,0.15
επενδυτών(20,1,0.15
επανορθώσει,1,0.15
μέλλουσος,1,0.15
ζητούμενου,1,0.15
αγοράς)(21,1,0.15
91/308/eok,1,0.15
δραστηριότητες(22,1,0.15
συνήθηε,1,0.15
μεγαλύτεροςς,1,0.15
αναιτίως,1,0.15
2001/34/εκ(23,1,0.15
ανώμαλων,1,0.15
εξουσιεσκαι,1,0.15
προσφυγης,1,0.15
παρεμποδίζοντα,1,0.15
αρμοδίας,1,0.15
εγγράφων(24,1,0.15
μορφών(25,1,0.15
διαβουλεύσεις,1,0.15
τιμωρήνω,1,0.15
2001/528/εκ(26,1,0.15
(28,1,0.15
(29,1,0.15
(30,1,0.15
(31,1,0.15
συζητήσεώ,1,0.15
(32,1,0.15
βαθµός,1,0.15
σύµφωνα,1,0.15
µε,1,0.15
διαμεσολάβηση(37,1,0.15
την(40,1,0.15
(41,1,0.15
(42,1,0.15
(43,1,0.15
(44,1,0.15
εμπίπτον,1,0.15
πραγματογνωσίας,1,0.15
21ος,1,0.15
οριζόμενοι,1,0.15
(34,1,0.15
μέσων(35,1,0.15
μέσων(39,1,0.15
πολυσύνθετος,1,0.15
ζωής(8,1,0.15
συνιστάμενες,1,0.15
ιδρυμάτων(9,1,0.15
κεφαλαιακής,1,0.15
επανεξετασθεί,1,0.15
"ασφάλειας,(12",1,0.15
διαφαίνω,1,0.15
αυτών.(13,1,0.15
διττός,1,0.15
δημοσιεύονται(14,1,0.15
κατανάλωσης(15,1,0.15
επιτροπή(16,1,0.15
υπηρεσίες/,1,0.15
εκκαθαριστός,1,0.15
της(17,1,0.15
συστηματικάγια,1,0.15
-κατά,1,0.15
-εντός,1,0.15
έντοκα,1,0.15
οσεκα)(18,1,0.15
λογαριασμούς(19,1,0.15
παρασχετέος,1,0.15
αυτοπρόσωπος,1,0.15
-5,1,0.15
υεεεκ,1,0.15
εκκαθαρισθεώ,1,0.15
διαπραγματεύσιμa,1,0.15
roche,1,0.15
internalisers).στην,1,0.15
ε(2001,1,0.15
γνήσια,1,0.15
χαιρέτησε,1,0.15
com(1999,1,0.15
απερίσκεπτος,1,0.15
αναφερθέντες,1,0.15
θερμοκηπιακός,1,0.15
συνεπαγόμενους,1,0.15
εναλλάξιμοι,1,0.15
ενδιαφερόντος,1,0.15
διοικητός,1,0.15
δεσμοποιώ,1,0.15
εαυτά,1,0.15
της«ομαδικός,1,0.15
κλίνω,1,0.15
ελαχιστοποιήζω,1,0.15
ανακύκληση,1,0.15
εφικτής,1,0.15
συντοπισμό,1,0.15
συντοπισμός,1,0.15
υπεραντιδράσω,1,0.15
προϋπάρχω,1,0.15
καλό,1,0.15
δόλιων,1,0.15
αλγοριθμικοί,1,0.15
καταχρηστικότητα,1,0.15
αποβλέποντας,1,0.15
δραστηριοποιηθεί,1,0.15
πολυπλοκότερο,1,0.15
αναιρέσει,1,0.15
τρόπων,1,0.15
κατακτήζω,1,0.15
μη-οσεκα,1,0.15
δεσμοποίησης,1,0.15
διαβάω,1,0.15
πεπερασμένη,1,0.15
επιτελένω,1,0.15
internalisers,1,0.15
κάννες,1,0.15
στριμώγματος,1,0.15
περιττού,1,0.15
ομαλότερη,1,0.15
μέρει)·,1,0.15
γ.6,1,0.15
–κατά,1,0.15
–εντός,1,0.15
αδειοδοτηθεί·,1,0.15
κατευθείανς,1,0.15
αναρτημένη,1,0.15
όργανά,1,0.15
συνεργάτη,1,0.15
τηλεομοιοτυπικά,1,0.15
ζώσης,1,0.15
αντιγράψει,1,0.15
πλειάδα,1,0.15
κριτήριος,1,0.15
επιβαρύνσεών,1,0.15
β.1,1,0.15
αναχρηματοδοτείται,1,0.15
συναλλαγεί,1,0.15
αμφιβάλω,1,0.15
συμβούλα,1,0.15
βαθμονομεί,1,0.15
συγχρονίσουν,1,0.15
περιοριστικότερα,1,0.15
συμπίπτουν,1,0.15
ε.μη.δη.συς,1,0.15
xxxi,1,0.15
xxxiii,1,0.15
xxxv,1,0.15
xxxviii,1,0.15
αναρτώ,1,0.15
αποφευχθείσες,1,0.15
εκααα,1,0.15
προδιαπραγματευτικά,1,0.15
ασφαλιστικα,1,0.15
προϊοντα,1,0.15
εγκαταστήζω,1,0.15
1228/2003,1,0.15
εξώδικη,1,0.15
17.4.1998,1,0.15
19.4.2001,1,0.15
επαγγελματιες,1,0.15
θεσμικοί,1,0.15
τεστ,1,0.15
ηγετών,1,0.15
απομένοντα,1,0.15
—ανάλογα,1,0.15
περίπτωση—,1,0.15
πόσες,1,0.15
διαπραγματευόμενας,1,0.15
ληπτός,1,0.15
βαθμονομημένη,1,0.15
διεκδικήσουν,1,0.15
αδειοδοτήσεις,1,0.15
παρεμφερές,1,0.15
κατατάσσοντάς,1,0.15
εκκαθαρισμένα,1,0.15
αποπειρή,1,0.15
"7,75",1,0.15
απαλλαγών·,1,0.15
χρησιμοποίησής,1,0.15
μετα-συναλλακτικά,1,0.15
δεσμευτική(-ές,1,0.15
μικρότερο(-α,1,0.15
ίσο(-α,1,0.15
μηχανισμών·,1,0.15
προσβάσιμης,1,0.15
συντονιζόμενες,1,0.15
διαπραγματεύσιμα·,1,0.15
συμπιέσεις,1,0.15
διακριτικη,1,0.15
νεοσυσταθής,1,0.15
προϋπάρχον,1,0.15
30μηνης,1,0.15
μονού,1,0.15
διαφορετικές,1,0.15
διαβουλέυομαι,1,0.15
24ωρη,1,0.15
τηρεί·,1,0.15
ανακαλώντας,1,0.15
παρέχοντα,1,0.15
